ChartId,Song,Artist,StepArtist,Type,Level,SongType,BPM,NoteCount,Badges,PassDifficulty,ScoreDifficulty,ScoringLevel
c4e89c6d-5376-416a-a1be-9314318b5bf6,1948,SLAM,EXC,D,29,Arcade,240,,,Unrecorded,Underrated,
5597bd44-d785-4162-a4e0-b998d4391916,1949,SLAM,FEFEMZ & EXC,D,28,Arcade,220,,Brackets; Bracket Twists; Bursty,Unrecorded,Underrated,
b012f0df-381c-4a32-b77c-f3de0afeca24,Dead End,Cosmograph,DulKi,D,28,Arcade,212,,Brackets; Bracket Twists; Hold Footslides,Unrecorded,Underrated,
a7961355-965b-408a-ac86-881342873ea5,Neo Catharsis,TAG underground overlay,EXC,D,28,Arcade,120 ~ 120,,Brackets; Bursty; Doublesteps,Unrecorded,Underrated,
d068b5e6-d406-4302-99a1-dff191ce25bc,Paradoxx,SLAM & Nato,EXC,D,28,Remix,220,,10-Stairs; Cross-pad Transitions; Yog Walks,Unrecorded,Underrated,
602f440e-fea5-4843-aca2-3a43df9f9a4f,Appassionata,Cashew x D_AAN x Jehezukiel,EXC,D,27,Arcade,160 ~ 160,,Brackets; Bracket Drills; Bracket Runs,Unrecorded,Underrated,27.75
36e6f26f-e2a8-403b-b368-8a8e4194fdd0,Legendary Dominion,Laur,EXC,D,27,Arcade,210,,Brackets; Bracket Drills; Bracket Runs,Unrecorded,Hard,27.66
121f6304-1ea5-489d-a8cc-7528c4cd57c4,Freedom Dive,xi,EXC,D,27,Arcade,222.22,,Drills; Hold Footslides; Runs Without Twists,Unrecorded,Hard,27.55
76cd0cc1-41e4-4b86-b3b9-cc61fb07f58f,Ultimatum,Cosmograph,EXC,D,27,Arcade,202,,Bracket Runs; Hold Footslides; Hold Footswitches,Unrecorded,,
3ff4f643-ff94-4a65-9cc6-6efd497b3cc1,1950,SLAM,WINDFORCE,D,27,Arcade,200,1818,Bursty; Jumps; Staggered Brackets,Unrecorded,Underrated,27.33
02f20656-58e2-4258-90c3-2d3e3a54f7ab,Kugutsu,onoken,CONRAD,D,27,Arcade,220,,Bracket Drills; Bracket Runs; Mid-6 Doubles,Unrecorded,Underrated,27.2
385c68e5-e7da-4268-ab71-f824d12af82d,1948,SLAM,EXC,D,27,Arcade,240,,Bracket Drills; Bursty; Staggered Brackets,Unrecorded,Hard,27.11
0d5797e3-c319-4edc-be3f-02a9ff33f15f,L (PIU Edit),Ice,EXC,D,27,Arcade,155,1500,10-Stairs; Runs; Twists,Unrecorded,Medium,26.95
7710baeb-ac32-4342-98f8-b786b9595582,Shub Sothoth,Nato & EXC,NIMGO,D,27,Remix,220,2100,Bursty; Staggered Brackets; Twists,Unrecorded,Underrated,26.73
9db1f392-00e8-4c89-8045-de3bf128880b,ERRORCODE: 0,Doin remixed by SUNNY,SUNNY,D,27,Remix,200.1,2400,Brackets; Bracket Runs; Doublesteps,Unrecorded,Overrated,26.49
01e91108-7210-4ec6-93d3-9967095fcb89,BEMERA,Yahpp,BPM,D,26,Remix,210,1867,Anchor Runs; Bursty; Drills,Unrecorded,Hard,26.86
5a16969c-b47b-40de-940d-7a3ead5b712e,* this game does not exist *,litmus* x Ester,DulKi,D,26,Arcade,40 ~ 40,1600,Brackets; Bracket Twists; Yog Walks,Unrecorded,Hard,26.83
5e869c6e-cf84-43bb-a145-d41e4ab352a3,iRELLiA,HyuN,CONRAD,D,26,Arcade,204,,Bracket Drills; Bracket Runs; Hold Footslides,Unrecorded,Hard,26.81
667daea6-54d3-416c-b4c8-0914e3846175,Extreme Music School 2nd period feat. Nanahira,Massive New Krew & RoughSketch,NIMGO,D,26,Arcade,210,,Brackets; Bracket Twists; Splits,Unrecorded,Hard,26.75
93bff528-2ff8-42af-97c9-8ad8e9cde6a9,Super Akuma Emperor,REDALiCE,DIESEL,D,26,Arcade,240,1600,Footswitches; Jacks; Jumps,Unrecorded,Medium,26.67
9603cafa-75bf-4e94-a784-675ca5d0ef85,Conflict,Siromaru + Cranky,EXC,D,26,Arcade,160,1600,Co-op Pad Transitions; Runs; Runs Without Twists,Unrecorded,Hard,26.66
22ee894e-8601-4b55-9d04-c31187f8fa22,Mopemope,LeaF,EXC,D,26,Arcade,100,,Runs; Runs Without Twists; Twists,Unrecorded,VeryHard,26.65
b8345b63-9573-4cbe-9c31-082515c99eb2,OVERNIGHT FLOWER,P*Light,CONRAD,D,26,Arcade,210,1500,Doublesteps; Hands; Jumps,Unrecorded,Hard,26.64
18b40ac9-6f0a-4349-9645-9de2fce7c755,1948,SLAM,EXC,S,26,Arcade,240,,5-Stairs; Bracket Drills; Staggered Brackets,Unrecorded,Underrated,26.63
9f02350c-d5c2-493a-a72b-8d776ea9bb0c,Fracture Temporelle,Kurokotei,SUNNY,D,26,Arcade,232,1500,10-Stairs; Bracket Jumps; Co-op Pad Transitions,Unrecorded,VeryHard,26.57
523887e1-71cf-4ff4-8f1c-de4664c97115,QUATTUORUX,打打だいず Vs. Tanchiky Vs. からめる,FEFEMZ,D,26,Arcade,220,1737,Bracket Drills; Bracket Jumps; Hold Footslides,Unrecorded,Medium,26.56
caf2ff19-b68e-4d71-8aba-b9de789cda30,PRiMA MATERiA,Unknown,EXC,D,26,Arcade,187,,Bracket Runs; Bursty; Yog Walks,Unrecorded,Medium,26.54
0cfa4296-cade-4473-a642-5cc42fc65dec,CHAOS AGAIN,NAOKI underground -Ω-,SPHAM,D,26,Arcade,150 ~ 150,,Bracket Twists; Jacks; Twists,Unrecorded,Hard,26.53
d471e3ea-f742-4053-9c78-ef7cdbd8a0c5,Good Night - FULL SONG -,Dreamcatcher,EXC,D,26,FullSong,196,,10-Stairs; Cross-pad Transitions; Hold Footslides,Unrecorded,VeryHard,26.51
824580e6-04fd-403e-8861-6894366efcd5,Hercules,Abel,SPHAM,D,26,Arcade,195,,Doublesteps; Hold Footslides; Mid-6 Doubles,Unrecorded,Hard,26.5
3fe8df4f-835e-4024-be03-db56d2e42b8a,Cleaner,Doin,SANDSTORM & WINDFORCE,D,26,Arcade,203,1568,Anchor Runs; Bracket Runs; Jacks,Unrecorded,Medium,26.49
145c7ca9-5bac-44d0-ae23-a4f19b961b3a,PARADOXX - SHORT CUT -,SLAM & Nato,EXC,D,26,ShortCut,220,1500,Bursty; Footswitches; Yog Walks,Unrecorded,Hard,26.47
6ab51e6f-f457-4682-9bd7-561acd36df7f,Crimson Hood,Springhead,NIMGO,D,26,Arcade,190,1419,Brackets; Bracket Runs; Hands,Unrecorded,Medium,26.39
f1cd4cd4-87b5-4d13-ba51-c53eb5daaeac,Chimera,Yahpp,EHNE,D,26,Arcade,210,1500,Bursty; Hands; Twists,Unrecorded,Medium,26.38
fb4fceb0-b3ef-4746-9c94-ccdf87b8aca7,Vacuum Cleaner,Doin,WINDFORCE,D,26,Remix,222.22,2222,10-Stairs; Cross-pad Transitions; Drills,Unrecorded,Medium,26.37
9539d20a-52cb-46db-882e-0f7527d1f1fd,Brown Sky,Doin,DulKi,D,26,Remix,200,,10-Stairs; Hold Footslides; Staggered Brackets,Unrecorded,Medium,26.34
325a6073-ccda-41b6-9449-12be150ad5ab,Leather,Doin,WINDFORCE,D,26,Remix,200,1900,Brackets; Doublesteps; Jacks,Unrecorded,Hard,26.34
2126f64b-8fb6-408b-9415-27ed89d703b7,1949,SLAM,EXC,D,26,Arcade,220,1600,Bracket Drills; Bursty; Hold Footslides,Unrecorded,Medium,26.32
c438ba88-c957-4550-8b05-b44f31e7761b,Dignity,Crash,EXC,D,26,Arcade,195,1300,Co-op Pad Transitions; Cross-pad Transitions; Twists,Unrecorded,Easy,26.24
664088eb-405f-4749-aeee-4a2673673ac8,Dead End,Cosmograph,DulKi,D,26,Arcade,212,,Brackets; Bracket Drills; Bursty,Unrecorded,Medium,26.21
cca75626-9a7e-4112-9c22-b9d9fc4d8c53,Aragami,xi,FEFEMZ,D,26,Arcade,48 ~ 48,,Brackets; Bracket Runs; Drills,Unrecorded,Medium,26.08
4a624630-9afb-4b6b-8aaa-00ddc99a6ff9,Escape,D_AAN,BME & WINDFORCE,D,26,Arcade,220,,Brackets; Hands; Hold Footslides,Unrecorded,Easy,25.99
86d49a00-9a15-478e-a87e-176519b41d99,Shub Niggurath,Nato,EXC,D,26,Arcade,220,1660,Anchor Runs; Bursty; Staggered Brackets,Unrecorded,Medium,25.95
9abc8616-ab33-444a-a00d-219a3028df99,Repentance,Abel,WINDFORCE,D,26,Arcade,240,1446,10-Stairs; Jumps; Yog Walks,Unrecorded,Easy,25.91
1dea2f0b-e6bd-49c9-be2b-f176486a9200,Achluoias,D_AAN,EXC,D,26,Arcade,200,1600,Hands; Hold Footslides; Staggered Brackets,Unrecorded,Medium,25.86
17f0ce71-94b2-4a7e-a52a-a1e1295e7233,Catastrophe,rareguy & MonstDeath,CONRAD,D,26,Arcade,202,1400,Co-op Pad Transitions; Footswitches; Hands,Unrecorded,Easy,25.85
f8b37e1b-a368-4cd2-b5c2-ea807c00ce47,Dement ~After Legend~,Lunatic Sounds,EXC,D,26,Arcade,210,,Drills; Runs; Runs Without Twists,Unrecorded,Medium,25.83
24228275-4be2-492c-827d-afd6e38f2d8e,Solve My Hurt - SHORT CUT -,Doin,AbySS,D,26,ShortCut,234,1026,10-Stairs; Bracket Drills; Splits,Unrecorded,VeryEasy,25.83
b76877d2-7eb7-4021-b2a5-ed014dbb9ac8,Kokugen Kairou Labyrinth,A:llhα & ANE & 2riA,CONRAD,D,26,Arcade,215,1528,Bracket Drills; Bracket Runs; Cross-pad Transitions,Unrecorded,Easy,25.82
92092da0-19c1-4f3c-8f08-71dfff5ec10d,Prime Time,Cashew,AEVILUX,D,26,Remix,190,2000,Bracket Runs; Bracket Twists; Co-op Pad Transitions,Unrecorded,Medium,25.82
858821aa-3884-4612-87af-b5ec605cadbc,Doppelganger,MonstDeath,CONRAD,D,26,Arcade,210,1374,Jumps; Mid-4 Doubles; Mid-6 Doubles,Unrecorded,Easy,25.81
b408b6ee-eb43-416e-b377-78bbc494cab7,Paradoxx,SLAM & Nato,EXC,S,26,Remix,220,2100,Jacks; Side-3 Singles; Twists,Unrecorded,Underrated,25.81
e70d4d31-3f5f-4e67-a31e-b77a52114d79,Telling Fortune Flower,Koharu feat. Renyata,NIMGO,D,26,Arcade,200,1671,Drills; Mid-4 Doubles; Runs Without Twists,Unrecorded,Easy,25.75
01e79d7a-be09-4831-b636-dab48dbba662,Passacaglia,SynthWulf,AbySS,D,25,Arcade,175,1234,Jacks; Splits; Twists,Unrecorded,Underrated,26.56
bf8d32cb-aca4-4982-a5d3-f5709ad2dd8a,Ultimatum,Cosmograph,EXC,D,25,Arcade,202,1550,10-Stairs; Bracket Drills; Hold Footslides,Unrecorded,VeryHard,26.54
eaef46d4-df34-41ea-b201-4c2374256e8f,Legendary Dominion,Laur,EXC,D,25,Arcade,210,1500,Bracket Runs; Runs; Runs Without Twists,Unrecorded,VeryHard,26.53
67c16707-985c-43cd-a928-491acb2d0ee7,Heliosphere,BlackY,NIMGO,D,25,Arcade,182,1524,Anchor Runs; Drills; Yog Walks,Unrecorded,VeryHard,26.19
f76ca78e-a1ab-446f-ad2d-480b047648b3,Imperium,sakuzyo,EXC,D,25,Arcade,174,1250,Brackets; Bracket Drills; Bracket Runs,Unrecorded,Hard,26.05
c703b5ab-5ee4-4f37-a4c8-e76e8b76e822,The Stranger,ONF (온앤오프),CONRAD,D,25,Arcade,116,1338,10-Stairs; Hands; Yog Walks,Unrecorded,Hard,25.98
630c7449-6c0b-4803-b5a4-baa8b1bfe475,Dignity,Crash,KANG2 & IK,D,25,Arcade,195,1011,Co-op Pad Transitions; Cross-pad Transitions; Twists,Unrecorded,Hard,25.97
2d5666ed-b495-43b8-b71a-ac8c2386b585,Extreme Music School 1st period feat. Nanahira,Massive New Krew & RoughSketch,NIMGO,D,25,Arcade,210,1374,10-Stairs; Brackets; Splits,Unrecorded,Hard,25.87
9c6c249a-a975-45fd-af87-f58003eafcb6,Neo Catharsis - SHORT CUT -,TAG underground overlay,DIESEL,D,25,ShortCut,120 ~ 120,1400,Bursty; Doublesteps; Jumps,Unrecorded,VeryHard,25.87
61ce82ae-2687-478a-8474-9b38c28f5c43,Legendary Dominion,Laur,EXC,S,25,Arcade,210,1600,5-Stairs; Doublesteps; Twists,Unrecorded,VeryHard,25.83
2ccef7f9-083c-474d-91ae-b6ec1c5a5604,Etude OP 10-4,MAX,EXC,D,25,Arcade,176,,Anchor Runs; Runs; Runs Without Twists,Unrecorded,VeryHard,25.82
e3643a8e-6051-48fd-b199-86241c70599e,Appassionata,Cashew x D_AAN x Jehezukiel,EXC,S,25,Arcade,160 ~ 160,1600,Bracket Jumps; Footswitches; Sustained,Unrecorded,Hard,25.82
21bb6775-0fb3-481f-b607-18b0d33ff074,Xeroize,FE,WINDFORCE,D,25,Arcade,200,1500,Brackets; Doublesteps; Staggered Brackets,Unrecorded,Hard,25.81
70bf6ca2-2d5b-4704-97bb-f435cd8f4d2e,Can I friend you on Bassbook? lol,Camellia & Nanahira,DulKi,D,25,Arcade,128,1377,Brackets; Bracket Twists; Hands,Unrecorded,Medium,25.81
eea77c63-e968-4cbb-84cc-4bd35e22e975,Enjoy The Show,RiraN ft. Negoto Bunnyla,NIMGO,D,25,Arcade,160,1358,Doublesteps; Sustained; Twists,Unrecorded,Hard,25.8
54e2d9cd-46f4-4637-b3b8-20f70a84b3d7,Moonlight,BanYa,EXC,D,25,Arcade,180,1000,10-Stairs; Cross-pad Transitions; Jumps,Unrecorded,Hard,25.72
e4f1c501-4d98-4a32-a54b-2873a7fcdb65,Freedom Dive,xi,EXC,S,25,Arcade,222.22,2222,Drills; Runs; Runs Without Twists,Unrecorded,Medium,25.71
319be0d1-d6e3-40be-824a-ca15550ca298,Indestructible,Matduke,AEVILUX,D,25,Arcade,174,1400,Bracket Twists; Jacks; Staggered Brackets,Unrecorded,Hard,25.68
3f8bb884-3be0-4cc4-b4b8-771cfe031e98,Conflict,Siromaru + Cranky,EXC,D,25,Arcade,160,1500,Anchor Runs; Runs; Sustained,Unrecorded,Hard,25.67
f4b622f6-557c-40ed-8f28-3e6c82884bdb,GLORIA,Croire,CONRAD,D,25,Arcade,245,1456,Mid-4 Doubles; Mid-6 Doubles; Yog Walks,Unrecorded,Medium,25.66
9a13ce70-6e83-48bc-b4b5-428fe4a606a8,Hymn of Golden Glory,Essbee,NIMGO,D,25,Arcade,244,1350,10-Stairs; Bracket Drills; Bursty,Unrecorded,Hard,25.63
b6635dae-58a6-4b61-9f53-173cc78f75a1,F(R)IEND,D_AAN,OSING,D,25,Arcade,200,1414,Footswitches; Hold Footslides; Yog Walks,Unrecorded,Hard,25.59
848e0b4c-4f8d-41d4-bd34-7142e6fa488a,Kugutsu,onoken,CONRAD,S,25,Arcade,220,1768,Bracket Drills; Bracket Runs; Drills,Unrecorded,Hard,25.59
dfefcdce-4131-478e-816d-fe4b2c43fd7f,Solfeggietto,Unknown,WINDFORCE,D,25,Arcade,157,1500,Anchor Runs; Runs; Sustained,Unrecorded,Medium,25.59
e00b40b8-a134-472b-8657-65675b62515e,Chase Me - FULL SONG -,Dreamcatcher,NIMGO,D,25,FullSong,200,1812,Doublesteps; Staggered Brackets; Twists,Unrecorded,Medium,25.58
6144fe1e-5da1-4813-ad4a-f33bfbb6496d,Neo Catharsis,TAG underground overlay,EXC,S,25,Arcade,120 ~ 120,1600,Brackets; Bracket Twists; Doublesteps,Unrecorded,Hard,25.58
28c33f7f-2700-494b-96df-8a1a3de2379d,Dead End,Cosmograph,DulKi,S,25,Arcade,212,1500,Brackets; Bracket Jumps; Runs Without Twists,Unrecorded,Medium,25.57
70db394b-5ca0-42c5-b42f-bcad477aa5b8,Avalanche,Memme,EXC,D,25,Arcade,175,1450,Anchor Runs; Bracket Drills; Drills,Unrecorded,Hard,25.57
777f73df-f5a0-4da9-988e-0d89663ef7e6,1950,SLAM,WINDFORCE,D,25,Arcade,200,1515,Bursty; Jumps; Staggered Brackets,Unrecorded,VeryHard,25.54
442f1275-154d-460e-92ae-418002cc1435,INFiNiTE ENERZY -Overdoze-,Reku Mochizuki,refos,D,25,Arcade,180,1357,Brackets; Bracket Runs; Sustained,Unrecorded,Medium,25.54
0fccb50b-4b43-43d6-aa2b-0a94f862b289,SONIC BOOM,USAO,SUNNY,D,25,Arcade,205,1500,Brackets; Bracket Jumps; Doublesteps,Unrecorded,Medium,25.54
4f970cb2-589a-43a1-a80a-7509c94e730c,Caprice of DJ Otada,BanYa Production,ESC & WINDFORCE,D,25,Remix,180,1377,Co-op Pad Transitions; Jacks; Jumps,Unrecorded,Hard,25.52
2c592406-d613-49a0-bf21-66b1a8719d3b,Just Hold On (To All Fighters),void,NIMGO,D,25,Arcade,170,1481,Drills; Runs Without Twists; Yog Walks,Unrecorded,Medium,25.51
15cb8d93-4196-4b13-9c25-e8f19ab124fa,1950,SLAM,WINDFORCE,S,25,Arcade,200,1733,Bursty; Staggered Brackets; Twists,Unrecorded,Hard,25.51
ec0126ae-0d44-4f7c-8e7c-b95e74b12825,Further,Doin,WINDFORCE,D,25,Arcade,194,1444,Drills; Mid-4 Doubles; Mid-6 Doubles,Unrecorded,Medium,25.5
84bd1784-556a-4e18-a120-b8d13de03e5e,Yog-Sothoth,Nato,MINAMI,D,25,Arcade,200,1400,10-Stairs; Bracket Jumps; Cross-pad Transitions,Unrecorded,Medium,25.49
8e649a14-a83d-416e-8429-392d68b6baac,Heart Rabbit Coaster,Nato,FEFEMZ,D,25,Arcade,200,1322,Doublesteps; Jacks; Jumps,Unrecorded,Medium,25.49
4308e7cc-7f86-4edd-852c-173cbcd0da00,Ignis Fatuus(DM Ashura Mix),BanYa & DM Ashura,LUIZSAN & ANDAMIRO,D,25,Arcade,220,1475,Bracket Runs; Cross-pad Transitions; Jacks,Unrecorded,Medium,25.48
ad90dbe8-7ee9-420b-9daf-b6f68e60d171,Murdoch vs Otada,ESPITZ vs WONDERTRAVELER Project,FEFEMZ,D,25,Arcade,180,1436,Cross-pad Transitions; Hold Footslides; Twists,Unrecorded,Easy,25.45
ee07d7f1-0d42-4dad-9607-57dc7afe7218,The Last Rebellion,MonstDeath,GGWANG,D,25,Arcade,199,1300,Bracket Drills; Jacks; Jumps,Unrecorded,Medium,25.45
6b93b8ee-ba22-4367-bdc4-4ca05548fddd,INVASION,D_AAN,SPHAM,D,25,Arcade,220,1400,Bracket Jumps; Hold Footslides; Jumps,Unrecorded,Medium,25.44
ac726f31-865f-467f-9da1-46efc8d0e876,Nyarlathotep,Nato,EXC,D,25,Arcade,200,1500,Bracket Drills; Drills; Mid-6 Doubles,Unrecorded,Medium,25.42
c92fc4b9-abf3-40a0-9a68-249ae9e5fd50,Will-O-The-Wisp,BanYa,WINDFORCE,D,25,Arcade,210,1274,10-Stairs; Bracket Jumps; Bracket Twists,Unrecorded,Medium,25.36
b78c9d9d-6f8e-4530-a7ca-7589fdfd0ec1,Appassionata,Cashew x D_AAN x Jehezukiel,EXC,D,25,Arcade,160 ~ 160,1500,Bracket Runs; Mid-6 Doubles; Runs Without Twists,Unrecorded,Medium,25.36
c7fac24f-47c1-484a-9b59-d5a8a09365a9,Shub Sothoth,Nato & EXC,EXC,S,25,Remix,220,1850,Bursty; Drills; Twists,Unrecorded,Medium,25.33
fa313ede-03f4-4b91-838f-5535e1ceaf1c,Viyella's Nightmare,Laur,,D,25,Arcade,,1450,Brackets; Bracket Twists; Hold Footslides,Unrecorded,Hard,25.31
589bd007-6afd-469d-8a93-57137a77bba8,Pupa,Morimori Atsushi,DulKi,D,25,Arcade,202,1400,Bursty; Mid-6 Doubles; Splits,Unrecorded,Medium,25.26
57b47d8c-f7db-46f2-9e18-1e5b279a5fd3,Hymn of Golden Glory,Essbee,NIMGO,S,25,Arcade,244,1555,Bursty; Runs; Runs Without Twists,Unrecorded,Hard,25.25
caa7b527-c563-4715-99b5-19761d58b8ed,Paradoxx,SLAM & Nato,NIMGO,D,25,Remix,220,,Bursty; Mid-4 Doubles; Yog Walks,Unrecorded,Medium,25.21
121fb3ef-61a2-48b8-b1aa-cb1bbbfe8370,Darkside of The Mind,DJ Myosuke & Laur,refos,D,25,Arcade,220,1444,Brackets; Hands; Mid-6 Doubles,Unrecorded,Easy,25.21
50516ee4-5d1d-42ce-a52a-50dd639714a2,Avalanquiem,MAX & Memme,EXC,D,25,Remix,175,1645,Anchor Runs; Co-op Pad Transitions; Yog Walks,Unrecorded,Medium,25.21
f7bc8c30-dcb9-43d1-a722-780461937902,Can-can ~Orpheus in The Party Mix~ - SHORT CUT -,Sr. Lan Belmont,EXC,D,25,ShortCut,195,1192,10-Stairs; Runs; Twists,Unrecorded,Medium,25.2
f635e094-20b9-4555-97ae-58fd5c07d95d,Desaparecer,Applesoda vs MAX,EXC,D,25,Remix,174,1600,10-Stairs; Bracket Runs; Doublesteps,Unrecorded,Medium,25.2
cec064a6-822a-4e14-aee7-93cf26a19acd,Kugutsu,onoken,CONRAD,D,25,Arcade,220,1540,Anchor Runs; Bracket Runs; Drills,Unrecorded,Medium,25.16
76afef53-9a3f-4038-9b8b-abb59420e73c,Re:End of a Dream,uma vs. Morimori Atsushi,FEFEMZ,D,25,Arcade,212,1450,Bracket Jumps; Mid-4 Doubles; Mid-6 Doubles,Unrecorded,Medium,25.16
9fd1ed6d-2144-44aa-94f5-3efa0aaf360f,Galaxy Collapse,Kurokotei,SUNNY,D,25,Arcade,150 ~ 150,1300,Brackets; Bracket Jumps; Bracket Twists,Unrecorded,Medium,25.15
7a4a17ba-e877-4fff-a90b-aa560993a759,Ghroth,nato,DulKi,D,25,Arcade,212,1500,Bracket Drills; Bracket Runs; Bracket Twists,Unrecorded,Medium,25.15
acb1befd-60c6-4044-805b-09e157360b32,Uranium,Memme,WINDFORCE,D,25,Arcade,170,1111,10-Stairs; Jacks; Twists,Unrecorded,Easy,25.15
0051e6c9-b347-4235-9122-c676420b9a69,Cleaner,Doin,WINDFORCE,D,25,Arcade,203,1270,Bracket Drills; Bracket Runs; Jacks,Unrecorded,Medium,25.15
dd8211c6-418e-496a-a7bb-8cf18147825c,Ultimatum,Cosmograph,EXC,S,25,Arcade,202,1500,Anchor Runs; Bracket Runs; Runs Without Twists,Unrecorded,Medium,25.14
4a706ace-17bc-49cc-ba64-8db9f22b530b,Ghost Bloody Train,Fiverwater,CONRAD,D,25,Arcade,192,1500,Bracket Drills; Drills; Runs Without Twists,Unrecorded,Easy,25.14
bc78fcc0-280a-41d8-b4a7-1ff7a2d532b9,Eternal Universe,Quree,NIMGO,D,25,Arcade,200,1222,Doublesteps; Drills; Hands,Unrecorded,Easy,25.12
9fe90e16-6163-4214-b395-c642a7fa7d0a,MEGAHEARTZ,DJ Noriken,DulKi,D,25,Arcade,200,1300,Bracket Drills; Bracket Jumps; Doublesteps,Unrecorded,Easy,25.09
b1c2f5b5-a103-4c56-8b94-14558956e0fc,Fire Noodle Challenge,Memme,SPHAM,D,25,Remix,185,1650,Co-op Pad Transitions; Cross-pad Transitions; Mid-6 Doubles,Unrecorded,Medium,25.09
43db6123-71ef-40f0-95dc-f98a0d62dec0,Jupin,Sobrem,DulKi,D,25,Arcade,173,1203,10-Stairs; Jacks; Yog Walks,Unrecorded,Medium,25.09
634476a2-8910-4029-bda7-69f41d0179de,Banya-P Guitar Remix,BanYa Production,EHNE,D,25,Remix,120,1624,Cross-pad Transitions; Hold Footswitches; Twists,Unrecorded,Easy,25.06
7f2b2983-1760-4244-8075-445d8da0bd6f,YOU AND I,Dreamcatcher,EXC,D,25,Arcade,194,1433,Bracket Drills; Hold Footslides; Twists,Unrecorded,Medium,25.05
27421f4b-7a85-44de-a1e0-949f886b5f9d,Vacuum,Doin,SANDSTORM & WINDFORCE,D,25,Arcade,200,1500,Bracket Drills; Cross-pad Transitions; Staggered Brackets,Unrecorded,Medium,25.05
08603efa-a00a-4191-81b5-e41bf3e42a16,Neo Catharsis,TAG underground overlay,EXC,D,25,Arcade,120 ~ 120,1500,Brackets; Bracket Twists; Doublesteps,Unrecorded,Easy,24.99
0957c286-f2db-4dd5-8f13-b59be466aab0,Allegro Con Fuoco - FULL SONG -,DM Ashura,EXC,D,25,FullSong,156,2525,Anchor Runs; Drills; Mid-4 Doubles,Unrecorded,Easy,24.93
588e5cb1-e79c-4fd5-bdd7-cae21b0da250,†DOOF†SENC†,Kobaryo,CONRAD,D,25,Arcade,200,1417,Bracket Drills; Doublesteps; Jumps,Unrecorded,Easy,24.92
dc34d47f-3a55-46d6-893e-ed7f2e16d945,TRICKL4SH 220,Lite Show Magic,CONRAD,D,25,Arcade,220,1500,Bracket Jumps; Doublesteps; Jumps,Unrecorded,Easy,24.89
f6997662-405c-4876-975c-f1461101375d,ERRORCODE: 0,Doin remixed by SUNNY,SUNNY,S,25,Remix,200.1,2222,Brackets; Doublesteps; Footswitches,Unrecorded,Easy,24.84
6ac39108-e201-45ed-a8c2-f2daa5a34061,Break Through Myself feat. Risa Yuzuki,DJ Myosuke & Laur,CONRAD,D,25,Arcade,200,1400,Bracket Runs; Jumps; Mid-6 Doubles,Unrecorded,Medium,24.84
96ee327a-39b7-4d8a-8240-36c6e83a8c53,Odin,Gram,SPHAM,D,25,Arcade,200,1500,Drills; Hold Footswitches; Mid-6 Doubles,Unrecorded,Medium,24.84
25c2c8b2-f687-4c67-8e27-a23e7af83e42,Skeptic,Doin,WINDFORCE,D,25,Arcade,200.1,1500,Brackets; Bracket Drills; Jacks,Unrecorded,Medium,24.84
425ffbcf-f522-4aff-8019-2aedccf861fa,Spooky Macaron,Sobrem,CONRAD,D,25,Arcade,201,1414,Anchor Runs; Bursty; Mid-4 Doubles,Unrecorded,Easy,24.83
6423881e-36fb-49c4-93a3-ff891c88c5f3,Vacuum Cleaner,Doin,WINDFORCE,S,25,Remix,222.22,1609,Drills; Jacks; Side-3 Singles,Unrecorded,Easy,24.8
3b969b6d-8458-4ae9-864d-78586fddc95c,Underworld ft. Skizzo (PIU Edit.),MonstDeath vs Neutral Moon,CONRAD,D,25,Arcade,190,1420,Bracket Runs; Bracket Twists; Twists,Unrecorded,VeryEasy,24.75
cc412643-0d8a-4993-944f-ae183f776ba9,Human Extinction (PIU Edit.),MonstDeath,NIMGO,D,25,Arcade,199,1242,10-Stairs; Brackets; Bursty,Unrecorded,Easy,24.72
e565d15f-b795-4961-8296-8efa1453f3d7,Brown Sky,Doin,DulKi,S,25,Remix,200,1904,Jacks; Staggered Brackets; Sustained,Unrecorded,Easy,24.66
fdb937ed-03a1-411c-a54f-1b147971d19d,Gargoyle - FULL SONG -,Sanxion7,EXC,D,25,FullSong,150,4000,Drills; Runs Without Twists; Sustained,Unrecorded,Medium,22.5
1b15d5ec-52ee-4f86-8328-d2feb4a7c5d3,R.I.P,eicateve,EXC,D,24,Arcade,192,1500,Bracket Drills; Bracket Runs; Doublesteps,Unrecorded,Hard,27.69
63ae5352-e529-46a6-9c0e-8db8d955b40f,Nyarlathotep - SHORT CUT -,Nato,EXC,D,24,ShortCut,200,1300,Anchor Runs; Bursty; Drills,Unrecorded,Underrated,26.92
584b3d18-d27b-4538-8712-af09a5e9891f,Bee,BanYa,EHNE,D,24,Arcade,160,1012,Jacks; Twists; Yog Walks,Unrecorded,VeryHard,26.78
80f419b9-b968-48cf-8554-58923015fd33,MURDOCH,WONDERTRAVELER Project,NIMGO,D,24,Arcade,179,1124,Anchor Runs; Footswitches; Runs Without Twists,Unrecorded,Hard,26.22
336f7266-354d-49a3-8047-82fe16fe00df,Mental Rider,SQUAR,ENVYtic,D,24,Arcade,120 ~ 120,1092,Co-op Pad Transitions; Jumps; Twists,Unrecorded,VeryHard,26.19
6b62ca90-a820-4252-aed6-86a5cedd1296,Extreme Music School 2nd period feat. Nanahira,Massive New Krew & RoughSketch,NIMGO,D,24,Arcade,210,1498,Bracket Drills; Bracket Jumps; Jumps,Unrecorded,VeryHard,26.18
d35a222e-a53d-4129-8930-b9f21f05f6a0,Ghroth - SHORT CUT -,Nato,JUNARE,D,24,ShortCut,212,1308,Anchor Runs; Bursty; Runs Without Twists,Unrecorded,VeryHard,26.01
02551008-a9e5-4ab2-be14-2a2224880aec,Destr0yer,Unknown,EXC,D,24,Arcade,90,1300,Brackets; Hold Footslides; Twists,Unrecorded,VeryHard,25.75
64848754-910b-4e9e-a1b4-304d3b6b47b9,BEDLAM,SANY-ON,NIMGO,D,24,Arcade,183,1046,Bursty; Jacks; Staggered Brackets,Unrecorded,VeryHard,25.73
f5fe31b8-6249-4aac-9780-479a374f4c34,V3,Beautiful Day,NIMGO,D,24,Arcade,160,1268,Mid-6 Doubles; Runs; Twists,Unrecorded,VeryHard,25.73
56a5f5d7-4a55-4099-b60f-7d097272c48b,Giselle,Sobrem a.k.a. Widowmaker,DulKi,D,24,Arcade,128 ~ 128,1256,Bracket Runs; Bursty; Cross-pad Transitions,Unrecorded,VeryHard,25.71
83bf7f96-572a-48bd-a181-fb0772995fb9,Sorceress Elise,YAHPP,KANG2,D,24,Arcade,158,1500,Cross-pad Transitions; Staggered Brackets; Twists,Unrecorded,Hard,25.67
ea49f0d8-66c3-41ce-9441-d23adf9304f8,Extreme Music School 2nd period feat. Nanahira,Massive New Krew & RoughSketch,NIMGO,S,24,Arcade,210,1384,Bracket Jumps; Bracket Twists; Jumps,Unrecorded,Underrated,25.66
d32d705f-5db7-4b0e-8893-f4ee6a17a86d,Rush-Hour,litmus*,FEFEMZ,D,24,Arcade,112,1230,Footswitches; Mid-4 Doubles; Mid-6 Doubles,Unrecorded,Hard,25.63
aa7363ac-1199-4b70-ac88-753832f95938,Final Audition Ep. 2-2,Yahpp,EHNE,D,24,Arcade,200,1473,Bracket Runs; Bursty; Jacks,Unrecorded,Hard,25.54
7797fc82-8c82-4e62-a16d-86e782d42c7f,Mopemope,LeaF,EXC,D,24,Arcade,100,1000,Co-op Pad Transitions; Runs Without Twists; Yog Walks,Unrecorded,Hard,25.46
df0a1744-226e-4bfd-8f39-1afc63b70174,CHAOS AGAIN,NAOKI underground -Ω-,SPHAM,D,24,Arcade,150 ~ 150,1250,Bracket Twists; Hold Footslides; Mid-6 Doubles,Unrecorded,Hard,25.32
b9048764-8bc8-4728-9e5f-feb3e7ab3fb4,Papa Gonzales,BanYa,WINDFORCE,D,24,Arcade,145,1000,Bursty; Twists; Yog Walks,Unrecorded,Hard,25.28
2fddd950-3ea7-4072-beb6-3cf6b9118791,Dement ~After Legend~,Lunatic Sounds,AEVILUX,D,24,Arcade,210,1500,Anchor Runs; Mid-4 Doubles; Mid-6 Doubles,Unrecorded,Hard,25.25
53d5f464-0c79-4de3-ac18-3aa643b8a9af,Achluoias,D_AAN,EXC,D,24,Arcade,200,1400,Anchor Runs; Bracket Drills; Drills,Unrecorded,Hard,25.22
0ad421bc-0869-4801-bc5f-d53af311e301,BATTLE NO.1,TANO*C Sound Team,DulKi,D,24,Arcade,200,1400,Doublesteps; Jumps; Staggered Brackets,Unrecorded,Hard,25.2
70c67391-688c-433f-84af-37848a05e210,Katkoi,M2U,GGWANG,D,24,Arcade,180,1150,Drills; Runs; Twists,Unrecorded,Hard,25.14
c23e099e-7135-4b1c-8f0c-1c28f87e5980,We Love Your Step,EmoCosine,refos,D,24,Arcade,205,1444,,Unrecorded,Hard,25.14
7ab417aa-1a6c-4bd4-9080-e08ad1bf1de3,Sarabande,MAX,EXC,D,24,Arcade,157,1300,10-Stairs; Co-op Pad Transitions; Twists,Unrecorded,Hard,25.11
e8205005-00fc-4ae6-ae0b-d745c56e4460,T.B.H,QWER,NIMGO,D,24,Arcade,178,1286,Anchor Runs; Co-op Pad Transitions; Drills,Unrecorded,Hard,25.1
59adcfd7-2641-4099-92a1-b3788d07a0eb,Final Audition Ep. 2-X,Yahpp,BPM,D,24,Arcade,170,1485,Mid-6 Doubles; Staggered Brackets; Twists,Unrecorded,Hard,25.05
1b1b3232-888d-4b1e-bef7-b6cf896590ad,Pump me Amadeus,BanYa,EXC,D,24,Arcade,170,1000,Co-op Pad Transitions; Cross-pad Transitions; Twists,Unrecorded,Hard,25.01
47c9df41-b2d9-4780-8da8-8bb9c4089468,Hercules,Abel,SPHAM,S,24,Arcade,195,1500,Bracket Drills; Doublesteps; Staggered Brackets,Unrecorded,Hard,25
076cb51b-ac87-4538-b112-fa5f0b318c22,L (PIU Edit),Ice,EXC,S,24,Arcade,155,1450,5-Stairs; Runs; Twists,Unrecorded,Hard,24.96
3292fca9-7fd9-4968-b2cf-6321e328fb32,QUATTUORUX,打打だいず Vs. Tanchiky Vs. からめる,FEFEMZ,S,24,Arcade,220,1741,Bracket Jumps; Bracket Twists; Hold Footslides,Unrecorded,Hard,24.95
249334ea-9f9b-4844-ae5d-9cfa75ff4217,Allegro Con Fuoco,DM Ashura,BPM,D,24,Arcade,156,1174,10-Stairs; Twists; Yog Walks,Unrecorded,Medium,24.94
e69fe40f-6445-4b7a-b7dd-0acbaabbe7e7,Crash-Landing Rendezvous,Xyris,FEFEMZ,D,24,Arcade,128 ~ 128,1309,Anchor Runs; Doublesteps; Staggered Brackets,Unrecorded,Hard,24.93
f4635dbd-7281-43bd-b81a-292ae0187fc3,Freedom Dive,xi,EXC,D,24,Arcade,222.22,1400,Anchor Runs; Jacks; Mid-4 Doubles,Unrecorded,Hard,24.92
642d7158-37bc-4d18-ab51-6813f0f11fe3,OVERNIGHT FLOWER,P*Light,CONRAD,S,24,Arcade,210,1414,Bracket Twists; Doublesteps; Jumps,Unrecorded,Medium,24.91
1069f4f8-c3c3-4120-ac3a-9bc5a6f5687d,Leather,Doin,WINDFORCE,S,24,Remix,200,1850,Doublesteps; Sustained; Twists,Unrecorded,Hard,24.78
829604c8-f29d-45db-ba5e-5933236340bf,* this game does not exist *,litmus* x Ester,DulKi,D,24,Arcade,40 ~ 40,1500,Bursty; Staggered Brackets; Twists,Unrecorded,Hard,24.76
c693dc55-3414-4454-a99d-e96810efc669,Murdoch vs Otada - SHORT CUT -,ESPITZ vs WONDERTRAVELER Project,DIESEL,D,24,ShortCut,180,1156,10-Stairs; Anchor Runs; Bursty,Unrecorded,Medium,24.73
40be8bfe-7149-4627-8779-90702ddac3f7,Halcyon,xi,NIMGO,D,24,Arcade,40 ~ 40,1221,10-Stairs; Bursty; Yog Walks,Unrecorded,Hard,24.7
18f5464c-4264-4116-95ea-1f5a495e68c5,HTTP,Quree,NIMGO,D,24,Arcade,147,1118,Jacks; Mid-4 Doubles; Twists,Unrecorded,Medium,24.69
d2319242-e3e5-41cd-8682-bd2f692c143b,King’s Tomb,r300k,refos,D,24,Arcade,113,1234,,Unrecorded,Medium,24.65
8c89d9f4-e3ed-4082-8d90-fbc001b3498f,BEMERA,Yahpp,BPM,S,24,Remix,210,1858,Anchor Runs; Drills; Side-3 Singles,Unrecorded,Medium,24.63
58a3ddc5-7d45-4a31-94cf-5ca3cd3d3354,FFF,Doin,BPM,D,24,Arcade,200,1182,Bracket Twists; Jacks; Sustained,Unrecorded,Medium,24.6
1a32de5e-48e8-468e-895b-6d38e3f64902,Hyacinth,Yahpp,NIMGO,D,24,Arcade,193,1370,10-Stairs; Jacks; Twists,Unrecorded,Medium,24.58
93173e1b-aca0-4c12-ad11-71d650b54e95,Further,Doin,WINDFORCE,S,24,Arcade,194,1493,Drills; Sustained; Twists,Unrecorded,Medium,24.54
115a96e7-232f-4df0-bbc3-2f1ceba2f4b4,Skeptic,Doin,WINDFORCE,S,24,Arcade,200.1,1453,Brackets; Doublesteps; Jacks,Unrecorded,Medium,24.53
57dc8fd7-9fd2-4830-9ef6-3c1e7ca27d3a,Extravaganza - SHORT CUT -,BanYa,ANDAMIRO,D,24,ShortCut,195,1097,Anchor Runs; Jacks; Twists,Unrecorded,Medium,24.53
77d7c34d-f810-4988-bbfb-641a0a450afe,Crimson Hood,Springhead,NIMGO,S,24,Arcade,190,1495,Bracket Runs; Bracket Twists; Doublesteps,Unrecorded,Medium,24.53
f2a09c9d-cbb3-498d-a9bb-4c4f0c373869,PARADOXX - SHORT CUT -,SLAM & Nato,EXC,S,24,ShortCut,220,1400,5-Stairs; Bursty; Runs,Unrecorded,Medium,24.53
f7828777-b3ec-4cd1-8081-44c7a0347272,Vulcan,Memme,NIMGO,D,24,Remix,175,,Anchor Runs; Bursty; Twists,Unrecorded,Underrated,
33a34414-7e00-4472-8294-3f8560e5f7eb,Super Akuma Emperor,REDALiCE,DIESEL,D,24,Arcade,240,1400,Bursty; Jumps; Mid-4 Doubles,Unrecorded,Hard,24.5
53694e2f-5acb-45d4-8ec4-21e316e4aea6,ERRORCODE: 0,Doin remixed by SUNNY,SUNNY,D,24,Remix,200.1,1900,Bracket Drills; Co-op Pad Transitions; Cross-pad Transitions,Unrecorded,Medium,24.5
22d0d279-a3c0-40b5-b2ad-245a600e4d78,L (PIU Edit),Ice,EXC,D,24,Arcade,155,1300,Runs; Runs Without Twists; Yog Walks,Unrecorded,Medium,24.49
dd44cc6e-1e86-498a-9b6e-75586953d543,Curiosity Overdrive,t+pazolite,DulKi,D,24,Arcade,192,1207,Bracket Drills; Bracket Runs; Mid-6 Doubles,Unrecorded,Medium,24.48
9108913e-7239-470b-8be9-d6d7b92c3664,iRELLiA,HyuN,CONRAD,S,24,Arcade,204,1455,5-Stairs; Bracket Runs; Footswitches,Unrecorded,Medium,24.45
10b583ca-8164-46d9-bca5-531a62c4a145,Mr. Larpus,BanYa,ANDAMIRO,D,24,Arcade,190,1009,10-Stairs; Cross-pad Transitions; Twists,Unrecorded,Medium,24.45
5d47f71d-2f99-4a04-8179-7c8cfc46b29f,She Likes Pizza,BanYa,OSING,D,24,Arcade,229.5,1044,Bursty; Doublesteps; Yog Walks,Unrecorded,Medium,24.44
fcd89832-bee4-4c06-a8ce-c48ba2b56c83,PRiMA MATERiA,Unknown,EXC,S,24,Arcade,187,1600,Anchor Runs; Bracket Runs; Staggered Brackets,Unrecorded,Medium,24.44
c35e33c1-f572-450c-a696-db12fc09721a,Gun Rock,BanYa Production,JKD,D,24,Arcade,104,1000,Bracket Jumps; Jumps; Twists,Unrecorded,Hard,24.4
897a9820-02f2-4177-b274-68feb509da23,Ignis Fatuus(DM Ashura Mix),BanYa & DM Ashura,SANDSTORM,D,24,Arcade,220,1280,10-Stairs; Co-op Pad Transitions; Jacks,Unrecorded,Medium,24.38
8d939fcb-2bac-434a-86a7-1894fd6f7be1,Iolite Sky,Doin,WINDFORCE,D,24,Arcade,90,1406,Hold Footswitches; Jacks; Staggered Brackets,Unrecorded,Hard,24.37
91c273e3-fb75-46ca-af56-84a46576d311,Nade Nade,Doin,NIMGO,D,24,Arcade,100,1186,Bursty; Mid-6 Doubles; Runs Without Twists,Unrecorded,Medium,24.35
e6c35e14-0870-4e4b-a1ed-144a08cb13f9,Shub Niggurath,Nato,EXC,D,24,Arcade,220,1378,Bursty; Mid-4 Doubles; Mid-6 Doubles,Unrecorded,Medium,24.35
6e382541-ed1f-4369-8d7b-edca4ff7a87f,Awakening,typeMARS,refos,D,24,Arcade,150,1000,Bracket Twists; Hold Footslides; Hold Footswitches,Unrecorded,Medium,24.3
129fa22d-185c-43d7-b982-913cc3b8548d,Escape,D_AAN,BME,S,24,Arcade,220,1560,Brackets; Bracket Drills; Hold Footslides,Unrecorded,Easy,24.3
0803983c-9402-4fb1-827c-7c31e17bc664,Imprinting,Sakuzyo,EXC,D,24,Arcade,175,1445,Anchor Runs; Bracket Jumps; Mid-4 Doubles,Unrecorded,Medium,24.28
cf9f61d1-4987-4dfd-b7fc-3e532ebb4373,Super Akuma Emperor,REDALiCE,DIESEL,S,24,Arcade,240,1575,Drills; Jacks; Jumps,Unrecorded,Medium,24.27
bfb6e361-4598-4549-8983-bcc0ac78f3c2,Vector,Zekk,SPHAM,D,24,Arcade,178,1427,Cross-pad Transitions; Sustained; Twists,Unrecorded,Medium,24.26
cfa8b480-4bb7-4979-9cd6-d978cf0ae287,SUPER☆HARAGURO☆POP,Zekk,refos,D,24,Arcade,160,1212,Brackets; Bracket Runs; Bracket Twists,Unrecorded,Medium,24.26
28d2d34c-13c0-468c-b437-a39727fea5f7,Xeroize,FE,WINDFORCE,S,24,Arcade,200,1482,Doublesteps; Jumps; Twists,Unrecorded,Medium,24.26
e8058e85-c236-40b7-b55d-9e9d5c112ddf,Fracture Temporelle,Kurokotei,BME,S,24,Arcade,232,1341,5-Stairs; Bracket Drills; Drills,Unrecorded,Medium,24.22
8ff65e43-5aba-4e9c-b818-b82b0d898f72,Tantanmen,Memme,SUNNY,D,24,Arcade,185,1369,Bursty; Co-op Pad Transitions; Twists,Unrecorded,Medium,24.22
5c458492-fc8c-434b-bbf1-78957ffc1d2c,Beethoven Virus,BanYa,EXC,D,24,Arcade,162,1100,10-Stairs; Cross-pad Transitions; Twists,Unrecorded,Medium,24.21
6a9ceb5e-32bd-42de-a991-f89f69bd4030,Shub Niggurath,Nato,EXC,S,24,Arcade,220,1540,Anchor Runs; Bracket Drills; Bursty,Unrecorded,Medium,24.2
d13a492c-5706-4af1-8c26-696bde3dd2de,Murdoch vs Otada,ESPITZ vs WONDERTRAVELER Project,FEFEMZ,D,24,Arcade,180,1143,10-Stairs; Bracket Drills; Hold Footslides,Unrecorded,Medium,24.2
bf65ef1e-e0ca-4283-9d78-db2804db693d,QUATTUORUX,打打だいず Vs. Tanchiky Vs. からめる,FEFEMZ,D,24,Arcade,220,1632,Bursty; Mid-4 Doubles; Mid-6 Doubles,Unrecorded,Medium,24.2
130dfe98-1b2a-4e56-adfb-338f728f7f0a,E.O.N,HiTECH NINJA,CONRAD,D,24,Arcade,165,1322,Bracket Drills; Bracket Runs; Staggered Brackets,Unrecorded,Medium,24.19
24317200-b800-4aec-95f1-e20435509e65,PRiMA MATERiA,Unknown,EXC,D,24,Arcade,187,1500,Bursty; Runs Without Twists; Yog Walks,Unrecorded,Medium,24.17
003897f3-75e1-4ce3-ac2b-671b3bfffde8,Good Night - FULL SONG -,Dreamcatcher,EXC,S,24,FullSong,196,2400,Footswitches; Jacks; Staggered Brackets,Unrecorded,Medium,24.15
4b8ca7ef-88b8-4b92-a07a-e24294b59ba0,Yog-Sothoth,Nato,EXC,D,24,Arcade,200,1350,Jacks; Sustained; Yog Walks,Unrecorded,Medium,24.14
a4549f0f-6f3f-447c-8e99-bea3a639a5c9,Full Moon,Dreamcatcher,NIMGO,D,24,Arcade,190,1299,Anchor Runs; Bracket Twists; Twists,Unrecorded,Medium,24.13
a424eb10-9dcb-43b1-8799-40c56e6dfb6f,CHAOS AGAIN,NAOKI underground -Ω-,SPHAM,S,24,Arcade,150 ~ 150,1500,5-Stairs; Footswitches; Twists,Unrecorded,Medium,24.11
cbe33d46-ce7c-4d89-a194-651ad3bf2136,Unfelicitas,Fiverwater,SUNNY,D,24,Arcade,192,1301,,Unrecorded,Medium,24.1
928e19fd-bf8d-4a60-abc0-4851a38b2a4d,DISTRICT V,Zekk vs MAX,SUNNY,D,24,Remix,178,1650,10-Stairs; Bracket Runs; Doublesteps,Unrecorded,Medium,24.09
05713d7f-dcc3-4d8a-8aea-756b291fb956,Earendel,Palami feat.neur6sia,SUNNY,D,24,Arcade,180,1400,Bracket Runs; Jacks; Staggered Brackets,Unrecorded,Medium,24.05
fe8ce0aa-5b76-468d-a9e3-716a1cc32014,BLAZOR,WONDERTRAVELER Project,GGWANG,D,24,Arcade,161,1234,Jumps; Mid-6 Doubles; Twists,Unrecorded,Medium,24.05
aa6c0335-b2f8-47be-8b43-06eced26b777,Chobit Flavor,aran & t+pazolite,CONRAD,D,24,Arcade,180,1372,Bracket Twists; Mid-6 Doubles; Staggered Brackets,Unrecorded,Medium,24.04
a6732bbd-c82f-4292-bfc9-8f5577da3635,1948,SLAM,EXC,S,24,Arcade,240,1650,Drills; Jacks; Side-3 Singles,Unrecorded,Medium,24.04
dd43ecf5-ac68-4ec4-94e9-ddbcc8e1a0dd,Hercules,Abel,SPHAM,D,24,Arcade,195,1234,Bracket Drills; Bursty; Yog Walks,Unrecorded,Medium,24.03
050ba6a1-8a76-49d4-b46e-a974828f3672,Club Night,Matduke,AEVILUX,D,24,Arcade,170,1300,Anchor Runs; Bracket Drills; Bracket Runs,Unrecorded,Medium,24.03
227d7239-ef23-46ae-bd81-faef698f0c2c,Robot battle,CYO Style,EXC,D,24,Arcade,198,1300,10-Stairs; Runs Without Twists; Yog Walks,Unrecorded,Medium,24.02
f9cf82a5-d7ac-4ef8-85e4-92e7c7d88870,Slam,Novasonic,HUGE,D,24,Arcade,131.99,704,Brackets; Bracket Runs; Bracket Twists,Unrecorded,Medium,24.02
cc06239a-9a15-43a5-9835-04ec342d78a9,Doppelganger,MonstDeath,CONRAD,S,24,Arcade,210,1408,Jumps; Side-3 Singles; Sustained,Unrecorded,Easy,24
c555d962-1b36-4c09-8aef-e34e1d53195e,About The Universe,SOTUI & MIssionary,CONRAD,D,24,Arcade,180,1244,Brackets; Bracket Twists; Hold Footslides,Unrecorded,Medium,24
f83ee1b1-6a6d-466b-a4da-0a7c50e3008f,* this game does not exist *,litmus* x Ester,DulKi,S,24,Arcade,40 ~ 40,1500,Brackets; Hold Footslides; Jumps,Unrecorded,Medium,24
b568e94a-8d97-4d0e-83c3-68b8190bcba9,Harmagedon,HyuN vs lixound,SUNNY,D,24,Arcade,194,1300,10-Stairs; Anchor Runs; Runs Without Twists,Unrecorded,Medium,23.98
23b67927-52e5-4cf8-b9ac-bb627ae6fcbb,Brown Sky,Doin,DulKi,D,24,Remix,200,1860,Jacks; Mid-6 Doubles; Yog Walks,Unrecorded,Medium,23.98
7dae238a-c6cc-402d-90cd-35bacc33a537,CROSS SOUL,HyuN feat. Syepias,NIMGO,D,24,Arcade,200,1400,Anchor Runs; Twists; Yog Walks,Unrecorded,Medium,23.98
b130308f-d440-49a6-87d6-fee32305e039,BRAIN POWER,NOMA,SUNNY,D,24,Arcade,170 ~ 170,1234,Cross-pad Transitions; Doublesteps; Jacks,Unrecorded,Hard,23.97
b446ddc2-19bc-45c7-bd26-0fa9adbcb7ff,Crimson Hood,Springhead,NIMGO,D,24,Arcade,190,1327,Cross-pad Transitions; Mid-6 Doubles; Twists,Unrecorded,Medium,23.97
e200946b-edbd-42d9-b75f-7c040d475311,Annihilator Method,DM Ashura,NIMGO,D,24,Arcade,192,1313,Co-op Pad Transitions; Staggered Brackets; Sustained,Unrecorded,Medium,23.97
13c4e895-a17b-4980-acb9-aea357f82fcc,Human Extinction (PIU Edit.),MonstDeath,OSING,S,24,Arcade,199,1438,Bracket Drills; Bracket Runs; Twists,Unrecorded,Medium,23.97
7dc99b48-6c8f-4264-a6e5-61298ecabc90,VANISH,Applesoda,WINDFORCE,D,24,Arcade,174,1400,Anchor Runs; Runs; Runs Without Twists,Unrecorded,Medium,23.96
92ed266a-8d8e-4049-ac8d-ca49e8b5b4c3,Yoropiku Pikuyoro !,Bakusute Sotokanda Icchome,GGWANG,D,24,Arcade,198,1300,Hold Footslides; Jumps; Twists,Unrecorded,Medium,23.96
8051bf40-4334-450e-90e2-554a43ec3e0f,WI-EX-DOC-VA,Yahpp,BPM,D,24,Remix,195,1837,Cross-pad Transitions; Drills; Splits,Unrecorded,Easy,23.95
e24bc799-e43f-483a-851e-729d0c7e26da,Achluoias,D_AAN,EXC,S,24,Arcade,200,1500,5-Stairs; Staggered Brackets; Twists,Unrecorded,Easy,23.93
4e11adeb-80b2-4f4c-8ddd-c5a382b841c4,Beat of The War,BanYa,CONRAD,D,24,Arcade,140 ~ 140,1100,Bracket Runs; Bursty; Jumps,Unrecorded,Medium,23.93
e5ca451c-7d51-42eb-b928-596c49837a5c,Good Night,Dreamcatcher,NIMGO,D,24,Arcade,196,1420,10-Stairs; Cross-pad Transitions; Yog Walks,Unrecorded,Medium,23.93
d78f8436-5882-4f9e-8c04-2fbe80d76545,Neo Catharsis - SHORT CUT -,TAG underground overlay,DIESEL,D,24,ShortCut,120 ~ 120,1100,Brackets; Bracket Runs; Bursty,Unrecorded,Medium,23.92
e79ed16f-5f3d-4b9c-8235-e7828fce4dba,Final Audition Ep. 2-X,Yahpp,BPM,S,24,Arcade,170,1485,Bursty; Side-3 Singles; Twists,Unrecorded,Easy,23.91
44fddb72-d923-4c59-a5c2-272b15ebd26f,iRELLiA,HyuN,CONRAD,D,24,Arcade,204,1399,Drills; Jacks; Mid-6 Doubles,Unrecorded,Easy,23.9
4cb0db7f-469f-4f39-af6b-0fc3e0e50795,Aragami,xi,FEFEMZ,S,24,Arcade,48 ~ 48,1408,Anchor Runs; Bracket Runs; Drills,Unrecorded,Easy,23.89
671679c3-12b5-4228-873d-c3ab0ddf7c6c,Lucid(PIU Edit),Yak Won,HP,D,24,Arcade,40 ~ 40,1021,10-Stairs; Drills; Twists,Unrecorded,Medium,23.87
11d4873e-559b-4cc7-b717-7ca609ad459c,Hymn of Golden Glory - SHORT CUT -,Essbee,GGWANG,D,24,ShortCut,244,1300,Bracket Twists; Bursty; Staggered Brackets,Unrecorded,Medium,23.86
0e7635b6-8219-4824-98f9-a138d5766e00,"Dizzy Dance, Street Light",WyvernP,NIMGO,D,24,Arcade,128,1245,,Unrecorded,Easy,23.85
0cb192c7-1aa9-49c5-887e-abdb25e42dc4,ESP,Nato,CONRAD,D,24,Arcade,175,1200,Bracket Runs; Hands; Hold Footslides,Unrecorded,Hard,23.83
1272e1d6-2d5e-4e7e-ab32-c1ba4f2c7739,A Site De La Rue,STREME REVERIE,EXC,D,24,Arcade,186,1500,Brackets; Bracket Jumps; Jumps,Unrecorded,Medium,23.8
afc68d69-4387-4dbb-bef5-87222bf9112c,Dancing,Said,DulKi,D,24,Arcade,151,1300,Doublesteps; Jumps; Staggered Brackets,Unrecorded,Medium,23.79
097c626b-0028-4264-979c-9d23de757c87,Paved Garden,Ginkiha,OSING,D,24,Arcade,187,1364,Bracket Drills; Footswitches; Hold Footslides,Unrecorded,Medium,23.78
d5b9cdfd-2b68-4655-8f81-f6343f0db40c,Digitalis,NeLiME,SPHAM,D,24,Arcade,160,1313,Co-op Pad Transitions; Cross-pad Transitions; Twists,Unrecorded,Medium,23.76
90ef9653-03f6-45ae-9057-55f823150d10,Take Out,SHK,WINDFORCE,D,24,Arcade,170,1250,Bursty; Co-op Pad Transitions; Twists,Unrecorded,Medium,23.74
702c6e05-75cb-4e09-8c22-988160972a91,OVERNIGHT FLOWER,P*Light,CONRAD,D,24,Arcade,210,1313,10-Stairs; Mid-4 Doubles; Mid-6 Doubles,Unrecorded,Medium,23.72
b24014ca-ff41-4dd5-936e-143c496e541e,Mahika,The Musical Ghost,CONRAD,D,24,Arcade,188,1322,Bursty; Hold Footslides; Staggered Brackets,Unrecorded,Medium,23.68
ce46b7f0-9d16-44ab-b3e4-1a76691b7a9c,Crossing Delta,t+pazolite + Ginkiha + Hommarju,SPHAM,D,24,Arcade,180,1350,Brackets; Doublesteps; Hold Footslides,Unrecorded,Medium,23.66
bb4f4236-0647-4f28-a285-af0d22f057d7,Kasou Shinja,MAX,NIMGO,D,24,Arcade,170,1154,Mid-4 Doubles; Runs; Twists,Unrecorded,Medium,23.65
01cb8665-763d-4675-be39-e4b2a772053b,Goodtek,EBIMAYO,FEFEMZ,D,24,Arcade,190,1252,Bracket Drills; Bracket Runs; Mid-6 Doubles,Unrecorded,Easy,23.61
6e31752e-230f-46cf-a0a0-b357dae50db8,1948,SLAM,EXC,D,24,Arcade,240,1350,Jacks; Mid-4 Doubles; Mid-6 Doubles,Unrecorded,Medium,23.61
828c3d4f-b44b-450a-ab2a-9c1fcc863566,La Cinquantaine,Pory,SUNNY,D,24,Arcade,164,1357,Bursty; Doublesteps; Twists,Unrecorded,Medium,23.6
9b2c9b85-1d76-4dac-8b29-e462870b2818,DUEL,Cashew & D_AAN,FEFEMZ,D,24,Arcade,155,1073,Bracket Runs; Runs; Yog Walks,Unrecorded,Medium,23.58
edc20f67-6ad6-4b4a-8e70-48336eae8ce1,Rise Up (feat. Miori Celesta),memme,CONRAD,D,24,Arcade,190,1300,,Unrecorded,Medium,23.56
bf83f3e7-a523-48d2-b38a-b953b44d7110,The Apocalypse,HyuN feat. Elika,CONRAD,D,24,Arcade,171,1300,Cross-pad Transitions; Doublesteps; Twists,Unrecorded,Medium,23.53
67a1bfdd-296a-4cc6-b08b-82ad712cadf4,Alice in Misanthrope,LeaF,CONRAD,D,24,Arcade,154 ~ 154,1372,Brackets; Bracket Drills; Bracket Runs,Unrecorded,Medium,23.53
5b13b85d-4541-404e-a0c8-70ef1cbc3faa,Death Moon - SHORT CUT -,SHK,EXC,D,24,ShortCut,160,1300,10-Stairs; Runs; Twists,Unrecorded,Easy,23.44
6d8cb900-e837-48b1-a91c-895d8a53e7d1,Aragami,xi,FEFEMZ,D,24,Arcade,48 ~ 48,1349,Bursty; Drills; Runs Without Twists,Unrecorded,Easy,23.43
850c723f-0c07-4b5f-879e-c2b196229fa5,Doppelganger,MonstDeath,CONRAD,D,24,Arcade,210,1339,Jumps; Mid-4 Doubles; Mid-6 Doubles,Unrecorded,Easy,23.42
b7c5ad09-3070-43f7-afea-5afeebb15c0d,Horang Pungryuga,Sangnoksu feat. HANANA,EXC,D,24,Arcade,160,1300,Anchor Runs; Runs; Runs Without Twists,Unrecorded,Medium,23.41
ff649e0f-c4e4-4167-ad0f-e3baa124e913,PRiMA MATERiA - SHORT CUT -,xi,refos,D,24,Arcade,187,1439,,Unrecorded,Medium,23.25
e8553919-cb12-4f8a-8e17-a38a4462e399,Vanish 2 - Roar of the invisible dragon,Applesoda,SPHAM,D,24,Arcade,190,1309,10-Stairs; Bursty; Mid-6 Doubles,Unrecorded,Easy,23.22
84c7f9e4-0816-43b7-9339-7b63803fc973,ALiVE,REDALiCE,SPHAM,D,24,Arcade,170,1320,Anchor Runs; Cross-pad Transitions; Mid-6 Doubles,Unrecorded,Easy,22.91
afcfdf9d-daa6-4974-82b6-dc857e37ff22,4NT,PODA,OSING,D,24,Arcade,180,1200,Bracket Runs; Doublesteps; Mid-4 Doubles,Unrecorded,Medium,22.62
f3a7f5f2-4197-4465-a931-7e212c20f35e,"Phalanx ""RS2018 edit""",Cranky vs kors k,SPHAM,D,24,Arcade,145,1004,Bracket Drills; Bracket Runs; Bracket Twists,Unrecorded,Medium,22.5
0c971f10-e16f-4489-8157-c863b686f8b2,The Quick Brown Fox Jumps Over The Lazy Dog,Doin,NIMGO,D,24,Arcade,200,1426,Anchor Runs; Runs; Runs Without Twists,Unrecorded,Medium,22.39
57499742-722e-4ca3-af7f-3b0ad30cf2c9,SONIC BOOM,USAO,SUNNY,D,24,Arcade,205,1301,Bursty; Doublesteps; Jumps,Unrecorded,Easy,22.27
ef3f4e4e-2b75-44b4-b8a4-7d36073837f0,Barber's Madness,Klass E,,D,24,Arcade,,1234,Bracket Drills; Mid-4 Doubles; Twists,Unrecorded,Easy,22.26
2a00b95b-f4c5-4449-bce5-609a172e1697,Love is a Danger Zone pt. 2,BanYa,BPM,D,24,Arcade,162,1209,Jacks; Mid-4 Doubles; Twists,Unrecorded,Easy,22.25
5db04671-cdcc-45be-9942-f24e2dba1cc9,That Kitty (PIU Edit.),MonstDeath,SPHAM,D,24,Arcade,190,1326,Bracket Drills; Drills; Staggered Brackets,Unrecorded,Easy,22.22
c7787346-6c05-4931-aae7-56303e605d8b,Canon D - FULL SONG -,BanYa,BPM,D,24,FullSong,160,1822,Runs; Runs Without Twists; Sustained,Unrecorded,Medium,22.21
4fb8c155-57ab-4299-a5b3-8c3404dfa1a3,Perpetual,Qu-ail,CONRAD,D,24,Arcade,180,1149,Bracket Runs; Mid-6 Doubles; Runs Without Twists,Unrecorded,Easy,22.17
41e49ad2-c4fa-4538-99d4-3fd0920dd636,Jupin - SHORT CUT -,Sobrem,SPHAM,D,24,ShortCut,173,1111,Bursty; Runs; Runs Without Twists,Unrecorded,Easy,22.14
26654179-6824-45ec-8c9c-da112c95beaa,Cross Ray,HyuN,SUNNY,D,24,Arcade,176,1376,Runs Without Twists; Staggered Brackets; Sustained,Unrecorded,Easy,22.11
99ef1902-0027-4272-b75f-ee4c69ffbbeb,Full Moon - FULL SONG -,Dreamcatcher,BME,D,24,FullSong,190,1742,Runs; Runs Without Twists; Sustained,Unrecorded,Easy,21.94
954822a0-9647-4b52-b3af-c32afbed4f90,Ultimate Eyes,HyuN,SUNNY,D,24,Arcade,185,1330,Bracket Jumps; Bracket Runs; Staggered Brackets,Unrecorded,Easy,21.57
f7ca2cf4-0d04-4edc-b5d8-f38c685b2c51,Imperium,sakuzyo,EXC,D,23,Arcade,174,1100,Drills; Runs; Runs Without Twists,Unrecorded,VeryHard,26.56
4699a90d-fc87-49c0-bde2-766d878c2d7b,Sudden Appearance Image,Blacklolita,DulKi,D,23,Arcade,170,1200,Bracket Jumps; Hold Footswitches; Jumps,Unrecorded,Underrated,25.64
e9eb0919-e27a-4a95-8c47-1ce413f28d87,Solfeggietto,Unknown,WINDFORCE,D,23,Arcade,157,1211,Bracket Runs; Runs Without Twists; Staggered Brackets,Unrecorded,VeryHard,25.62
c5b4490e-f9ab-4512-ab00-021c473095db,Faster Z,Yahpp,WINDFORCE,D,23,Arcade,162,1228,Bursty; Cross-pad Transitions; Twists,Unrecorded,VeryHard,25.59
43f26510-dc01-42d6-8f28-87cf2045b18b,Final Audition Ep. 2-2,Yahpp,BPM,D,23,Arcade,200,1213,Bursty; Footswitches; Yog Walks,Unrecorded,VeryHard,25.56
0e78e17b-a697-46b6-beaf-b398894562df,Bemera - SHORT CUT -,Yahpp,BPM,S,23,ShortCut,210,1057,Bursty; Jacks; Side-3 Singles,Unrecorded,Hard,24.39
0b9c56f4-ac06-4523-8afc-923604a325da,Gargoyle,Sanxion7,BPM,D,23,Arcade,150,1300,Runs; Runs Without Twists; Sustained,Unrecorded,Hard,24.31
0dc7ead5-e61c-473d-aec1-848f21799547,Death Moon - SHORT CUT -,SHK,EXC,S,23,ShortCut,160,1107,Bursty; Drills; Side-3 Singles,Unrecorded,Medium,24.28
cbbb81bd-f545-4dc9-9be1-a3d7fe995757,Caprice of DJ Otada,BanYa Production,AHGOO,D,23,Remix,180,1000,Co-op Pad Transitions; Drills; Jumps,Unrecorded,Hard,24.23
8a8cb108-49db-4ca9-be98-ac5618ef6602,Dement ~After Legend~,Lunatic Sounds,EXC,S,23,Arcade,210,1500,Drills; Runs; Runs Without Twists,Unrecorded,Hard,24.21
4f5a3d9b-b7b8-45a9-ba79-789719019e48,The End of the World ft. Skizzo,MonstDeath feat. Skizzo,FEFEMZ,D,23,Arcade,150,1000,Doublesteps; Jumps; Sustained,Unrecorded,Hard,24.18
a4ccd215-9c68-46f9-baeb-5a9c7f9ecaf0,Extreme Music School 1st period feat. Nanahira,Massive New Krew & RoughSketch,NIMGO,S,23,Arcade,210,1239,Bracket Jumps; Bracket Twists; Twists,Unrecorded,Medium,24.16
12e7669e-3335-4ae9-bf3c-1125b1d3811f,Halloween Party ~Multiverse~,SHK,GGWANG,D,23,Arcade,160,1100,10-Stairs; Co-op Pad Transitions; Sustained,Unrecorded,Hard,24.1
277da5ab-4544-412c-b3a9-38842294e974,Prime Time,Cashew,AEVILUX,D,23,Remix,190,1500,Anchor Runs; Co-op Pad Transitions; Mid-4 Doubles,Unrecorded,VeryHard,24.09
a15d1f3f-49f1-4c6f-81d6-f1d2add59ec5,Heliosphere,BlackY,NIMGO,S,23,Arcade,182,1477,Drills; Side-3 Singles; Twists,Unrecorded,Hard,24.05
450cfcff-f739-415a-9256-78f5182c603c,Neo Catharsis - SHORT CUT -,TAG underground overlay,DIESEL,S,23,ShortCut,120 ~ 120,1200,Doublesteps; Jumps; Staggered Brackets,Unrecorded,Hard,24.01
2473bdae-3d57-4a61-a71b-be0862310732,Final Audition Ep. 2-1,Yahpp,EHNE,D,23,Arcade,170,1172,Bursty; Jacks; Twists,Unrecorded,VeryHard,24
4ef45349-efc1-48b6-9326-9f7a65058a59,Banya-P Classic Remix,BanYa Production,BPM,D,23,Remix,92 ~ 92,1213,Co-op Pad Transitions; Jacks; Twists,Unrecorded,VeryHard,23.96
17910c9f-41f7-4892-9f0c-8fa72768511b,Ghost Bloody Train,Fiverwater,CONRAD,S,23,Arcade,192,1400,5-Stairs; Bracket Drills; Twists,Unrecorded,Medium,23.93
d11b18eb-65ab-4377-a704-bdb132cdd7a5,The Quick Brown Fox Jumps Over The Lazy Dog,Doin,NIMGO,S,23,Arcade,200,1304,Brackets; Bracket Jumps; Doublesteps,Unrecorded,Hard,23.92
637b61d2-6e8e-448b-85b5-6b6c85579ce1,Extreme Music School 1st period feat. Nanahira,Massive New Krew & RoughSketch,NIMGO,D,23,Arcade,210,1307,Co-op Pad Transitions; Splits; Staggered Brackets,Unrecorded,Medium,23.89
eb9a0ee7-0675-42f7-b127-0b150655ce75,INVASION,D_AAN,SPHAM,D,23,Arcade,220,1200,Bracket Jumps; Hold Footslides; Jumps,Unrecorded,Medium,23.89
c5353022-c624-4f67-a664-af0ccc1e14d4,Pavane,Doin & V.A.,HP,D,23,Arcade,160,1080,Drills; Sustained; Twists,Unrecorded,VeryHard,23.89
b75d74fa-6a81-43db-b854-6373a5168c5b,Unique,SHK,DIESEL,D,23,Arcade,145,1219,10-Stairs; Hold Footslides; Twists,Unrecorded,Hard,23.87
b5cc8967-f513-42e6-af09-a81f1bfe658b,Witch Doctor,BanYa,BPM,D,23,Arcade,195,1162,Cross-pad Transitions; Drills; Twists,Unrecorded,VeryHard,23.87
09091dc7-c19d-4802-aad0-0fba379272bc,Lepton Strike,Nato,OSING,D,23,Arcade,183,1340,Anchor Runs; Jacks; Runs Without Twists,Unrecorded,Hard,23.86
fad4b887-91c1-4acc-947b-fbb26d53e943,BSPower Explosion,Memme,OSING,D,23,Arcade,180,1321,Bracket Drills; Bursty; Yog Walks,Unrecorded,Hard,23.84
f8cc21da-139f-4a55-91ac-9bd42f62859a,F(R)IEND,D_AAN,OSING,S,23,Arcade,200,1384,Bracket Drills; Bracket Runs; Hold Footslides,Unrecorded,Hard,23.83
f601676f-f79c-412c-abdd-9512332a9655,DIE ANOTHER DAY,TNX,NIMGO,D,23,Arcade,98,1202,Brackets; Bracket Jumps; Cross-pad Transitions,Unrecorded,Hard,23.81
0df26d95-fea8-464e-9c53-805724a581e6,Windmill,Yak Won,BPM,D,23,Arcade,246,1344,Bracket Runs; Co-op Pad Transitions; Staggered Brackets,Unrecorded,Hard,23.8
7dd85919-b4d7-4f05-bcaa-590b55ad72cf,Final Audition Ep. 1,BanYa,BPM,D,23,Arcade,189,1025,Brackets; Twists; Yog Walks,Unrecorded,Hard,23.78
90a9efc9-577e-46d2-953f-47c2691e195c,Pupa,Morimori Atsushi,DulKi,D,23,Arcade,202,1106,Bursty; Hold Footslides; Mid-6 Doubles,Unrecorded,Hard,23.77
007a0806-a288-4475-ba58-45005f90dea5,VVV,Zig Zag,MINAMI,S,23,Arcade,310,1046,Bursty; Hold Footslides; Runs Without Twists,Unrecorded,Hard,23.77
fcd19735-a970-4c87-9cc9-8462ae30d525,Vacuum,Doin,WINDFORCE,S,23,Arcade,200,1209,Bracket Drills; Bracket Runs; Runs,Unrecorded,Medium,23.77
7c7991b2-473b-42ea-bf1c-54c11dd30ede,Ercitite,Doin x neur6sia,FEFEMZ,D,23,Arcade,135,1103,,Unrecorded,Hard,23.76
a04fcc23-fac1-4545-9387-aac998d71775,Enjoy The Show,RiraN ft. Negoto Bunnyla,NIMGO,S,23,Arcade,160,1317,5-Stairs; Doublesteps; Sustained,Unrecorded,Hard,23.76
b96155c3-01e3-4100-afb1-e17471f9769f,Can-can ~Orpheus in The Party Mix~,Sr. Lan Belmont,OSING,D,23,Arcade,195,1388,Doublesteps; Splits; Staggered Brackets,Unrecorded,Hard,23.75
d716a022-dea4-4f0c-83d1-c7065e561798,Versailles,HyuN & MIIM,CONRAD,D,23,Arcade,160 ~ 160,1367,10-Stairs; Anchor Runs; Twists,Unrecorded,Medium,23.75
f8e041a1-b0fb-4e01-a8d8-2bca01f257c0,Orbit Stabilizer,DM Ashura,NIMGO,D,23,Arcade,155,1200,10-Stairs; Co-op Pad Transitions; Runs Without Twists,Unrecorded,Hard,23.74
794a6e91-2597-4e71-bb4a-feade4427411,Nyarlathotep,Nato,EXC,S,23,Arcade,200,1400,Anchor Runs; Runs Without Twists; Staggered Brackets,Unrecorded,Medium,23.73
9e309e47-54e9-45c8-ac85-026f6f0c655f,Cygnus,Nato,SUNNY,D,23,Arcade,188,1234,Bracket Drills; Bracket Twists; Twists,Unrecorded,VeryHard,23.73
0220ff2d-c45a-4f0a-b39f-071746501fd6,1950,SLAM,WINDFORCE,S,23,Arcade,200,1500,Bracket Runs; Bursty; Staggered Brackets,Unrecorded,Medium,23.73
99e9bed2-3c4a-47e3-a058-accae532f117,Napalm,Doin,BPM,D,23,Arcade,185,1159,Cross-pad Transitions; Jacks; Staggered Brackets,Unrecorded,Medium,23.72
9e1f57e7-4cc2-414f-876d-771b4214fef0,DUEL - SHORT CUT -,Cashew & D_AAN,GGWANG,D,23,ShortCut,155,1100,Anchor Runs; Mid-6 Doubles; Twists,Unrecorded,Hard,23.72
96d0fc65-cc7c-4fd4-a7e5-f2620d4265d3,Heliosphere,BlackY,NIMGO,D,23,Arcade,182,1388,Bursty; Runs Without Twists; Yog Walks,Unrecorded,Hard,23.71
2eab253e-c019-4985-8b9f-35f455ca1ae6,Clematis Rapsodia,Jehezukiel,BME,D,23,Arcade,260,1250,Bracket Runs; Staggered Brackets; Sustained,Unrecorded,Medium,23.7
a3bf6ee9-503e-41e0-97bc-811de99b73df,Repentance,Abel,WINDFORCE,S,23,Arcade,240,1146,5-Stairs; Bracket Jumps; Jumps,Unrecorded,Medium,23.68
6e44bf2c-a8f0-4bb3-8a3f-53e80411909d,Love is a Danger Zone(Cranky Mix),BanYa & Cranky,BPM,D,23,Arcade,155,1389,Footswitches; Mid-4 Doubles; Twists,Unrecorded,Medium,23.68
fb110135-610b-4479-9f84-24071bd750aa,Chimera,Yahpp,EHNE,S,23,Arcade,210,1500,5-Stairs; Hold Footslides; Twists,Unrecorded,Medium,23.68
ae167448-eeec-44a2-a138-fd5354b7bfc1,Travel to Future,Neutral Moon,WINDFORCE,D,23,Arcade,160,1111,Bracket Drills; Bracket Runs; Jacks,Unrecorded,Hard,23.68
ce4c5e34-b2af-4d0d-8d3d-38d423566a74,Adrenaline Blaster,QWertism & Quree & WyvernP,FEFEMZ,D,23,Arcade,150,1102,Co-op Pad Transitions; Jacks; Staggered Brackets,Unrecorded,Medium,23.68
582f831f-d3d9-4da1-af7f-284c4b400539,INVASION,D_AAN,SPHAM,S,23,Arcade,220,1400,Brackets; Bracket Jumps; Doublesteps,Unrecorded,Medium,23.65
3d629069-224a-4c53-95b9-e3ed36e21b5e,Fracture Temporelle,Kurokotei,SUNNY,D,23,Arcade,232,1350,Bracket Jumps; Bursty; Twists,Unrecorded,Hard,23.64
70c397a9-6fe6-4951-9ffd-f45d984c340e,Desaparecer,Applesoda vs MAX,EXC,D,23,Remix,174,1400,Mid-4 Doubles; Mid-6 Doubles; Twists,Unrecorded,Hard,23.63
0ed2ea34-7bb8-40ac-9993-9119049bec70,Shub Niggurath - SHORT CUT -,Nato,NIMGO,D,23,ShortCut,220,1054,Bursty; Drills; Mid-4 Doubles,Unrecorded,Hard,23.62
faeab4e4-4581-4179-a21e-4b5ea4e6a44b,Telling Fortune Flower,Koharu feat. Renyata,NIMGO,S,23,Arcade,200,1400,Staggered Brackets; Sustained; Twists,Unrecorded,Hard,23.62
4738525f-002f-4adc-9f39-334e90fc6ffd,Nade Nade,Doin,NIMGO,S,23,Arcade,100,1358,Bursty; Runs; Runs Without Twists,Unrecorded,Hard,23.62
e67ea79c-61c9-4151-b54d-518d8cbbe4df,Eternal Universe,Quree,NIMGO,D,23,Arcade,200,1176,Anchor Runs; Bursty; Hands,Unrecorded,Medium,23.61
a1b24653-3a6b-4d05-8636-4ea898fce6fb,Antique Serenade,Abel,GGWANG,D,23,Arcade,214,1000,,Unrecorded,Medium,23.6
2e892d2d-9c9b-4ead-8dbc-ac60d3055d29,Gargoyle - FULL SONG -,Sanxion7,EXC,S,23,FullSong,150,4000,Drills; Runs Without Twists; Sustained,Unrecorded,Medium,23.6
fbe1c108-e724-409f-8e96-6468ab3f5e35,The Last Rebellion,MonstDeath,GGWANG,S,23,Arcade,199,1234,Bracket Drills; Bracket Runs; Jacks,Unrecorded,Medium,23.59
c68861a6-e723-481d-9b1e-3ec2198c38b6,HELIX,ESTi,refos,D,23,Arcade,175,1200,Brackets; Bracket Jumps; Bracket Runs,Unrecorded,Hard,23.58
0dbeee3b-7587-4cad-b1f3-982669750f6c,Dead End,Cosmograph,DulKi,S,23,Arcade,212,1400,Brackets; Bracket Jumps; Footswitches,Unrecorded,Medium,23.58
a04c2a3a-8448-44f4-acef-e022563a45bf,Monolith,Affinity,AEVILUX,D,23,Arcade,196,1276,Mid-4 Doubles; Sustained; Yog Walks,Unrecorded,Medium,23.58
bc46c8c4-36f0-4ccb-a0a2-071aca910c84,Repentance,Abel,WINDFORCE,D,23,Arcade,240,1250,10-Stairs; Jumps; Staggered Brackets,Unrecorded,VeryHard,23.56
0335b026-e7b7-42a1-8d2b-ae98c44536da,Bee,BanYa,KANG2,D,23,Arcade,160,1000,Co-op Pad Transitions; Hands; Runs Without Twists,Unrecorded,Medium,23.56
07c42537-9000-4f6e-bde7-14b415e78a9d,Solve My Hurt - SHORT CUT -,Doin,AbySS,S,23,ShortCut,234,1165,5-Stairs; Bracket Drills; Staggered Brackets,Unrecorded,Medium,23.54
7b0a978f-5bfe-43be-bfbb-529984de9436,Your Mind,Roy Mikelate,WINDFORCE,D,23,Arcade,180,1360,Brackets; Jumps; Splits,Unrecorded,Hard,23.54
bac35cfe-2923-4dfa-b792-6246ff783c55,Jupin,Sobrem,DulKi,S,23,Arcade,173,1171,Jacks; Side-3 Singles; Staggered Brackets,Unrecorded,Hard,23.54
47c86e70-0087-4d03-b780-a9bc587b31bb,Dignity - FULL SONG -,Crash,,D,23,FullSong,,1266,Bracket Jumps; Bracket Twists; Cross-pad Transitions,Unrecorded,Easy,23.53
1f0747f2-1b6c-4604-a589-7c44a38131f8,Pupa,Morimori Atsushi,DulKi,S,23,Arcade,202,1300,Brackets; Bracket Jumps; Hold Footslides,Unrecorded,Hard,23.53
7b150110-49c7-416d-8c17-1a25da7b78e8,Mopemope,LeaF,EXC,S,23,Arcade,100,1000,Anchor Runs; Sustained; Twists,Unrecorded,Medium,23.52
46947479-bca2-440d-804b-79d9a5de1e2d,Broken Karma (PIU Edit),Quree,NIMGO,D,23,Arcade,180,1341,Mid-4 Doubles; Runs Without Twists; Yog Walks,Unrecorded,Medium,23.52
4add4e95-46ff-407c-b4d9-44bf8f4394b0,Leakage Voltage,Doin,FEFEMZ,D,23,Arcade,180,1111,Cross-pad Transitions; Staggered Brackets; Twists,Unrecorded,Medium,23.52
9770a96a-e85b-4872-a6a7-78befec34195,Stardust Overdrive,typeMARS,CONRAD,D,23,Arcade,175,1111,Bracket Drills; Bracket Jumps; Bracket Runs,Unrecorded,Hard,23.51
4990be59-c4eb-4779-a9e8-74446f846cc8,Chase Me,Dreamcatcher,NIMGO,D,23,Arcade,200,1360,Anchor Runs; Staggered Brackets; Yog Walks,Unrecorded,Hard,23.51
471950e6-f738-46bc-b278-8e6ac148e78d,MEGAHEARTZ,DJ Noriken,DulKi,D,23,Arcade,200,1200,Doublesteps; Hold Footslides; Jumps,Unrecorded,Medium,23.51
d7c31df7-0f6e-45f9-86bf-37f441f8fdd1,Viyella's Nightmare,Laur,,S,23,Arcade,,1400,Brackets; Bracket Jumps; Staggered Brackets,Unrecorded,Medium,23.51
4288ade1-0197-4c99-95da-8b9ec7c7589b,Final Audition Ep. 2-2,Yahpp,EHNE,S,23,Arcade,200,1365,Bursty; Footswitches; Jacks,Unrecorded,Hard,23.51
1dcbc26e-0c70-40ea-9269-90a6078e019f,Ghroth,nato,DulKi,D,23,Arcade,212,1200,Bursty; Mid-6 Doubles; Staggered Brackets,Unrecorded,Hard,23.5
dae4b5ce-4b68-43ab-913d-852b976ebc66,Danger & Danger,Cranky,CONRAD,D,23,Arcade,155,1220,Mid-4 Doubles; Sustained; Twists,Unrecorded,Easy,23.5
d036227d-169d-41c4-b930-172b84a64262,Canon D - FULL SONG -,BanYa,BPM,D,23,FullSong,160,1500,Runs; Runs Without Twists; Sustained,Unrecorded,Medium,23.5
126c1899-be5e-451b-931a-0bb393e450e1,1949,SLAM,FEFEMZ,S,23,Arcade,220,1450,Bursty; Jacks; Staggered Brackets,Unrecorded,Medium,23.46
0b98a7d4-9d92-4dd3-afb3-c95deba961fc,INFiNiTE ENERZY -Overdoze-,Reku Mochizuki,refos,S,23,Arcade,180,1333,Brackets; Bracket Jumps; Bracket Runs,Unrecorded,Medium,23.46
2fe22527-4928-4f34-b74a-bb907294ec14,Elise,DM Ashura,ENVYtic,D,23,Arcade,162,1362,Brackets; Jacks; Yog Walks,Unrecorded,Medium,23.46
7028986e-00e1-4e2c-ae25-8f31f085442c,SONIC BOOM,USAO,SUNNY,S,23,Arcade,205,1475,Brackets; Bracket Jumps; Doublesteps,Unrecorded,Medium,23.45
49c14bfa-e3c4-4876-8e0d-933dfa2933d5,Banya-P Guitar Remix,BanYa Production,EHNE,S,23,Remix,120,1612,Brackets; Doublesteps; Jumps,Unrecorded,Medium,23.45
2126ac44-5184-46af-bc9f-83ac3d8f88cd,Canon D,BanYa,KANG2,D,23,Arcade,160,1019,Co-op Pad Transitions; Runs; Runs Without Twists,Unrecorded,Medium,23.44
ce61094f-75de-490d-b5ea-603db80cf346,Iolite Sky,Doin,WINDFORCE,S,23,Arcade,90,1247,Jacks; Jumps; Staggered Brackets,Unrecorded,Medium,23.43
94b219b0-cb92-42c7-9693-a54f9d16606e,Prime Time,Cashew,AEVILUX,S,23,Remix,190,1900,Bracket Twists; Staggered Brackets; Twists,Unrecorded,Hard,23.43
d9a55461-b930-4769-b875-fb7de0f7758f,Sorceress Elise,YAHPP,BPM,S,23,Arcade,158,1459,5-Stairs; Bursty; Twists,Unrecorded,Medium,23.4
cd04e321-c971-4861-b18a-2fb028963c01,Catastrophe,rareguy & MonstDeath,CONRAD,D,23,Arcade,202,1100,Anchor Runs; Bracket Drills; Cross-pad Transitions,Unrecorded,Hard,23.37
df9d1856-f9db-4d82-afe7-959653aee805,Cleaner,Doin,WINDFORCE,S,23,Arcade,203,1442,Bracket Drills; Bursty; Jacks,Unrecorded,Medium,23.32
e99f5911-4786-4868-a51e-516c5c175350,Jupin - SHORT CUT -,Sobrem,SPHAM,D,23,ShortCut,173,1111,Bursty; Mid-6 Doubles; Runs,Unrecorded,Medium,23.32
eb802deb-93b2-41e7-bc10-4b2335513181,Etude OP 10-4,MAX,EXC,S,23,Arcade,176,1350,Anchor Runs; Runs; Runs Without Twists,Unrecorded,Medium,23.32
94d4b2e4-4b41-44b0-a7fc-06bbd0a05059,Slapstick Parfait,t+pazolite,refos,D,23,Arcade,160,999,10-Stairs; Doublesteps; Yog Walks,Unrecorded,Medium,23.32
9d26d86a-0efb-4e8f-93db-2c2a161802d9,Requiem,MAX,EXC,D,23,Arcade,160,1228,Anchor Runs; Drills; Jacks,Unrecorded,Hard,23.31
7285b78e-4ed0-4193-b998-a07ffeefcba1,Big Daddy,USAO,FEFEMZ,D,23,Arcade,190,1090,Anchor Runs; Doublesteps; Mid-6 Doubles,Unrecorded,Medium,23.31
9043b34a-e614-4e0f-9953-9ca5c704ebf1,404 (New Era),KiiiKiii (키키),NIMGO,D,23,Arcade,127,1136,Bracket Jumps; Cross-pad Transitions; Jumps,Unrecorded,Hard,23.29
2bd26842-3260-4601-9c2a-610ae3cbc6da,Good Night,Dreamcatcher,NIMGO,S,23,Arcade,196,1365,5-Stairs; Runs; Staggered Brackets,Unrecorded,Medium,23.29
dab459ef-4c3c-40fe-9ee8-c2a255d002b6,Necromancy,Zircon,ESC,D,23,Arcade,173,1240,Anchor Runs; Runs; Twists,Unrecorded,Medium,23.28
9f65ce37-8ba3-44d3-8092-34ee1c73ed1c,Odin,Gram,SPHAM,S,23,Arcade,200,1500,Drills; Hold Footslides; Runs Without Twists,Unrecorded,Medium,23.28
261553ae-d5ea-4681-a0e0-34334c65eaf1,Enjoy The Show,RiraN ft. Negoto Bunnyla,NIMGO,D,23,Arcade,160,1152,Bracket Drills; Cross-pad Transitions; Sustained,Unrecorded,Medium,23.22
8501b01a-8d67-4caf-aea2-5ad0206a6255,Ultimatum,Cosmograph,EXC,S,23,Arcade,202,1450,Bracket Drills; Runs; Runs Without Twists,Unrecorded,Medium,23.21
62545628-0b41-41e1-8ca2-0a72a0a01aa7,Hymn of Golden Glory - SHORT CUT -,Essbee,GGWANG,S,23,ShortCut,244,1200,Bursty; Drills; Side-3 Singles,Unrecorded,Easy,23.18
0acfe3d1-9511-46f3-b9b6-ef70553eecbf,BANG BANG,IVE (아이브),CONRAD,D,23,Arcade,152,1207,Bracket Twists; Hands; Hold Footslides,Unrecorded,Medium,23.18
ed605372-0b83-4961-b6d0-3e1432becf36,TRICKL4SH 220,Lite Show Magic,CONRAD,S,23,Arcade,220,1400,Bracket Jumps; Doublesteps; Jumps,Unrecorded,Medium,23.17
f5bb66aa-beb3-4276-b9e8-1eda744d676e,Kugutsu,onoken,CONRAD,S,23,Arcade,220,1452,Brackets; Bracket Runs; Drills,Unrecorded,Medium,23.15
b0b6253d-39ac-4c49-bc96-56baf81e8d24,Jupin - SHORT CUT -,Sobrem,SPHAM,S,23,ShortCut,173,1111,Bursty; Runs; Twists,Unrecorded,Medium,23.13
2d9c32f7-2740-48e9-a08c-938d46f3d2e7,Catastrophe,rareguy & MonstDeath,CONRAD,S,23,Arcade,202,1200,Bracket Jumps; Bracket Twists; Staggered Brackets,Unrecorded,Hard,23.13
0be86344-ba30-483c-914b-9be4d04b3ce2,Can-can ~Orpheus in The Party Mix~ - SHORT CUT -,Sr. Lan Belmont,EXC,D,23,ShortCut,195,1030,Drills; Jumps; Splits,Unrecorded,Medium,23.09
0db2e54b-a7a9-4d8b-9582-839f6929dbe7,Jupin,Sobrem,DulKi,D,23,Arcade,173,1142,Bursty; Mid-6 Doubles; Twists,Unrecorded,Medium,23.09
2bb0caaa-1c13-47fd-9811-cf7bba305d3a,Black Dragon,Memme,refos,D,23,Arcade,162,1000,Bracket Runs; Sustained; Yog Walks,Unrecorded,Medium,23.08
178175e0-7dd6-4843-8868-fbb9e36c0ba8,Dream To Nightmare,Nightmare,MINAMI,D,23,Arcade,178,1349,Anchor Runs; Bursty; Splits,Unrecorded,Medium,23.06
bb3f418b-46c2-444b-9964-be0fb4bad05b,Burn Out,WyvernP,SUNNY,D,23,Arcade,190,1250,Bracket Twists; Doublesteps; Mid-4 Doubles,Unrecorded,Medium,23.06
01dd614a-d8c1-48ce-9055-31a3ebfd4d44,Hymn of Golden Glory,Essbee,NIMGO,D,23,Arcade,244,1131,Bracket Twists; Cross-pad Transitions; Twists,Unrecorded,Hard,23.04
491998c5-38ed-469a-8e92-1c0d9bb97350,Annihilator Method,DM Ashura,WINDFORCE,S,23,Arcade,192,1361,Staggered Brackets; Sustained; Twists,Unrecorded,Medium,23.04
6afe84f8-ba50-470b-9b85-c261d234f517,video out c,Vospi,NIMGO,D,23,Arcade,198,1353,Bursty; Mid-6 Doubles; Yog Walks,Unrecorded,Medium,23
6aaf9a13-2340-47ba-a43a-2d426fa9d4e3,MEGAHEARTZ,DJ Noriken,DulKi,S,23,Arcade,200,1250,Bracket Jumps; Doublesteps; Jumps,Unrecorded,Medium,22.94
b60f4034-07c9-4360-8195-705d118c2f07,Allegro Con Fuoco - FULL SONG -,DM Ashura,EXC,S,23,FullSong,156,2500,Anchor Runs; Drills; Side-3 Singles,Unrecorded,Easy,22.93
bfc8b146-c1cf-4ff3-ba15-aece8401f790,Scorpion King,r300k,DulKi,D,23,Arcade,113,1280,Brackets; Bursty; Doublesteps,Unrecorded,Medium,22.89
3378c127-2359-43de-92f1-f2bef6d9c24c,Darkside of The Mind,DJ Myosuke & Laur,refos,S,23,Arcade,220,1333,Brackets; Bracket Drills; Hold Footslides,Unrecorded,Medium,22.89
c14ef0c7-f7a8-4c54-ac30-c1ab30e13dc1,Paradoxx,SLAM & Nato,EXC,S,23,Remix,220,1850,Footswitches; Jacks; Side-3 Singles,Unrecorded,Medium,22.89
775d6a47-a096-4d31-9c26-530fbd621543,GLORIA,Croire,CONRAD,S,23,Arcade,245,1426,5-Stairs; Jacks; Staggered Brackets,Unrecorded,Easy,22.87
8075907f-e61a-473d-8d76-36df6ca80dcd,Athena's Shield,Jehezukiel,SUNNY,D,23,Arcade,176,1350,Bracket Jumps; Bracket Twists; Jacks,Unrecorded,Medium,22.86
1daf38c2-f22e-4016-a037-df0a6dacae01,INFINITY,Lunatic Sounds,NIMGO,D,23,Arcade,175,1209,Bracket Runs; Bracket Twists; Twists,Unrecorded,Hard,22.85
7aca4f67-d12e-47b9-9497-cc22fa57eb87,FLVSH OUT,Getty,SUNNY,D,23,Arcade,160,1234,Bracket Jumps; Doublesteps; Jumps,Unrecorded,Medium,22.84
76d89fcb-1867-49a9-838d-b875c68788a4,Ghost Bloody Train,Fiverwater,CONRAD,D,23,Arcade,192,1250,Mid-4 Doubles; Mid-6 Doubles; Runs Without Twists,Unrecorded,Medium,22.82
bce0ffe7-e33a-4d62-953e-8263f619a240,Kokugen Kairou Labyrinth,A:llhα & ANE & 2riA,CONRAD,S,23,Arcade,215,1422,5-Stairs; Hold Footslides; Runs Without Twists,Unrecorded,Easy,22.82
5909edd4-3bce-4860-a2a8-abc56ed2d54c,Ghroth,nato,DulKi,S,23,Arcade,212,1400,Anchor Runs; Bracket Drills; Bracket Runs,Unrecorded,Medium,22.81
1820b61a-cbc9-4201-8ddc-d4be9c954ead,Cross Over feat. LyuU,HyuN feat. LyuU,NIMGO,D,23,Arcade,200,1400,Bracket Drills; Bursty; Twists,Unrecorded,Easy,22.81
864fbefd-7852-4820-b285-89e5bb0a920d,Solve My Hurt,Doin,SPHAM,D,23,Arcade,234,1378,Bursty; Hands; Hold Footslides,Unrecorded,Medium,22.8
23516bb0-0954-4831-9843-70dcc1c15946,Yog-Sothoth,Nato,CONRAD,S,23,Arcade,200,1400,5-Stairs; Runs; Twists,Unrecorded,Easy,22.8
a665bb43-c2b3-41ff-8c89-43eaf47f1e3a,Rush-More,litmus*,SPHAM,D,23,Arcade,160,1000,Brackets; Bracket Runs; Bracket Twists,Unrecorded,Medium,22.78
6874e52b-ae93-4c86-b5e6-aaf5ad761e29,†DOOF†SENC†,Kobaryo,CONRAD,S,23,Arcade,200,1362,Doublesteps; Footswitches; Jacks,Unrecorded,Easy,22.78
d65a3d50-a159-4650-8097-f1e1d1fe5788,Odin,Gram,SPHAM,D,23,Arcade,200,1234,Anchor Runs; Drills; Mid-6 Doubles,Unrecorded,Medium,22.77
c48c234e-4cd1-4da3-aa33-4fe3a0cd8388,Pine Nut,Doin,OSING,D,23,Arcade,200,1150,Co-op Pad Transitions; Cross-pad Transitions; Twists,Unrecorded,Medium,22.73
70b78575-0126-4f09-a4dd-afc85382877c,†DOOF†SENC†,Kobaryo,CONRAD,D,23,Arcade,200,1273,Bursty; Mid-4 Doubles; Mid-6 Doubles,Unrecorded,Easy,22.71
b668b0dd-ea71-4f4a-b0bd-1038775fbac0,Re:End of a Dream,uma vs. Morimori Atsushi,FEFEMZ,S,23,Arcade,212,1486,Brackets; Bracket Jumps; Bracket Twists,Unrecorded,Medium,22.71
20d55a47-851d-40b5-bd35-4bf454f43eb2,SWEET WONDERLAND,MAX feat. ankimo,CONRAD,D,23,Arcade,170,1209,10-Stairs; Anchor Runs; Staggered Brackets,Unrecorded,Medium,22.69
6b3fd5c2-dd9d-454c-af30-0b83832f60ef,Acquire,ryhki,CONRAD,D,23,Arcade,155,1181,Brackets; Bracket Twists; Jumps,Unrecorded,Hard,22.68
b302d65b-3134-4a51-a082-26bb5730abd3,DESTRUCIMATE,KURORAK,CONRAD,D,23,Arcade,193,1400,Bracket Drills; Mid-4 Doubles; Mid-6 Doubles,Unrecorded,Medium,22.66
d5bcf69d-2bf8-4654-83e2-1bae76642357,Take Out,SHK,BPM,D,23,Arcade,170,1267,Bursty; Runs; Runs Without Twists,Unrecorded,Hard,22.64
ad3a3a45-3a33-4f4e-b639-3182a4f3ae47,PRiMA MATERiA - SHORT CUT -,xi,refos,S,23,Arcade,187,1352,,Unrecorded,Medium,22.64
d0a9672e-d26c-4cf0-a803-e702083f324c,Human Extinction (PIU Edit.),MonstDeath,NIMGO,D,23,Arcade,199,1163,Bursty; Hands; Yog Walks,Unrecorded,Medium,22.64
eb7465a7-8a19-4e92-b098-a85e8406afb2,Love is a Danger Zone 2 Try To B.P.M,BanYa,BPM,D,23,Remix,,1160,Cross-pad Transitions; Hands; Twists,Unrecorded,Medium,22.62
d98d8806-404a-45d6-8d29-cd76e3ceb9e5,Underworld ft. Skizzo (PIU Edit.),MonstDeath vs Neutral Moon,BME,S,23,Arcade,190,1366,Brackets; Bracket Runs; Hold Footslides,Unrecorded,Medium,22.62
a7e5860f-3a36-4005-9e7d-cd1ea22cdfd9,Heart Rabbit Coaster,Nato,FEFEMZ,S,23,Arcade,200,1310,Doublesteps; Jacks; Jumps,Unrecorded,Easy,22.6
79b2e11a-a51a-43af-918d-052b48604d79,Deca Dance,Yooh,FEFEMZ,D,23,Arcade,160,1234,Brackets; Hands; Hold Footslides,Unrecorded,Medium,22.6
f2906fb3-3f2a-4315-9fb7-5bde23121cbc,Galaxy Collapse,Kurokotei,SUNNY,S,23,Arcade,150 ~ 150,1200,Brackets; Bracket Jumps; Bracket Runs,Unrecorded,Medium,22.57
9843f34c-3dd5-4471-a215-2f97fd2f635f,What Are You Doin?,Doin & MAX,WINDFORCE,D,23,Remix,200,1376,Anchor Runs; Jacks; Sustained,Unrecorded,Medium,22.57
f8cb4371-920e-406c-b2ab-da90e4ed260e,Demon of Laplace,Quree,NIMGO,D,23,Arcade,144,1185,Brackets; Bracket Twists; Hold Footslides,Unrecorded,Medium,22.57
b2e01010-72d7-48b6-87c2-275d801e9e46,Break Through Myself feat. Risa Yuzuki,DJ Myosuke & Laur,CONRAD,S,23,Arcade,200,1300,Brackets; Bracket Runs; Hold Footslides,Unrecorded,Medium,22.57
f3d7d79e-2b1b-42b6-bb20-45594722e34a,Mental Rider,SQUAR,AEVILUX,D,23,Arcade,120 ~ 120,1200,Co-op Pad Transitions; Sustained; Twists,Unrecorded,Medium,22.55
ae59bf5d-920c-41dd-9068-a6f143cb86af,Break Through Myself feat. Risa Yuzuki,DJ Myosuke & Laur,CONRAD,D,23,Arcade,200,1250,Anchor Runs; Brackets; Bracket Runs,Unrecorded,Easy,22.54
3a5b5e3d-d69a-440d-b6e0-706e818e93eb,Cynical,RiraN ft. Negoto Bunnyla,CONRAD,D,23,Arcade,155,1200,,Unrecorded,Medium,22.54
050ec180-2773-4286-8a59-0127fa0b97ae,TRICKL4SH 220,Lite Show Magic,CONRAD,D,23,Arcade,220,1300,Brackets; Bracket Jumps; Mid-6 Doubles,Unrecorded,Medium,22.53
1bff9caf-ecc1-4df5-b83c-7e03d063f652,Hellfire,Memme,NIMGO,D,23,Arcade,170,1355,Bracket Drills; Jacks; Twists,Unrecorded,Hard,22.53
4ff9d197-8402-4f37-bb08-94df05b9f605,That Kitty (PIU Edit.),MonstDeath,SPHAM,S,23,Arcade,190,1318,Bracket Runs; Drills; Staggered Brackets,Unrecorded,Easy,22.52
84dcf2f8-3db2-4797-8aa8-341848c98305,What Happened,Throwdown,HP,D,23,Arcade,130,1000,Brackets; Bracket Jumps; Bracket Runs,Unrecorded,Medium,22.52
76f6ab17-0094-4160-835e-694d374112ab,ERRORCODE: 0,Doin remixed by SUNNY,SUNNY,S,23,Remix,200.1,1950,Bracket Runs; Bursty; Doublesteps,Unrecorded,Easy,22.51
7fb65e2b-5db2-472c-b7be-18b9e27d4341,Star Command,Zircon,EXC,D,23,Arcade,155,1300,Runs Without Twists; Splits; Yog Walks,Unrecorded,Easy,22.5
33561fd0-6747-460f-bcd8-38023eba0238,Altale,sakuzyo,FEFEMZ,D,23,Arcade,90,1324,Brackets; Doublesteps; Hold Footswitches,Unrecorded,Easy,22.43
02003f92-f86b-4dfd-b1a7-703221a87c48,Avalanquiem,MAX & Memme,EXC,S,23,Remix,175,1539,Bracket Jumps; Bursty; Runs,Unrecorded,Hard,22.38
1528a5bf-ebc2-4c41-82f1-66106a0b5ac8,Eternal Universe,Quree,SUNNY,S,23,Arcade,200,1400,Footswitches; Jacks; Staggered Brackets,Unrecorded,Easy,22.35
1fe3fc2b-d199-4a1d-be79-85b8f05d9645,8 6 - FULL SONG -,Dasu,EXC,D,23,FullSong,167,4000,Doublesteps; Hold Footswitches; Sustained,Unrecorded,Easy,22.32
35dfefe6-e790-46ed-a350-7637279f9820,Euphorianic,SHK,refos,D,23,Arcade,140,1111,10-Stairs; Sustained; Twists,Unrecorded,Medium,22.32
2ce359fd-beaa-4d63-baaa-39270f7fd13d,Papasito (feat.  KuTiNA) - FULL SONG -,Yakikaze & Cashew feat. KuTiNA,AEVILUX,D,23,FullSong,128,2000,Bracket Twists; Jumps; Twists,Unrecorded,Easy,22.29
67ecdf3e-871d-4337-953f-77a0f4a43fc9,Nyarlathotep,Nato,EXC,D,23,Arcade,200,1400,Drills; Mid-4 Doubles; Mid-6 Doubles,Unrecorded,Hard,22.27
034360cb-c1da-4ef1-a9e9-04870a695a38,Stardream -Eurobeat Remix-,MAX x Cashew x Dave Rodgers,CONRAD,D,23,Arcade,160,1231,10-Stairs; Jacks; Runs,Unrecorded,Easy,22.26
a67a336a-4364-4a8b-a2a5-0f6c0ff351e5,See,Doin,DulKi,D,23,Arcade,293,1300,Cross-pad Transitions; Doublesteps; Jumps,Unrecorded,Easy,22.21
7d80f8dc-515b-4582-91e9-c569be959638,Point Break,BanYa,CONRAD,D,23,Arcade,92,1120,Bracket Twists; Hold Footslides; Staggered Brackets,Unrecorded,Medium,22.19
7558602d-1d58-468a-bb8b-6085a52f7a6d,Pop Sequence,Hommarju,AEVILUX,D,23,Arcade,110,1300,Brackets; Bracket Jumps; Doublesteps,Unrecorded,Medium,22.17
61ece5fc-dcd1-41bb-b826-d854ec4d2c29,New Rose,Hommarju,CONRAD,D,23,Arcade,190,1250,Anchor Runs; Bracket Runs; Mid-6 Doubles,Unrecorded,Medium,22.16
c720948a-ccfe-4783-a822-57e7983bf826,After a thousand years,Toto,SUNNY,D,23,Arcade,180,1150,Mid-4 Doubles; Runs; Runs Without Twists,Unrecorded,Medium,22.14
610b1941-1980-496f-8986-9a5b6f57516f,Passacaglia,SynthWulf,EXC,D,23,Arcade,175,1316,Anchor Runs; Co-op Pad Transitions; Runs Without Twists,Unrecorded,Easy,22.11
006d4a84-4301-44b9-a04d-a2ac0f5c18aa,Pumptris 8Bit ver. - SHORT CUT -,Yahpp,WINDFORCE,D,23,ShortCut,162,1043,Bursty; Runs Without Twists; Splits,Unrecorded,Medium,22.09
4e8e8aa1-f31e-401f-98da-b3d67a54c7cb,Baroque Virus - FULL SONG -,Zircon,AEVILUX,D,23,FullSong,135,3000,Anchor Runs; Runs; Runs Without Twists,Unrecorded,Easy,21.99
8d729d12-5aa4-475a-8a8d-3adfe8e60031,Binary star,SYNTHWULF,SPHAM,D,23,Arcade,170,1280,Anchor Runs; Runs; Runs Without Twists,Unrecorded,Easy,21.96
5ba60ff2-591b-4be4-a19a-845ae26555f7,Fire Noodle Challenge,Memme,SPHAM,S,23,Remix,185,1650,Hands; Hold Footslides; Staggered Brackets,Unrecorded,Easy,21.91
80404976-f6a1-4932-a9b6-e40048301915,Kugutsu,onoken,CONRAD,D,23,Arcade,220,1244,Bracket Drills; Bracket Runs; Bracket Twists,Unrecorded,Medium,21.91
4a5f1284-6575-4327-908b-8d6aa5ebe16c,Super Capriccio,SHK,OSING,D,23,Arcade,150,1295,Anchor Runs; Runs; Twists,Unrecorded,Easy,21.9
a86b81f5-932a-4a43-8066-d13c1c7f2603,Moment Day,MAX,refos,D,23,Arcade,155,1357,Anchor Runs; Runs; Runs Without Twists,Unrecorded,Easy,21.88
69d63ea4-dfe3-4513-8a79-315a64ce7c84,The Last Rebellion,MonstDeath,GGWANG,D,23,Arcade,199,1050,Jacks; Mid-4 Doubles; Yog Walks,Unrecorded,Easy,21.86
2292f760-c8d6-441e-b4b3-c488c9326cf3,Imaginarized City,Reku Mochizuki,GGWANG,D,23,Arcade,156,1100,Anchor Runs; Bracket Runs; Hold Footslides,Unrecorded,Easy,21.76
7e744654-0968-45af-9d70-f4f690b30231,Glimmer Gleam,Doin,SPHAM,D,23,Arcade,85,1215,Brackets; Doublesteps; Hold Footslides,Unrecorded,Easy,21.74
88c6ee66-7ac3-4237-a6a6-39979af5d9f4,Poseidon,Quree,SUNNY,D,23,Arcade,160,1242,Runs; Runs Without Twists; Sustained,Unrecorded,Medium,21.69
8e7e8b23-39a9-40f5-903b-787956373cda,MATADOR,Cranky,XBUIRAIX,D,23,Arcade,168,1063,10-Stairs; Cross-pad Transitions; Sustained,Unrecorded,Medium,21.65
2f040426-0e9c-4001-a4fa-723e9fc10b99,Le Grand Rouge,KIEN,SPHAM,D,23,Arcade,166,1232,Bracket Drills; Runs Without Twists; Staggered Brackets,Unrecorded,Easy,21.62
fa701e61-9b18-4217-ad0c-bbd7b5f73323,Festival of Death Moon,SHK,SPHAM,D,23,Arcade,204,1111,10-Stairs; Bracket Jumps; Sustained,Unrecorded,Easy,21.61
8d137060-c66d-4a55-9d7a-f5e8ba16cc9d,Get Up,BanYa,SUNNY,D,23,Arcade,180,1258,Bracket Drills; Bursty; Cross-pad Transitions,Unrecorded,Easy,21.55
51796422-a2d0-4d36-978b-9536281261fe,Wedding Crashers,SHK,FEFEMZ,D,23,Arcade,165,1298,10-Stairs; Cross-pad Transitions; Twists,Unrecorded,Easy,20.6
2b175d30-2bce-4ace-bc93-5b6a985e8ae2,Love is a Danger Zone pt. 2 - SHORT CUT -,BanYa,BPM,D,23,ShortCut,162,1244,Mid-4 Doubles; Runs; Twists,Unrecorded,Easy,20.49
62efd7f0-49b2-4bc0-814b-35ba8aeba7fc,Poppin' Shower,P*Light,FEFEMZ,D,22,Arcade,175,1128,Bracket Runs; Bursty; Staggered Brackets,Unrecorded,VeryHard,26.02
3ed8419f-1301-4d02-b2bd-11e43ccae155,Halloween Party ~Multiverse~,SHK,,D,22,Arcade,160,1031,Bracket Runs; Doublesteps; Sustained,Unrecorded,Hard,25.64
a5977102-0d04-4c0a-891d-d5cd3b81f42d,Vacuum,Doin,BPM,D,22,Arcade,200,1170,Bursty; Drills; Hold Footslides,Unrecorded,VeryHard,25.59
7d5c5175-7a32-4b2a-a930-455e222139db,Imprinting,Sakuzyo,EXC,D,22,Arcade,175,1148,10-Stairs; Bursty; Drills,Unrecorded,Hard,25.56
10177de8-71c9-414e-bbbd-379b84a4290c,CO5M1C R4ILR0AD,kanone,FEFEMZ,D,22,Arcade,155,1197,Brackets; Bracket Drills; Staggered Brackets,Unrecorded,Medium,25.56
483368dd-f349-417f-a447-b3ed857b19b3,Gargoyle - FULL SONG -,Sanxion7,EXC,D,22,FullSong,150,3333,Runs; Runs Without Twists; Sustained,Unrecorded,Medium,25.54
1d10ec0c-358d-468c-b09e-6cb9e20da8dc,Just Hold On (To All Fighters),void,NIMGO,D,22,Arcade,170,1262,Bracket Drills; Runs Without Twists; Yog Walks,Unrecorded,Hard,25.53
d0842640-e07f-4f02-b6b1-1e6adddadcad,Chicken Wing,BanYa,PHURCCON,D,22,Arcade,200,1195,Bracket Drills; Bracket Runs; Drills,Unrecorded,Hard,25.53
38c523a6-0e5f-49cf-8797-3b1bf6a5bd7a,The Devil,BanYa Production,BPM,D,22,Arcade,130 ~ 130,808,Cross-pad Transitions; Runs Without Twists; Yog Walks,Unrecorded,Hard,25.52
6798aa8e-9e4e-457c-8db8-1d95614db421,"Simon Says, EURODANCE!! (feat. Sara☆M)",Jehezukiel?KAZEMURA?Hideky,,D,22,Arcade,180,1122,Co-op Pad Transitions; Runs; Runs Without Twists,Unrecorded,Medium,25.51
0a98a4a9-2bda-4c9a-9b58-322e9631e481,Extravaganza,BanYa,ANDAMIRO,D,22,Arcade,195,,Drills; Mid-4 Doubles; Staggered Brackets,Unrecorded,VeryHard,25.51
992901b8-389e-41d3-a9a2-c912e9e029f3,1949,SLAM,FEFEMZ,D,22,Arcade,220,1005,Bursty; Drills; Mid-4 Doubles,Unrecorded,Hard,25.5
0ea168ce-c49d-4797-82cf-c03a7fc25989,1950,SLAM,ZELLLOOO,D,22,Arcade,200,1248,Anchor Runs; Bursty; Mid-4 Doubles,Unrecorded,Hard,25.5
a4c36f25-6ab9-4100-ae43-24178d4c7a5d,Can I friend you on Bassbook? lol,Camellia & Nanahira,DulKi,S,22,Arcade,128,1277,Bracket Jumps; Bracket Twists; Jumps,Unrecorded,Hard,24.74
76a1886c-84ec-4a2f-884b-dff3a132635b,Alice in Misanthrope,LeaF,CONRAD,S,22,Arcade,154 ~ 154,1100,Bracket Jumps; Bracket Twists; Jumps,Unrecorded,Hard,24.51
a7716543-af58-4873-a82a-a252aa52d8c0,Vook,BanYa,ANDAMIRO,D,22,Arcade,184,1032,Co-op Pad Transitions; Cross-pad Transitions; Twists,Unrecorded,Hard,24
d51737dc-0cdf-4fe2-98d9-888e19e2d963,Rock the house,Matduke,EXC,D,22,Arcade,175,1100,Drills; Mid-4 Doubles; Staggered Brackets,Unrecorded,Hard,23.99
bda93d9f-ca9f-4724-af74-4fc9eba15862,Red Swan,Yahpp,EXC,D,22,Arcade,172,1006,Bracket Jumps; Drills; Splits,Unrecorded,VeryHard,23.99
111b9f62-9c3e-4652-9b7e-2d7dcdd6d3b7,King’s Tomb,r300k,refos,S,22,Arcade,113,1234,,Unrecorded,Hard,23.91
5c4aa927-0679-4185-9fa9-01c6d9529953,Donatello,Triplestar,NIMGO,D,22,Arcade,175,1173,10-Stairs; Anchor Runs; Drills,Unrecorded,VeryHard,23.88
8c75c10a-b536-41d8-9a42-7422c82189c6,Bullfighter's Song,BanYa Production,AHGOO,D,22,Arcade,168,999,Co-op Pad Transitions; Jumps; Twists,Unrecorded,VeryHard,23.86
1b67fafd-62c5-46e3-af92-a73f3acb0f90,Chimera,Yahpp,OSING,D,22,Arcade,210,1262,Bursty; Mid-4 Doubles; Mid-6 Doubles,Unrecorded,VeryHard,23.85
7c7441c0-0cc3-43f8-bcb3-82ee59b97d22,BEDLAM,SANY-ON,NIMGO,S,22,Arcade,183,1014,Hold Footslides; Jacks; Staggered Brackets,Unrecorded,Hard,23.84
a521aff7-aa1c-4b4d-9243-d3d75230415a,Indestructible,Matduke,AEVILUX,D,22,Arcade,174,1200,Anchor Runs; Bracket Twists; Staggered Brackets,Unrecorded,Hard,23.83
5ff0a5c1-0512-4d70-9f49-c54833e766e6,L (PIU Edit),Ice,EXC,S,22,Arcade,155,1200,Runs; Runs Without Twists; Twists,Unrecorded,Hard,23.83
2fcd5553-aeaf-4c7f-99cc-82e2e3bfabb4,Halcyon,xi,NIMGO,S,22,Arcade,40 ~ 40,1207,5-Stairs; Bursty; Hold Footslides,Unrecorded,Medium,23.82
f4feecd2-ca82-41fb-96d2-b7ffd6b282ec,Hardkore of the North,Diclonius Kid,EXC,D,22,Arcade,190,1235,Cross-pad Transitions; Twists; Yog Walks,Unrecorded,Medium,23.79
d44ab50e-ae07-4646-9f06-8374170cc1b2,Further,Doin,WINDFORCE,D,22,Arcade,194,1264,10-Stairs; Drills; Hold Footslides,Unrecorded,Medium,23.74
724bb63b-c558-4832-b2e3-8f1f05955c91,Cross Time,Brandy,NIMGO,D,22,Arcade,160,1008,Jacks; Sustained; Twists,Unrecorded,Hard,23.72
4794555d-8904-4019-9fe2-33be10ac4154,Escape,D_AAN,BME,D,22,Arcade,220,1299,Brackets; Bracket Drills; Bracket Jumps,Unrecorded,Medium,23.71
7b73ec67-d4a8-45c8-8c32-638a7ce01df6,Banya-P Classic Remix,BanYa Production,BPM,S,22,Remix,92 ~ 92,1185,5-Stairs; Side-3 Singles; Twists,Unrecorded,Medium,23.66
6531be63-b496-472e-a43b-6e4f6088dcc8,Conflict,Siromaru + Cranky,EXC,S,22,Arcade,160,1400,Anchor Runs; Runs Without Twists; Sustained,Unrecorded,Hard,23.66
591c26c1-9b8b-4f11-80e7-8580275430de,Xeroize,FE,WINDFORCE,D,22,Arcade,200,1176,Brackets; Bursty; Cross-pad Transitions,Unrecorded,VeryHard,23.65
77f600eb-19b7-45f3-9275-1924793c3c22,Will-O-The-Wisp,BanYa,BPM,D,22,Arcade,210,1004,Bracket Drills; Cross-pad Transitions; Jacks,Unrecorded,Medium,23.64
7eb037a0-9b5e-4506-b820-f637a3ea5d5c,Anguished Unmaking,void,SPHAM,D,22,Arcade,170,1004,Bracket Runs; Drills; Runs Without Twists,Unrecorded,Hard,23.61
2a4a2205-2f42-4c48-b4a6-f762aa9d8074,Caprice of Otada,BanYa Production,Rune,D,22,Arcade,160,1000,Cross-pad Transitions; Runs; Runs Without Twists,Unrecorded,Hard,23.59
f28fe0db-d7f9-43b3-ac97-c5f91558ff5e,Star Command,Zircon,Pharmaz,D,22,Arcade,155,1192,10-Stairs; Co-op Pad Transitions; Splits,Unrecorded,Medium,23.59
21e87091-c3e3-4de3-a487-8a7f9d9b483a,Vulcan,Memme,NIMGO,S,22,Remix,175,,Anchor Runs; Drills; Staggered Brackets,Unrecorded,Hard,23.59
6ded9263-169d-457e-8753-5846c50241f3,Club Night,Matduke,AEVILUX,D,22,Arcade,170,1158,Bracket Jumps; Co-op Pad Transitions; Staggered Brackets,Unrecorded,VeryHard,23.58
a00bfef5-7a6a-4b61-95f5-cd67d4d2d1f2,INFiNiTE ENERZY -Overdoze-,Reku Mochizuki,refos,D,22,Arcade,180,1200,Bracket Drills; Hands; Staggered Brackets,Unrecorded,Hard,23.58
605fea5d-149b-4b45-994a-8a88d171d1d3,Dead End,Cosmograph,DulKi,D,22,Arcade,212,1250,Bursty; Jacks; Mid-6 Doubles,Unrecorded,Hard,23.57
bdecf422-183a-47e1-a4d3-79b21cffa19e,Jogging,LUCY,NIMGO,D,22,Arcade,138,1106,10-Stairs; Anchor Runs; Twists,Unrecorded,Medium,23.57
8f62a9bd-d2f9-421e-982f-5253d97384d2,Rush-Hour,litmus*,FEFEMZ,S,22,Arcade,112,1231,Brackets; Bracket Jumps; Bursty,Unrecorded,Hard,23.57
dedabd74-f8a9-40c2-aeaa-fdb10688b1f1,Nihilism - Another Ver.-,Nato,NIMGO,D,22,Arcade,190,1240,Bracket Twists; Bursty; Twists,Unrecorded,Medium,23.56
943b62a3-66d9-4b14-b96d-facc96933b68,Ignis Fatuus(DM Ashura Mix),BanYa & DM Ashura,H. FELKER & ANDAMIRO,S,22,Arcade,220,1053,Bracket Drills; Bracket Runs; Drills,Unrecorded,Hard,23.56
4ae1f8eb-9b5a-4ae8-beaa-3028dd2f0267,BATTLE NO.1,TANO*C Sound Team,DulKi,D,22,Arcade,200,1242,Bracket Drills; Bursty; Jumps,Unrecorded,Medium,23.54
b48dd693-d6b3-4f47-9490-e69875b76b57,CHAOS AGAIN,NAOKI underground -Ω-,SPHAM,D,22,Arcade,150 ~ 150,1000,Cross-pad Transitions; Jumps; Mid-6 Doubles,Unrecorded,Medium,23.53
94595e46-66e8-4fa9-b7c5-f40a7f7cb028,JANUS,MAX,CONRAD,D,22,Arcade,174,1241,Doublesteps; Mid-4 Doubles; Twists,Unrecorded,Hard,23.53
eae805c5-a22c-43cb-b05f-7ef2f68a33fd,NightTheater,*wakadori,FEFEMZ,D,22,Arcade,151,1203,Doublesteps; Staggered Brackets; Sustained,Unrecorded,Hard,23.52
4b0439b1-c6de-4997-a580-573ee34e791f,Break it Down,MAZO,SUNNY,D,22,Arcade,176,1000,Brackets; Bracket Jumps; Jumps,Unrecorded,Hard,23.52
02ca50e6-def4-4505-a139-fc95aec5bb37,Cannon X.1,Yahpp,EHNE,D,22,Arcade,185,1188,Footswitches; Hold Footslides; Twists,Unrecorded,Hard,23.5
cc2122e0-79af-43ce-899d-e3b4b8388fd9,The Stranger,ONF (온앤오프),CONRAD,S,22,Arcade,116,1232,5-Stairs; Hold Footslides; Twists,Unrecorded,Hard,23.49
41e68b9e-86c5-469b-8902-624fabf43f35,Dignity,Crash,HP,S,22,Arcade,195,1012,5-Stairs; Bracket Jumps; Drills,Unrecorded,Hard,23.49
284cb432-6826-4385-959d-f479a01f7635,Pump me Amadeus,BanYa,KANG2,D,22,Arcade,170,1000,Co-op Pad Transitions; Cross-pad Transitions; Twists,Unrecorded,Hard,23.45
cd2db7fc-d0c1-43e3-8887-69dc5276f828,Mr. Larpus,BanYa,ANDAMIRO,S,22,Arcade,190,1005,5-Stairs; Runs; Twists,Unrecorded,Hard,23.44
3f558baf-ae8f-4b31-b145-ee6e79c80da8,T.B.H,QWER,NIMGO,S,22,Arcade,178,1260,5-Stairs; Side-3 Singles; Twists,Unrecorded,Hard,23.42
b1ea2fe7-e5fe-4510-83d4-3595e4a7736a,Final Audition Ep. 2-2,Yahpp,BPM,S,22,Arcade,200,1163,5-Stairs; Bursty; Staggered Brackets,Unrecorded,Medium,23.4
2b39bc3d-98eb-47c8-aa95-bac7e4b09ed6,DUEL,Cashew & D_AAN,FEFEMZ,S,22,Arcade,155,1025,Bracket Twists; Side-3 Singles; Twists,Unrecorded,Hard,23.38
4479bb88-712c-4dad-b1a4-5b08a580af98,Further,Doin,WINDFORCE,S,22,Arcade,194,1218,Anchor Runs; Bracket Twists; Drills,Unrecorded,Hard,23.37
7d5655b3-0e24-45a1-a99c-b9a8310637dd,Telling Fortune Flower,Koharu feat. Renyata,NIMGO,D,22,Arcade,200,,Anchor Runs; Mid-4 Doubles; Yog Walks,Unrecorded,VeryHard,23.35
bb3a661e-d3d9-4cf7-b86c-edf9de4ed5db,Appassionata,Cashew x D_AAN x Jehezukiel,EXC,S,22,Arcade,160 ~ 160,1400,Doublesteps; Footswitches; Runs Without Twists,Unrecorded,Hard,23.34
b1ed5a4b-4a0f-4069-9605-4b2436d6ed88,Leather,Doin,WINDFORCE,D,22,Remix,200,1450,10-Stairs; Anchor Runs; Mid-6 Doubles,Unrecorded,VeryHard,23.26
d266802b-0356-4b83-8851-6def1215bd48,DISTRICT V,Zekk vs MAX,SUNNY,S,22,Remix,178,1600,5-Stairs; Bracket Runs; Doublesteps,Unrecorded,Hard,23.24
d9e57768-6824-4e60-befb-ae50e8aaaf31,Awakening,typeMARS,refos,S,22,Arcade,150,1000,Brackets; Bracket Twists; Hold Footslides,Unrecorded,Hard,23.21
6df5dc87-0a75-4b6e-a845-784aedd54404,Final Audition Ep. 1,BanYa,KANG2,D,22,Arcade,189,1000,Bracket Runs; Co-op Pad Transitions; Twists,Unrecorded,Hard,23.19
52a1c17d-d72b-4919-b68f-87e3458271db,Sorceress Elise,YAHPP,BPM,S,22,Arcade,158,1270,Bursty; Drills; Side-3 Singles,Unrecorded,Medium,23.16
973da662-bc03-4af3-84cd-5e7ac7666982,Ghroth - SHORT CUT -,Nato,JUNARE,S,22,ShortCut,212,1065,Anchor Runs; Bursty; Runs Without Twists,Unrecorded,Medium,23.15
dbff1116-9617-47ec-a700-e2d3b1d55685,Skeptic,Doin,WINDFORCE,S,22,Arcade,200.1,1131,Bracket Drills; Doublesteps; Jacks,Unrecorded,Hard,23.14
d8e256d7-1e6b-4194-9c54-b2d4ca1d7261,Cleaner - SHORT CUT -,Doin,HP,D,22,ShortCut,203,1270,Bursty; Mid-4 Doubles; Mid-6 Doubles,Unrecorded,Medium,23.13
3f058af1-5605-4182-8a30-e0b1bab834f5,Final Audition Ep. 2-1,Yahpp,EHNE,S,22,Arcade,170,1105,5-Stairs; Jacks; Twists,Unrecorded,Medium,23.13
d362748f-b292-47ff-b71e-fa8fde55ef87,Yoropiku Pikuyoro !,Bakusute Sotokanda Icchome,GGWANG,S,22,Arcade,198,1100,5-Stairs; Hold Footslides; Jumps,Unrecorded,Medium,23.13
e7b8c22e-a6cf-4082-96c9-042bdfd8b87c,The Quick Brown Fox Jumps Over The Lazy Dog,Doin,OSING,D,22,Arcade,200,1100,Bursty; Mid-4 Doubles; Runs Without Twists,Unrecorded,Hard,23.08
16278b5b-c8e9-498b-ad78-41e32a8a32f8,Legendary Dominion,Laur,EXC,S,22,Arcade,210,1300,Bracket Runs; Runs; Runs Without Twists,Unrecorded,Hard,23.06
97434182-1c36-4f01-91ef-ef6c3c4153d3,We Love Your Step,EmoCosine,refos,S,22,Arcade,205,1357,,Unrecorded,Medium,23.04
285308c4-b664-4f54-9818-79da3e78814b,Robot battle,CYO Style,EXC,S,22,Arcade,198,1200,Hold Footslides; Runs; Runs Without Twists,Unrecorded,Medium,23
10669973-c29f-4ac8-b492-03206f0ac659,MURDOCH,WONDERTRAVELER Project,NIMGO,S,22,Arcade,179,1122,Anchor Runs; Runs; Twists,Unrecorded,Medium,22.99
19623061-719f-4443-b2ad-adfafa0ab357,Achluoias,D_AAN,EXC,S,22,Arcade,200,1323,5-Stairs; Side-3 Singles; Twists,Unrecorded,Medium,22.99
28739a8f-7362-45c2-af24-2e3472d7e09d,Imperium,sakuzyo,EXC,S,22,Arcade,174,1100,Anchor Runs; Bracket Jumps; Drills,Unrecorded,Hard,22.98
f525128f-97be-45bc-881d-c6534ffd97be,SUPER☆HARAGURO☆POP,Zekk,refos,S,22,Arcade,160,1212,Brackets; Bracket Runs; Bracket Twists,Unrecorded,Hard,22.77
0c6514fe-f734-4d6f-8b9b-99261dff7625,MilK,Morimori Atsushi,FEFEMZ,D,22,Arcade,155,1044,Bracket Jumps; Bracket Runs; Staggered Brackets,Unrecorded,Hard,22.76
80c41ed6-4ecb-4ff5-bb40-2719cb4782ef,Destr0yer,Unknown,EXC,S,22,Arcade,90,1300,Brackets; Doublesteps; Hold Footslides,Unrecorded,Medium,22.75
6d526924-327f-4bb2-8bf1-fd03a2f2b3be,BATTLE NO.1,TANO*C Sound Team,DulKi,S,22,Arcade,200,1313,Bracket Jumps; Jumps; Staggered Brackets,Unrecorded,Medium,22.74
218f8bba-83cf-460f-a270-3265db4cb7da,Get Your Groove On,BanYa,CONRAD,D,22,Arcade,96,1011,Bracket Twists; Bursty; Jacks,Unrecorded,Medium,22.73
84929d05-24e4-448b-a688-741a843ec9c1,DJ Otada,BanYa Production,HIDDEN PARTS,D,22,Arcade,180,1000,Bracket Jumps; Bursty; Drills,Unrecorded,Medium,22.73
9e010479-01b8-4216-94cb-863d9ac14284,Napalm,Doin,BPM,S,22,Arcade,185,1102,Drills; Footswitches; Jacks,Unrecorded,Hard,22.72
4b87ee6e-5f4b-4692-b45c-5610d262e84a,Skeptic,Doin,WINDFORCE,D,22,Arcade,200.1,1167,Cross-pad Transitions; Drills; Jacks,Unrecorded,Medium,22.72
74cb381a-e3e2-40b5-9741-2df2254c0d8d,Gargoyle,Sanxion7,EXC,S,22,Arcade,150,1300,Drills; Runs; Sustained,Unrecorded,Hard,22.7
6761e23a-b120-4b33-bdc2-b9ab10204cac,Phantom -Intermezzo-,BanYa Production,BPM,S,22,Arcade,140,1069,Jacks; Jumps; Twists,Unrecorded,Hard,22.66
d94807b9-6aa3-4b40-bff3-10818eee4880,La Cinquantaine,Pory,SUNNY,S,22,Arcade,164,1300,Bracket Twists; Doublesteps; Twists,Unrecorded,Medium,22.66
9ec4675c-6eba-46fb-9276-7bcbe3acb426,Moonlight,BanYa,KANG2,D,22,Arcade,180,1000,Drills; Jumps; Runs Without Twists,Unrecorded,Hard,22.66
c32d4779-64c6-43aa-9224-1e3fc9698803,Crimson Hood,Springhead,NIMGO,S,22,Arcade,190,1267,Doublesteps; Hold Footslides; Twists,Unrecorded,Hard,22.63
743f0eaa-86d2-4418-bbf3-6f56db8eb74b,Nyarlathotep - SHORT CUT -,Nato,EXC,S,22,ShortCut,200,1000,Anchor Runs; Bursty; Drills,Unrecorded,Medium,22.58
0573f996-fb48-46fb-ad00-cf40c89c7d04,Hymn of Golden Glory,Essbee,NIMGO,S,22,Arcade,244,1333,Bracket Runs; Bracket Twists; Hold Footslides,Unrecorded,Hard,22.56
92dc0a14-d326-4262-a3c3-ea26b91cd529,Love is a Danger Zone pt. 2,BanYa,BPM,S,22,Arcade,162,1182,5-Stairs; Jacks; Twists,Unrecorded,Medium,22.55
79ca8976-938b-408d-828c-724fa2c6bedf,Murdoch vs Otada,ESPITZ vs WONDERTRAVELER Project,FEFEMZ,S,22,Arcade,180,1221,Drills; Side-3 Singles; Twists,Unrecorded,Hard,22.55
b0de46d5-00ff-4a14-8ad9-9f939e0aabb6,Lacrimosa,Fiverwater,SUNNY,D,22,Arcade,210,,Bracket Jumps; Bracket Runs; Hold Footslides,Unrecorded,Hard,
4b00d4c5-9a46-4233-ad01-e6957c7f691c,Tream Vook of the war,BanYa,BPM,D,22,Remix,184 ~ 184,,10-Stairs; Anchor Runs; Drills,Unrecorded,,
7619f1ab-ff01-4287-bf20-79817eb78d39,Katkoi,M2U,GGWANG,S,22,Arcade,180,1100,5-Stairs; Drills; Twists,Unrecorded,Hard,22.49
44fec00f-5650-4c9e-8ac4-7c35ef99e2fb,Bad Apple!! feat. Nomico - FULL SONG -,Masayoshi Minoshima feat. Nomico,NIMGO,D,22,FullSong,138,1750,Cross-pad Transitions; Mid-4 Doubles; Sustained,Unrecorded,Medium,22.48
1e0940fc-f084-4736-bde7-eabf783335d6,T.B.H,QWER,NIMGO,D,22,Arcade,178,1204,Anchor Runs; Mid-4 Doubles; Staggered Brackets,Unrecorded,Hard,22.47
cc94e4bd-b12d-42be-b9c7-b76dfdca94c5,Asterios -ReEntry-,ATAS,NIMGO,D,22,Arcade,148,1025,Drills; Runs; Twists,Unrecorded,Hard,22.45
b892fbc5-fe11-4cb7-a1b0-8f1461be200e,Rush-More,litmus*,SPHAM,S,22,Arcade,160,1000,Brackets; Bracket Runs; Hold Footslides,Unrecorded,Medium,22.44
2936ccd6-7d93-43bc-9db1-6d97e4c97464,R.I.P,eicateve,EXC,S,22,Arcade,192,1300,Bracket Drills; Bracket Runs; Doublesteps,Unrecorded,Medium,22.44
16593df1-d4dd-4826-bbe8-ac62476ef6ad,Yo! Say!! Fairy!!!,MYUKKE.,SUNNY,D,22,Arcade,150,1150,Bracket Jumps; Co-op Pad Transitions; Hold Footslides,Unrecorded,Medium,22.41
be195148-4a14-47d6-aa49-228e3dd160ec,Extreme Music School 2nd period feat. Nanahira,Massive New Krew & RoughSketch,NIMGO,S,22,Arcade,210,1242,Bracket Drills; Hold Footslides; Jumps,Unrecorded,Hard,22.41
718fe758-52dd-4d69-ac37-e49d6e0d9705,Hercules,Abel,SPHAM,S,22,Arcade,195,1234,Anchor Runs; Bracket Drills; Bursty,Unrecorded,Medium,22.41
a0045553-b60c-45fc-b986-fac589f30922,Arirang,BanYa Production,BPM,S,22,Arcade,160,1271,Doublesteps; Jacks; Twists,Unrecorded,Medium,22.4
d18fd5b4-db17-4323-8bda-36ca4e968592,My Dreams,BanYa Production,WINDFORCE,D,22,Arcade,136,1033,Bursty; Jacks; Yog Walks,Unrecorded,Hard,22.38
16b1bd90-b259-45dd-b900-b62ea9ed5ff2,Maria,BanYa,MINAMI,D,22,Arcade,136,1000,Doublesteps; Sustained; Twists,Unrecorded,Medium,22.35
16f953e0-518f-4902-88c5-883226f784bd,Black Swan,zeron,EXC,D,22,Arcade,175,,Anchor Runs; Drills; Twists,Unrecorded,Medium,22.34
cc8fb9d7-f4a8-484c-ac46-5c21f8586602,Interference,Doin,WINDFORCE,D,22,Arcade,180.4,,Cross-pad Transitions; Sustained; Twists,Unrecorded,Easy,22.32
e374f674-29bc-4195-b797-63b54d8a6c7e,Freedom Dive,xi,EXC,S,22,Arcade,222.22,1400,Bracket Twists; Doublesteps; Jacks,Unrecorded,Medium,22.31
056f0c9a-fb7b-4d31-9e94-9c9296e0bb94,E.O.N,HiTECH NINJA,CONRAD,S,22,Arcade,165,1241,Bracket Drills; Bracket Runs; Staggered Brackets,Unrecorded,Medium,22.31
bf998ccd-3e44-41be-9d31-8244abc1f2a4,Neo Catharsis,TAG underground overlay,EXC,S,22,Arcade,120 ~ 120,1400,Doublesteps; Footswitches; Runs Without Twists,Unrecorded,Medium,22.3
76c7a03e-05c2-49bf-b2d7-1c2453ee2d67,Papa Gonzales,BanYa,WINDFORCE,S,22,Arcade,145,1000,Bracket Jumps; Bursty; Side-3 Singles,Unrecorded,Medium,22.3
e94b6104-fe30-4967-8190-1c24949567e1,Switronic,SHK,FEFEMZ,D,22,Arcade,120 ~ 120,1039,Cross-pad Transitions; Runs; Sustained,Unrecorded,Medium,22.3
2f307a64-2133-4678-b705-35e18a3ceeed,Meteo5cience (GADGET mix),Paul Bazooka,,D,22,Remix,,1300,Brackets; Bracket Runs; Hold Footslides,Unrecorded,Medium,22.3
7d05cb24-17cc-46f1-b2d1-9dbd6bc3de97,Avalanche,Memme,NIMGO,S,22,Arcade,175,1365,Anchor Runs; Bracket Runs; Runs,Unrecorded,Medium,22.3
b3fb969b-658b-4105-8794-1663489db211,Spooky Macaron,Sobrem,CONRAD,S,22,Arcade,201,1389,Bracket Drills; Bursty; Side-3 Singles,Unrecorded,Medium,22.3
b1d9bc3d-82c4-4822-8aad-342e3cc8a52a,ESP,Nato,CONRAD,S,22,Arcade,175,1100,Bracket Drills; Bracket Runs; Bracket Twists,Unrecorded,Hard,22.3
4a723537-34ac-4b10-a9e9-5c52974bd56b,Mahika,The Musical Ghost,CONRAD,S,22,Arcade,188,1273,Brackets; Bursty; Staggered Brackets,Unrecorded,Medium,22.29
52ad4dea-b5f7-45bf-a460-a90b97ef46e6,Paved Garden,Ginkiha,OSING,S,22,Arcade,187,1281,Bracket Drills; Bracket Runs; Hold Footslides,Unrecorded,Medium,22.28
cc0c8611-1ad8-4757-b753-739a3df3f1d3,BRAIN POWER,NOMA,SUNNY,S,22,Arcade,170 ~ 170,1219,Doublesteps; Jacks; Jumps,Unrecorded,Medium,22.24
b9bb6412-66c1-4021-978c-652eefa9e214,Desaparecer,Applesoda vs MAX,EXC,S,22,Remix,174,1400,5-Stairs; Footswitches; Twists,Unrecorded,Medium,22.23
39ac658a-2395-4298-a669-2b64fa97317a,Crash-Landing Rendezvous,Xyris,FEFEMZ,S,22,Arcade,128 ~ 128,1305,Anchor Runs; Bracket Jumps; Staggered Brackets,Unrecorded,Medium,22.22
07f1ade6-9939-47f8-a164-fdd47a9ca0ec,Dream To Nightmare,Nightmare,WINDFORCE,D,22,Arcade,178,1234,Bursty; Jumps; Twists,Unrecorded,Medium,22.22
a7bfd48f-0dee-40c7-b77d-671298ed7b4e,Harmagedon,HyuN vs lixound,SUNNY,S,22,Arcade,194,1234,Bracket Runs; Runs; Runs Without Twists,Unrecorded,Medium,22.21
a8f2a31f-b783-45f8-90c0-39ea8ce6b7e3,QUATTUORUX,打打だいず Vs. Tanchiky Vs. からめる,FEFEMZ,S,22,Arcade,220,1625,Bracket Drills; Bracket Jumps; Bursty,Unrecorded,Medium,22.21
62465cb0-7a12-4af4-a004-ab0a97a2a4e8,Chobit Flavor,aran & t+pazolite,CONRAD,S,22,Arcade,180,1294,Brackets; Bracket Runs; Staggered Brackets,Unrecorded,Medium,22.21
8f741f37-560b-4646-8ebb-bc1cfe2caccb,Horang Pungryuga,Sangnoksu feat. HANANA,EXC,D,22,Arcade,160,1161,Anchor Runs; Runs; Twists,Unrecorded,Hard,22.2
3e8cd576-8189-4a95-8ed3-5a62712fcc69,Indestructible,Matduke,AEVILUX,S,22,Arcade,174,1200,Footswitches; Jacks; Staggered Brackets,Unrecorded,Medium,22.2
68b7398b-f842-4547-b81e-d5eca3c1a7e7,"Dizzy Dance, Street Light",WyvernP,NIMGO,D,22,Arcade,128,1192,,Unrecorded,Medium,22.19
7830e001-7080-4623-8119-df3fea34f7f9,Kokugen Kairou Labyrinth,A:llhα & ANE & 2riA,CONRAD,D,22,Arcade,215,1078,Drills; Mid-4 Doubles; Mid-6 Doubles,Unrecorded,Medium,22.18
81a0ec37-cca3-4dda-a825-5d5166d2b2ba,Slam,Novasonic,KANG2,D,22,Arcade,131.99,1000,Cross-pad Transitions; Jumps; Twists,Unrecorded,Medium,22.18
c8464ccb-32a5-491e-924e-62b13c96067e,Uranium,Memme,WINDFORCE,S,22,Arcade,170,1364,5-Stairs; Side-3 Singles; Twists,Unrecorded,Hard,22.18
115b6502-6e04-4cc9-accb-526590f1b983,Donatello,Triplestar,NIMGO,S,22,Arcade,175,1061,5-Stairs; Side-3 Singles; Twists,Unrecorded,Hard,22.18
780e14b8-9553-4381-8447-d4f8c5d6248b,Vanish 2 - Roar of the invisible dragon,Applesoda,SPHAM,S,22,Arcade,190,1309,Bursty; Runs Without Twists; Twists,Unrecorded,Medium,22.18
6eda514e-fde1-4a79-94fc-85c441e1d508,Punishment Restaurant,memme,JUNARE,D,22,Arcade,175,1250,Jacks; Mid-6 Doubles; Staggered Brackets,Unrecorded,Hard,22.17
e6bb0764-0570-4918-b0c5-6cc39e0649e2,VANISH,Applesoda,OSING,D,22,Arcade,174,1279,Bracket Runs; Cross-pad Transitions; Hold Footslides,Unrecorded,Medium,22.16
4f9c06eb-454b-4cdd-b1d8-38e20187e966,Dreamchasers,s-don,GGWANG,D,22,Arcade,155,1150,Bracket Twists; Footswitches; Jumps,Unrecorded,Hard,22.12
5982a6d1-08d0-4c0c-86d5-fe7a695acecd,Keep On!,AmamoriP,OSING,D,22,Arcade,185,1187,Bracket Drills; Bracket Runs; Staggered Brackets,Unrecorded,Easy,22.12
23e79c3d-aef0-4a14-9105-a62c40295588,Little Munchkin,Castellia,OSING,D,22,Arcade,180,1345,Bracket Drills; Bracket Runs; Bursty,Unrecorded,Medium,22.09
adcf9e3c-4054-47df-98bf-00bcca4aee07,* this game does not exist *,litmus* x Ester,DulKi,D,22,Arcade,40 ~ 40,1234,Cross-pad Transitions; Mid-4 Doubles; Mid-6 Doubles,Unrecorded,Medium,22.09
08300be3-c7c1-4286-b83f-a7bf92525b9b,CHAOS AGAIN,NAOKI underground -Ω-,SPHAM,S,22,Arcade,150 ~ 150,1250,Bracket Jumps; Bracket Twists; Jumps,Unrecorded,Medium,22.07
4182b09a-f1c5-407e-8b2a-c4cf847654cf,Rolling Christmas,BanYa,AEVILUX,D,22,Arcade,142,1000,Anchor Runs; Runs; Twists,Unrecorded,Medium,22.07
fc886f3e-0bd3-4e6f-b5fd-c56540a7beb2,video out c,Vospi,NIMGO,S,22,Arcade,198,1370,Anchor Runs; Bursty; Side-3 Singles,Unrecorded,Medium,22.05
7be27cc8-9007-49bc-815b-7c08dc9469a4,Rush-Hour,litmus*,FEFEMZ,D,22,Arcade,112,1159,Bursty; Mid-4 Doubles; Mid-6 Doubles,Unrecorded,Medium,22.04
37546539-e70c-4668-8540-784a635a3096,SUPER☆HARAGURO☆POP,Zekk,refos,D,22,Arcade,160,1100,Bracket Jumps; Jacks; Jumps,Unrecorded,Medium,22.03
945a633d-13c7-4371-bf3c-714f6edc3d1d,Utopia,Smiley,SUNNY,D,22,Arcade,166,1150,Cross-pad Transitions; Runs; Twists,Unrecorded,Medium,22.03
7d595ce3-1fcc-44be-926e-a73a7d9a1510,Extravaganza,BanYa,BPM,S,22,Arcade,195,1333,5-Stairs; Sustained; Twists,Unrecorded,Medium,22.03
a1491e19-982a-47ee-8a21-3646969f99ab,Fires of Destiny,Jehezukiel,BME,D,22,Arcade,155,1123,Bracket Jumps; Drills; Runs Without Twists,Unrecorded,Medium,22.02
44ad69fe-4dc2-4eef-8b93-98d4443d9f34,Giselle,Sobrem a.k.a. Widowmaker,DulKi,D,22,Arcade,128 ~ 128,1146,Bursty; Cross-pad Transitions; Staggered Brackets,Unrecorded,Easy,22.01
57d99748-2df1-4938-98f8-649f7d9aa067,Death Moon,SHK,NIMGO,D,22,Arcade,160,1141,10-Stairs; Bracket Twists; Twists,Unrecorded,Medium,22
49c61e33-41d3-4e93-813d-891118ca8127,We Love Your Step,EmoCosine,refos,D,22,Arcade,205,1200,,Unrecorded,Medium,21.99
bcc79c73-14ce-451f-8847-37b06e7a58f8,Hellfire,Memme,SUNNY,S,22,Arcade,170,1319,Bracket Twists; Jacks; Twists,Unrecorded,Medium,21.99
aa840604-5fea-4769-be82-db7488cafdf4,Flavor Step!,EmoCosine,SPHAM,D,22,Arcade,150,1091,Co-op Pad Transitions; Doublesteps; Mid-6 Doubles,Unrecorded,Medium,21.98
770fd943-1b06-4f65-a2ed-cf6cc1cb4c24,BLAZOR,WONDERTRAVELER Project,GGWANG,S,22,Arcade,161,1150,5-Stairs; Side-3 Singles; Twists,Unrecorded,Medium,21.97
2b9ecd56-3f0d-4e06-8bd1-11a13e4c946a,Pumptris Quattro,Yahpp,BPM,D,22,Arcade,153,1102,10-Stairs; Co-op Pad Transitions; Twists,Unrecorded,Hard,21.97
39906454-7b27-4d7b-ad1f-946b534a858b,Hi Bi,BanYa,Rune & EHNE,D,22,Arcade,145,1136,Hands; Hold Footslides; Jumps,Unrecorded,Medium,21.97
d5d956d0-80b7-47b1-8524-00c7a5bf2221,BOOOM!!,RiraN,DulKi,D,22,Arcade,160,1055,Cross-pad Transitions; Doublesteps; Jumps,Unrecorded,Medium,21.96
c1d9751a-4dc0-4d13-a228-3f734a0a096b,Banya Classic Remix,BanYa,KANG2,D,22,Remix,162 ~ 162,1095,Co-op Pad Transitions; Jumps; Splits,Unrecorded,Medium,21.96
ae666a64-0197-4879-af3b-32fe18b7da3c,Club Night,Matduke,AEVILUX,S,22,Arcade,170,1233,Bracket Drills; Bracket Twists; Staggered Brackets,Unrecorded,Medium,21.95
431b9d03-042d-43e9-80c7-a069dd195b63,Passacaglia,SynthWulf,WINDFORCE,D,22,Arcade,175,1200,Bracket Drills; Co-op Pad Transitions; Doublesteps,Unrecorded,Medium,21.94
3274d5be-0c8c-4fba-88b6-bce9e8e49cfb,FFF,Doin,BPM,D,22,Arcade,200,1207,Anchor Runs; Drills; Jacks,Unrecorded,Hard,21.93
5e04c105-9a3b-46c6-97a9-2608e387d380,Soldiers (TANO*C W TEAM RED ANTHEM),DJ Noriken,SUNNY,D,22,Arcade,170,1060,Brackets; Bracket Jumps; Hold Footslides,Unrecorded,Hard,21.91
8cb9cbf8-06b1-4bae-992e-c653d0cf2efb,Mr. Larpus,BanYa,OSING,D,22,Arcade,190,1000,Bursty; Co-op Pad Transitions; Mid-4 Doubles,Unrecorded,Medium,21.91
56c8c170-6752-4342-8edc-1c4938d24593,Becouse of You,Srav3R & USAO,FEFEMZ,D,22,Arcade,175,1316,Brackets; Hold Footslides; Staggered Brackets,Unrecorded,Medium,21.91
a774e662-ee5c-4f97-ab6b-1280b827c59c,Lohxia,The Musical Ghost,CONRAD,D,22,Arcade,155,1263,Bracket Drills; Bracket Twists; Staggered Brackets,Unrecorded,Medium,21.91
fd1bc60e-4c25-445d-be69-ad230b6cd19b,Allegro Con Fuoco,DM Ashura,EXC,S,22,Arcade,156,1174,5-Stairs; Jumps; Twists,Unrecorded,Medium,21.9
48fa4b56-b080-49ab-86dc-39043c0f936f,Lucid Dream,Unknown,SPHAM,D,22,Arcade,173,1202,Bracket Drills; Bracket Runs; Twists,Unrecorded,Medium,21.9
4b03e3a6-4b59-4bb8-93f3-79aa34ee3002,The Reverie,uma,CONRAD,D,22,Arcade,150,1111,10-Stairs; Co-op Pad Transitions; Doublesteps,Unrecorded,Medium,21.9
d7104a6d-6f70-4001-b43a-8d5fd27dcad2,Earendel,Palami feat.neur6sia,SUNNY,S,22,Arcade,180,1350,Bracket Runs; Doublesteps; Staggered Brackets,Unrecorded,Easy,21.89
3a86d391-01b9-4e78-a1b2-617bf8d418b3,That Kitty (PIU Edit.),MonstDeath,SPHAM,D,22,Arcade,190,1087,Jacks; Mid-6 Doubles; Staggered Brackets,Unrecorded,Medium,21.87
f7b48a7b-1541-4f33-95c7-3d4823aa55ee,Underworld ft. Skizzo (PIU Edit.),MonstDeath vs Neutral Moon,CONRAD,D,22,Arcade,190,1115,Bracket Drills; Bursty; Mid-6 Doubles,Unrecorded,Easy,21.87
f6faf256-971c-44ff-a5bc-529dfbf89d91,CROSS SOUL,HyuN feat. Syepias,NIMGO,S,22,Arcade,200,1300,Bracket Drills; Runs Without Twists; Staggered Brackets,Unrecorded,Medium,21.84
3146c01e-ebf0-4098-825e-993e7d08e8e3,Chicken Wing,BanYa,DAEGUOSU & OSING,S,22,Arcade,200,1251,Bracket Drills; Bracket Twists; Bursty,Unrecorded,Medium,21.82
d62ea0fe-3fea-41e0-a06f-7abea40d854d,Witch Doctor,BanYa,KANG2,D,22,Arcade,195,,Bracket Runs; Jacks; Twists,Unrecorded,Hard,21.82
d57a8403-12d4-41cc-8040-6cbf828f8fc0,Cleaner - SHORT CUT -,Doin,ANDAMIRO,S,22,ShortCut,203,1106,5-Stairs; Footswitches; Staggered Brackets,Unrecorded,Easy,21.8
f7e576e2-aca7-405f-ae54-b5c090247738,OVERNIGHT FLOWER,P*Light,CONRAD,S,22,Arcade,210,1241,Doublesteps; Jumps; Staggered Brackets,Unrecorded,Easy,21.79
8905390b-eeaa-45a2-bdca-a1d2ebe795e2,Curiosity Overdrive,t+pazolite,DulKi,S,22,Arcade,192,1207,Bracket Jumps; Doublesteps; Staggered Brackets,Unrecorded,Medium,21.78
2969f7be-d795-4731-abc7-0226a91905f7,Kimchi Fingers,Garlic Squad,EXC,D,22,Arcade,190,1200,Brackets; Bracket Twists; Jumps,Unrecorded,Hard,21.78
6a744a8f-4d0a-4cbb-9044-ad7189503f8e,FFF,Doin,WINDFORCE,S,22,Arcade,200,1231,5-Stairs; Sustained; Twists,Unrecorded,Medium,21.77
8d8bec0a-03eb-46cc-81e2-37e258dbe16c,Cross Over feat. LyuU,HyuN feat. LyuU,NIMGO,S,22,Arcade,200,1317,Bracket Drills; Side-3 Singles; Staggered Brackets,Unrecorded,Easy,21.76
ffd6f6d7-306e-4726-b7cc-d088ff3c4749,Aragami,xi,FEFEMZ,S,22,Arcade,48 ~ 48,1349,Anchor Runs; Drills; Runs Without Twists,Unrecorded,Medium,21.75
892ec25f-4cfe-4a74-bca6-f2936ee909a8,Do the Dance,ILLIT (아일릿),CONRAD,D,22,Arcade,130,1100,Co-op Pad Transitions; Hands; Twists,Unrecorded,Medium,21.75
ec73746c-f6ed-4ca8-bc8b-3930575ab3f2,Giselle,Sobrem a.k.a. Widowmaker,DulKi,S,22,Arcade,128 ~ 128,1205,Bracket Jumps; Bursty; Staggered Brackets,Unrecorded,Medium,21.75
8a563209-cf5b-4be3-a23f-43e9a54642aa,Iolite Sky,Doin,WINDFORCE,D,22,Arcade,90,1012,Hold Footslides; Jacks; Jumps,Unrecorded,Easy,21.75
3b249b9b-b7d0-4f17-9883-2024e85a2d50,Radetzky Can Can,BanYa,WINDFORCE,D,22,Arcade,197,1010,10-Stairs; Doublesteps; Jumps,Unrecorded,VeryHard,21.75
37dad85d-30e0-4add-ba0f-d08c95630aee,Papasito (feat.  KuTiNA) - FULL SONG -,Yakikaze & Cashew feat. KuTiNA,AEVILUX,S,22,FullSong,128,2000,Bracket Jumps; Bracket Twists; Jumps,Unrecorded,Medium,21.73
1b016974-03d2-4751-9675-f741e7d53beb,* this game does not exist *,litmus* x Ester,DulKi,S,22,Arcade,40 ~ 40,1400,Anchor Runs; Bursty; Staggered Brackets,Unrecorded,Medium,21.73
acf6b3c7-b89e-45a0-ad53-fbc31d7bb946,Silver Beat feat. ChisaUezono,Tatsh feat. ChisaUezono,refos,D,22,Arcade,153,1234,Bracket Drills; Bracket Runs; Bracket Twists,Unrecorded,Medium,21.71
ce1c4821-7d6d-4a4b-bbac-bed2d3d1a349,Hypnosis(SynthWulf Mix),BanYa & SynthWulf,OSING,D,22,Arcade,175,1223,10-Stairs; Jacks; Staggered Brackets,Unrecorded,Hard,21.7
8cdf10bf-b97d-4bde-b3e5-64a83c9ed1f0,Arirang,BanYa Production,BPM,D,22,Arcade,160,1185,Bursty; Cross-pad Transitions; Doublesteps,Unrecorded,Medium,21.69
fc36ff57-579e-4fc9-8ed9-a2f8b29aaddb,4NT,PODA,OSING,S,22,Arcade,180,1100,Bracket Drills; Bracket Runs; Bracket Twists,Unrecorded,Easy,21.68
528da4ae-498e-43b3-9aec-a96652262df9,Super Fantasy,SHK,EXC,D,22,Arcade,145,1221,Runs; Runs Without Twists; Sustained,Unrecorded,Medium,21.67
cecf607f-eb7a-4d3b-912e-464d4883c213,Unfelicitas,Fiverwater,SUNNY,S,22,Arcade,192,1290,,Unrecorded,Medium,21.66
af75defc-a893-4828-94d2-042e2f631290,Hardkore of the North,Diclonius Kid,EXC,S,22,Arcade,190,1249,5-Stairs; Anchor Runs; Twists,Unrecorded,Easy,21.65
36012812-3278-4b5f-89c9-7d24a41c73ec,Rage of Fire,MAX,refos,D,22,Arcade,155,999,10-Stairs; Runs; Twists,Unrecorded,Medium,21.65
3d88aacd-70e5-4330-ba54-73d92c94828a,Clematis Rapsodia,Jehezukiel,BME,S,22,Arcade,260,1200,Brackets; Bracket Runs; Sustained,Unrecorded,Easy,21.63
7b8070b3-a1a9-4dfd-be10-5740bd5a674d,Rise Up (feat. Miori Celesta),memme,CONRAD,S,22,Arcade,190,1265,,Unrecorded,Easy,21.62
27a152a5-596a-4544-af2d-28b425c1b66a,Hyacinth,Yahpp,NIMGO,S,22,Arcade,193,1141,5-Stairs; Jacks; Side-3 Singles,Unrecorded,Medium,21.62
62bb5a40-0782-4350-a796-d2c786b3759a,Barber's Madness,Klass E,,S,22,Arcade,,1152,Bracket Drills; Bracket Runs; Jacks,Unrecorded,Medium,21.61
bbc92e59-eb32-44d0-827c-2dd0c69b9d10,Destination - SHORT CUT -,SHK,BPM,D,22,ShortCut,150,826,Runs; Runs Without Twists; Sustained,Unrecorded,Medium,21.61
1d91fcb0-dc1e-4ece-a57b-c97a5c02f61b,Pneumonoultramicroscopicsilicovolcanoconiosis ft. Kagamine Len/GUMI,DASU,,D,22,Arcade,,1771,Bracket Twists; Doublesteps; Sustained,Unrecorded,Easy,21.59
f6e7f22f-513d-42cd-af4a-47d8da38a463,Ultimate Eyes,HyuN,SUNNY,S,22,Arcade,185,1298,Brackets; Bracket Runs; Staggered Brackets,Unrecorded,Medium,21.59
564bfd1c-1230-466a-897a-87557b9d7dca,CALL ME BACK,TNX,SUNNY,D,22,Arcade,128,1113,Bracket Jumps; Doublesteps; Hold Footslides,Unrecorded,Easy,21.59
11e66074-d13a-4fe3-8700-34be96bb1839,Hymn of Golden Glory - SHORT CUT -,Essbee,GGWANG,D,22,ShortCut,244,1100,Bracket Twists; Bursty; Mid-4 Doubles,Unrecorded,Medium,21.58
14ff40f7-42de-4c54-b6ac-f26817b90a24,Highway Chaser,Cosmograph,SUNNY,D,22,Arcade,155,1020,Bracket Jumps; Runs; Runs Without Twists,Unrecorded,Medium,21.57
d73caa1d-5b02-410c-989c-0d1359aa92f9,Vector,Zekk,SPHAM,S,22,Arcade,178,1427,Bracket Runs; Jumps; Sustained,Unrecorded,Medium,21.56
524d4976-4b47-4954-8ff1-a6dc0a754bc2,Underworld ft. Skizzo (PIU Edit.),MonstDeath vs Neutral Moon,BME,S,22,Arcade,190,1291,Bracket Drills; Bursty; Footswitches,Unrecorded,Medium,21.56
e3f2f91f-5a08-409b-aeb0-d015ce4794d3,PRiMA MATERiA - SHORT CUT -,xi,refos,D,22,Arcade,187,1111,,Unrecorded,Easy,21.55
7c2f77fc-9e40-4e8f-9841-2542a59187d2,Point Zero One,SynthWulf,NIMGO,D,22,Arcade,170,1184,Anchor Runs; Mid-4 Doubles; Mid-6 Doubles,Unrecorded,Easy,21.55
58c2f257-681c-4d8a-aa30-976736ee6618,Stardream -Eurobeat Remix- - SHORT CUT -,MAX x Cashew x Dave Rodgers,GGWANG,D,22,ShortCut,160,1100,Runs; Runs Without Twists; Twists,Unrecorded,Easy,21.52
6e79eff8-04dc-450f-878b-88f699060e6f,See,Doin,DulKi,S,22,Arcade,293,1234,Bracket Twists; Doublesteps; Twists,Unrecorded,Easy,21.51
06dec061-a7af-4439-b89d-31810e867660,wither garden,uma feat. Kanon Tachibana,CONRAD,D,22,Arcade,168,1220,Doublesteps; Footswitches; Jumps,Unrecorded,Easy,21.5
2ca7f00c-a99b-4bd8-ad8c-d98947b6e639,Full Moon - FULL SONG -,Dreamcatcher,BME,S,22,FullSong,190,1715,Runs; Runs Without Twists; Sustained,Unrecorded,Easy,21.5
170242a5-2b3e-46b3-8568-f1a0d513ab4a,Spooky Macaron,Sobrem,CONRAD,D,22,Arcade,201,1245,Bursty; Mid-4 Doubles; Mid-6 Doubles,Unrecorded,Easy,21.5
8919d95a-f8ea-46c7-895d-aa16efee1494,Super Akuma Emperor,REDALiCE,DIESEL,S,22,Arcade,240,1357,Footswitches; Jacks; Jumps,Unrecorded,Easy,21.49
85c5ccf4-9500-448e-8972-0d1e05cea13a,"Phalanx ""RS2018 edit""",Cranky vs kors k,SPHAM,S,22,Arcade,145,1004,Brackets; Bracket Runs; Bracket Twists,Unrecorded,Medium,21.49
2a56302b-d8b8-4951-a1e3-9d3537e3b1ee,Carmen Bus,StaticSphere & FUGU SUISAN,NIMGO,D,22,Arcade,170,1207,Anchor Runs; Runs; Runs Without Twists,Unrecorded,Medium,21.46
dc2cbb9f-b5de-4b0c-9ee8-ee0cf2f60068,ALiVE,REDALiCE,SPHAM,S,22,Arcade,170,1320,Anchor Runs; Brackets; Side-3 Singles,Unrecorded,Easy,21.4
634a1be3-1412-49ff-a462-a5bd9ae0b18e,Heart Rabbit Coaster,Nato,FEFEMZ,D,22,Arcade,200,1125,Bursty; Jacks; Jumps,Unrecorded,Medium,21.34
ff3e14b6-d2e6-48c1-9aaa-8a99a168ba39,BLAZOR,WONDERTRAVELER Project,GGWANG,D,22,Arcade,161,1111,Anchor Runs; Doublesteps; Runs Without Twists,Unrecorded,Easy,21.2
7e2efea0-11a1-4866-84c4-9cfe19443d8a,I Want U,MAX,SUNNY,D,22,Arcade,156,1177,Mid-4 Doubles; Runs; Runs Without Twists,Unrecorded,Easy,21.19
7602a00c-a7b2-40b3-86d5-0b27a97d2191,iRELLiA,HyuN,CONRAD,S,22,Arcade,204,1367,Anchor Runs; Bracket Drills; Jacks,Unrecorded,Easy,21.03
f09d5f55-b40e-4cd6-a58d-91535d31fd85,Doppelganger,MonstDeath,CONRAD,S,22,Arcade,210,1308,Bracket Jumps; Bursty; Jumps,Unrecorded,Easy,21.02
59309db9-4e9e-469d-b5cb-751436702f98,What Happened,Throwdown,WINDFORCE,S,22,Arcade,130,1000,Bracket Runs; Doublesteps; Jumps,Unrecorded,Medium,20.93
545dca58-b3fe-40e2-b7f1-f549507e4af4,Redline,Archefluxx,HAPPENSO,D,22,Arcade,170,1003,Mid-4 Doubles; Twists; Yog Walks,Unrecorded,Medium,20.8
be538f2b-3654-49db-bff5-3532f4e086f0,Good Night,Dreamcatcher,NIMGO,D,22,Arcade,196,1303,Bursty; Runs Without Twists; Yog Walks,Unrecorded,Medium,20.77
3d5147db-8445-46be-92de-9646c99a863d,The Stranger,ONF (온앤오프),CONRAD,D,22,Arcade,116,1102,Bracket Drills; Bracket Runs; Jumps,Unrecorded,Easy,20.7
aad70349-bb97-43dd-9a4e-e601553751b3,Repeatorment Remix,BanYa,SUNNY,D,22,Remix,150,1288,Anchor Runs; Jacks; Runs,Unrecorded,Easy,20.62
b05a5877-bf94-4045-a2a5-3b71a8fc34c4,Hungarian Dance V,BanYa Production,SUNNY,D,22,Arcade,145,1000,Bracket Jumps; Bursty; Jumps,Unrecorded,Easy,19.5
9816a8d3-17c5-4047-9a20-58bc942e4bcb,Re:End of a Dream,uma vs. Morimori Atsushi,FEFEMZ,D,22,Arcade,212,1298,Bracket Jumps; Mid-4 Doubles; Mid-6 Doubles,Unrecorded,Medium,19.5
153d6469-378b-42db-bd2e-19518277a09a,Beat of the War 2 - FULL SONG -,Yahpp,BPM,D,22,FullSong,120 ~ 120,,Drills; Jacks; Yog Walks,Unrecorded,Medium,19.49
e749b65f-62f8-41c1-8201-f2a774dd9bd8,Solfeggietto,Unknown,WINDFORCE,S,22,Arcade,157,1400,Runs; Runs Without Twists; Sustained,Unrecorded,Medium,19.49
c68ef4c8-0df9-4396-a9b2-7dd6e015e551,Love is a Danger Zone 2 - FULL SONG -,Yahpp,BPM,D,22,FullSong,100 ~ 100,2342,Hands; Jacks; Splits,Unrecorded,Easy,19.47
a5ca5ab4-de62-4c9e-b28c-3e205fbf0d53,Beethoven Virus,BanYa,KANG2,D,22,Arcade,162,1000,Cross-pad Transitions; Jacks; Twists,Unrecorded,Medium,0
80eff1b5-5dda-45fc-9fd0-9930e35a225a,Csikos Post,BanYa,NEXXTPOKE,D,22,Arcade,180,1013,Bracket Jumps; Cross-pad Transitions; Drills,Unrecorded,Medium,0
2d1ba583-cc46-4591-8df2-f182d32cd5a6,ESP,Nato,CONRAD,D,22,Arcade,175,1100,Anchor Runs; Mid-6 Doubles; Staggered Brackets,Unrecorded,Hard,0
cdc85d25-21bb-42f7-b98d-c8e3625401df,Final Audition Ep. 2-1,Yahpp,WING,D,22,Arcade,170,1003,Bracket Drills; Cross-pad Transitions; Twists,Unrecorded,VeryHard,0
4d0e3765-8bb2-4443-8951-64afd3e2bc98,God Mode 2.0 feat. Skizzo,Nato feat. Skizzo,NIMGO,D,22,Arcade,155,1201,Anchor Runs; Mid-4 Doubles; Twists,Unrecorded,Medium,0
e1fe1409-7e96-4422-b745-3ddfbf855a20,Karyawisata,Vesuvia x REDSHiFT,OSING,D,22,Arcade,150 ~ 150,1258,Bursty; Drills; Runs Without Twists,Unrecorded,Medium,0
c8ea89f6-b3cf-44df-a530-040d20d8a282,POINT ZERO 2,SynthWulf,FEFEMZ,D,22,Arcade,170,1089,Brackets; Bracket Jumps; Yog Walks,Unrecorded,Hard,0
5ff17fe1-7a24-43c1-8937-2e37858e281b,Red Snow,Cashew,AEVILUX,D,22,Arcade,170,1200,10-Stairs; Bracket Runs; Runs Without Twists,Unrecorded,Hard,0
9c73857b-8b56-434d-b56f-672e6bc6f0f8,THE REVOLUTION,MAX & DOOM,PACODO,D,22,Arcade,160,1154,Anchor Runs; Hold Footslides; Twists,Unrecorded,Hard,0
cde0bd02-735e-4e27-ba99-c3f7bfd295eb,XTREE,Yahpp,BPM,D,22,Arcade,190,1097,Footswitches; Jacks; Twists,Unrecorded,Medium,0
00562626-412a-42a8-a7e0-0c95bc1e86d4,Leakage Voltage,Doin,Z_AL,S,21,Arcade,180,1105,Side-3 Singles; Sustained; Twists,Unrecorded,VeryHard,24.68
83bd569d-9175-4682-905d-db0b6d96f2a6,Big Daddy,USAO,FEFEMZ,S,21,Arcade,190,1027,Bracket Drills; Doublesteps; Jacks,Unrecorded,VeryHard,24.63
97076b4b-738c-45ae-88be-1b8a5408d5ff,msgoon RMX pt.6,msgoon,ANDAMIRO,D,21,Remix,150,1412,Drills; Mid-4 Doubles; Twists,Unrecorded,VeryHard,24.6
262baae9-d290-4191-b981-99ec7cf94907,Aragami,xi,FEFEMZ,D,21,Arcade,48 ~ 48,,Bursty; Drills; Staggered Brackets,Unrecorded,Hard,24.57
0af4692c-dbcd-462e-bd5b-75061dd718d5,Destination - SHORT CUT -,SHK,BPM,D,21,ShortCut,150,,Bursty; Runs Without Twists; Twists,Unrecorded,VeryHard,24.45
e39df372-989e-4b3c-bbd3-2b8f9fb32f83,V3,Beautiful Day,WINDFORCE,D,21,Arcade,160,1015,10-Stairs; Bracket Jumps; Bursty,Unrecorded,Underrated,24.23
d8f75b9e-bace-4370-b057-44a1c7930932,Poseidon - SHORT CUT -,Quree,EXC,S,21,ShortCut,160,1000,5-Stairs; Runs; Twists,Unrecorded,VeryHard,24.22
ab162d11-933b-4935-927b-df3d403ddbc6,Night Duty,A.V.,SUNNY,D,21,Arcade,140,,Co-op Pad Transitions; Doublesteps; Sustained,Unrecorded,Underrated,24.2
9e186f0b-4ca2-4184-816b-4e87094b68a6,Poseidon - SHORT CUT -,Quree,EXC,D,21,ShortCut,160,1000,Runs; Runs Without Twists; Twists,Unrecorded,Medium,24.2
e69d71a0-e7bc-48a6-9d50-92e1196053a1,Mopemope,LeaF,EXC,S,21,Arcade,100,1000,5-Stairs; Anchor Runs; Drills,Unrecorded,Hard,24.08
cc80e0ff-7b2d-4b92-bc17-8c5d7f9c893c,Loki,Lotze,EXC,S,21,Arcade,140,1000,Anchor Runs; Bracket Drills; Footswitches,Unrecorded,VeryHard,24.06
37886050-5c68-4721-ab33-52ef09b13711,Wicked Legend,D_AAN,WINDFORCE,D,21,Arcade,150,1000,Anchor Runs; Bracket Jumps; Drills,Unrecorded,Hard,24.05
be13e913-87be-4498-881a-214e152ca073,Beat of The War 2,BanYa,MANWOL,S,21,Arcade,120 ~ 120,1230,Footswitches; Staggered Brackets; Twists,Unrecorded,VeryHard,24.05
8e704ed0-711c-44c2-ac8d-ae17c8eacb28,Ignis Fatuus(DM Ashura Mix) - SHORT CUT -,DM Ashura,ANDAMIRO,D,21,ShortCut,220,1000,Bracket Drills; Bursty; Drills,Unrecorded,Medium,24.02
e8deef91-4e0d-4a0b-a111-fb426e79ffeb,Final Audition Ep. 2-1,Yahpp,WING,S,21,Arcade,170,1087,Jacks; Side-3 Singles; Twists,Unrecorded,Hard,23.95
0a1cdbbd-5cbc-486d-81bc-1ac04e9484c7,Hi Bi,BanYa,KANG2,D,21,Arcade,145,800,10-Stairs; Co-op Pad Transitions; Runs Without Twists,Unrecorded,Hard,23.87
9229c7ba-461f-4287-a23d-d281138e8462,WI-EX-DOC-VA,Yahpp,BPM,S,21,Remix,195,1810,Drills; Side-3 Singles; Twists,Unrecorded,Hard,23.85
b9436494-544b-47f7-a521-62a0e095dfc9,Shub Niggurath,Nato,EXC,S,21,Arcade,220,1377,Anchor Runs; Bursty; Drills,Unrecorded,Hard,23.85
e97ca78d-727f-4f8c-8964-bbcaf28a9c2c,Travel to Future,Neutral Moon,OSING,D,21,Arcade,160,1051,Runs Without Twists; Staggered Brackets; Sustained,Unrecorded,Medium,23.81
5e4d798b-2979-4c75-b192-32041e5d7384,R.I.P,eicateve,EXC,D,21,Arcade,192,1200,Doublesteps; Mid-4 Doubles; Twists,Unrecorded,Medium,23.76
a40adb61-e43d-4ec9-b9e7-2f96f9db7581,Get Up,BanYa,SUNNY,S,21,Arcade,180,1245,5-Stairs; Bursty; Twists,Unrecorded,Medium,23.63
f17e09f9-4c78-40a2-baa3-52b555f3dd32,Brown Sky,Doin,DulKi,D,21,Remix,200,1179,Footswitches; Jacks; Mid-4 Doubles,Unrecorded,Hard,23.6
1d3b8c9d-cce0-4a98-ab02-46d3a599111d,Baroque Virus - FULL SONG -,Zircon,AEVILUX,S,21,FullSong,135,3000,Anchor Runs; Runs Without Twists; Sustained,Unrecorded,Medium,23.56
9d68b8a8-2010-40ba-bd7a-8ee463ac78ea,Neo Catharsis,TAG underground overlay,EXC,D,21,Arcade,120 ~ 120,1300,Bursty; Mid-4 Doubles; Mid-6 Doubles,Unrecorded,Hard,23.55
466409a4-d2ac-4da2-9bad-d72d3a916c65,Cleaner,Doin,BPM,S,21,Arcade,203,1255,Bracket Drills; Bursty; Footswitches,Unrecorded,Medium,23.54
56aecd0e-c91a-4511-a413-1062fdf38e96,Beat The Ghost,BanYa Production,HIDDEN PARTS,D,21,Arcade,124,800,Co-op Pad Transitions; Footswitches; Jacks,Unrecorded,VeryHard,23.52
a0b84fd3-302d-42cc-bae5-39781f0ccf98,Appassionata,Cashew x D_AAN x Jehezukiel,EXC,D,21,Arcade,160 ~ 160,1200,Jacks; Mid-4 Doubles; Mid-6 Doubles,Unrecorded,Hard,23.51
f43fb64b-193f-493b-9452-6140252b0354,DUEL,Cashew & D_AAN,EXC,S,21,Arcade,155,1200,Anchor Runs; Runs; Twists,Unrecorded,Hard,23.51
014475d5-ea40-446e-ac95-d2e14e26f3e8,Break Out,Lunatic Sounds,CONRAD,D,21,Arcade,175,1053,Bracket Drills; Bracket Runs; Staggered Brackets,Unrecorded,Hard,23.51
0395aaaf-85db-4a01-9033-ecf9d15ee3a5,Neo Catharsis - SHORT CUT -,TAG underground overlay,DIESEL,S,21,ShortCut,120 ~ 120,1000,Brackets; Bracket Runs; Bursty,Unrecorded,Hard,23.27
e7114b7d-a353-441f-a007-77b68265a396,CHICKEN WING - SHORT CUT -,BanYa,ANDAMIRO,S,21,ShortCut,200,1055,Bursty; Drills; Side-3 Singles,Unrecorded,Hard,23.19
36b14eff-1c5e-40bc-9671-521581ac6e12,Heliosphere,BlackY,NIMGO,S,21,Arcade,182,1263,Anchor Runs; Bracket Drills; Drills,Unrecorded,Hard,23.18
3eac436f-8788-4e3d-9d81-e32582ef05af,Vacuum,Doin,BPM,S,21,Arcade,200,1300,Bracket Drills; Bracket Runs; Drills,Unrecorded,Hard,23.12
1e4daa4a-d508-402d-b0c8-edca18cd7bcd,Jupin,Sobrem,DulKi,S,21,Arcade,173,1130,Bracket Drills; Bracket Runs; Runs Without Twists,Unrecorded,Medium,23.09
8fe1ff09-60e8-4472-9d0f-35b890461988,1948,SLAM,EXC,S,21,Arcade,240,1200,Bursty; Footswitches; Jacks,Unrecorded,Medium,22.89
28ddad74-54b4-4480-8e52-4e1f64f14f0b,Pupa,Morimori Atsushi,DulKi,S,21,Arcade,202,1084,Bracket Jumps; Bursty; Jumps,Unrecorded,Hard,22.86
60a8b418-e61e-4e18-a894-11a36203089d,Mental Rider,SQUAR,ENVYtic,S,21,Arcade,120 ~ 120,1111,Anchor Runs; Footswitches; Side-3 Singles,Unrecorded,Hard,22.8
25c1ff42-1b55-483a-87ea-35f7e2e32d01,Canon D,BanYa,HP,S,21,Arcade,160,1001,Runs; Runs Without Twists; Sustained,Unrecorded,Hard,22.77
d1f04b59-1f89-4869-a530-b16cc082c358,Karyawisata,Vesuvia x REDSHiFT,CONRAD,S,21,Arcade,150 ~ 150,912,Bursty; Runs Without Twists; Side-3 Singles,Unrecorded,Hard,22.68
2fcf91a5-a9a2-4011-a759-419d16bf814e,Full Moon,Dreamcatcher,NIMGO,S,21,Arcade,190,1279,Bracket Twists; Runs Without Twists; Twists,Unrecorded,Hard,22.65
7cd755e6-3c26-4cc1-82e0-d7508216ae05,Sudden Appearance Image,Blacklolita,DulKi,S,21,Arcade,170,1150,Bracket Jumps; Bracket Twists; Hold Footslides,Unrecorded,VeryHard,22.48
8502ea61-2017-4345-89d9-b3c08bed3445,PRiMA MATERiA - SHORT CUT -,xi,refos,S,21,Arcade,187,1111,,Unrecorded,Medium,22.45
90251ed4-fb3e-4e3b-90ef-f8b1417acb25,1949,SLAM,FEFEMZ,S,21,Arcade,220,1000,Bracket Jumps; Bursty; Jumps,Unrecorded,Hard,22.41
fd94de87-b0ac-436c-bb70-c639af5c9558,Re:End of a Dream,uma vs. Morimori Atsushi,FEFEMZ,S,21,Arcade,212,1373,Brackets; Bracket Jumps; Jumps,Unrecorded,Medium,22.4
08478d61-7b17-4d47-8433-b0fe8b394d2c,PARADOXX - SHORT CUT -,SLAM & Nato,EXC,S,21,ShortCut,220,1000,Bursty; Staggered Brackets; Twists,Unrecorded,Medium,22.35
d679b92e-bf2b-4a8f-8df1-2bd9bb8779da,BSPower Explosion,Memme,OSING,S,21,Arcade,180,1283,Bracket Drills; Bracket Runs; Drills,Unrecorded,Hard,22.33
431ce03e-206f-4020-9307-98de6fa31782,Beat of the War 2 - FULL SONG -,Yahpp,BPM,S,21,FullSong,120 ~ 120,2172,Drills; Jacks; Side-3 Singles,Unrecorded,Hard,22.33
a2137c8e-c77f-4b47-b128-604efbb0ca37,Final Audition Ep. 1,BanYa,BPM,S,21,Arcade,189,900,5-Stairs; Sustained; Twists,Unrecorded,Medium,22.23
b2cabf19-4421-493b-893f-14a3eae66c48,Murdoch vs Otada - SHORT CUT -,ESPITZ vs WONDERTRAVELER Project,DIESEL,S,21,ShortCut,180,991,Bracket Drills; Bracket Runs; Bursty,Unrecorded,VeryHard,22.17
0c8c61ac-5716-4ac5-a36e-1f2ec9be1023,Heart Rabbit Coaster,Nato,FEFEMZ,S,21,Arcade,200,1120,Bursty; Doublesteps; Jumps,Unrecorded,Hard,22.1
8fe797d2-5c6d-46ef-88e8-31c024cccddd,Lucky Star,INFX feat. Miori Celesta,CONRAD,D,21,Arcade,180,1120,,Unrecorded,Hard,22.07
e0ee1851-7720-4c7b-b7e6-e5715afbf203,MEGAHEARTZ,DJ Noriken,DulKi,S,21,Arcade,200,1100,Bracket Runs; Doublesteps; Jumps,Unrecorded,Medium,22.03
76e5c0a9-2b10-4bae-9b19-4a16447e5357,I Want U - SHORT CUT -,MAX,EXC,D,21,ShortCut,156,1061,Anchor Runs; Runs; Twists,Unrecorded,Medium,22.02
f79d1fd9-a7f1-4d8d-a502-d4f6ff5e6e16,Lepton Strike,Nato,OSING,D,21,Arcade,183,1200,Anchor Runs; Bracket Twists; Bursty,Unrecorded,VeryHard,22.02
f19ced49-f575-4dd7-bb27-d3700d68fba0,Feel My Happiness,3R2,AEVILUX,D,21,Arcade,175,1010,Anchor Runs; Bracket Twists; Staggered Brackets,Unrecorded,Hard,22.02
f4d1c05e-6d38-4fa3-aad4-839022c1c381,Yog-Sothoth - SHORT CUT -,Nato,CONRAD,S,21,ShortCut,200,1037,Anchor Runs; Bursty; Footswitches,Unrecorded,Medium,22
48dd30a0-a1ec-473e-99e2-1ac3bd5039fd,Punishment Restaurant,memme,JUNARE,S,21,Arcade,175,1200,5-Stairs; Jacks; Staggered Brackets,Unrecorded,Hard,22
845f68d3-7ead-4286-9020-3eff8768b51a,Goodtek,EBIMAYO,FEFEMZ,S,21,Arcade,190,1255,Anchor Runs; Bracket Drills; Bracket Runs,Unrecorded,Hard,21.97
25702825-13fd-4770-96db-8614185cb79c,Le Grand Rouge,KIEN,SPHAM,S,21,Arcade,166,1107,5-Stairs; Bracket Drills; Staggered Brackets,Unrecorded,Hard,21.95
f8464616-e26f-4492-924a-42bc9946ca27,Over the Horizon,Yamajet,FEFEMZ,D,21,Arcade,190,1000,Brackets; Bracket Twists; Footswitches,Unrecorded,Hard,21.93
d7130d60-e56a-4d03-b9c1-d1e56eb637b0,Danger & Danger,Cranky,GGWANG,S,21,Arcade,155,1126,5-Stairs; Side-3 Singles; Sustained,Unrecorded,Medium,21.88
3e570f93-a2d6-47c0-892b-02bb90f0fac8,Carmen Bus,StaticSphere & FUGU SUISAN,NIMGO,S,21,Arcade,170,1328,Anchor Runs; Runs; Runs Without Twists,Unrecorded,Medium,21.88
dd4b1fa0-0db1-423d-8072-edf786a2c3e4,Ercitite,Doin x neur6sia,FEFEMZ,S,21,Arcade,135,1076,,Unrecorded,Hard,21.87
06ed87a5-b080-4136-9591-fd7a92390eed,Vook,BanYa,BPM & EHNE,D,21,Arcade,184,973,Cross-pad Transitions; Drills; Runs Without Twists,Unrecorded,Underrated,21.87
e106cb73-44db-4ccb-aea6-f6352e3eeb8b,Energy Synergy Matrix,Tanchiky,DulKi,D,21,Arcade,160,1256,Bracket Jumps; Mid-6 Doubles; Staggered Brackets,Unrecorded,Hard,21.87
c3375e47-9272-4e65-ac5e-260110b5a7da,Avalanquiem,MAX & Memme,NIMGO,S,21,Remix,175,1273,Anchor Runs; Bursty; Drills,Unrecorded,Hard,21.86
530b7d70-575d-4943-9322-96b16052e61e,POINT ZERO 2,SynthWulf,FEFEMZ,S,21,Arcade,170,1295,Brackets; Bracket Jumps; Bracket Runs,Unrecorded,Hard,21.84
3b031a18-0863-4b25-ae39-a4ce4c31e7b1,F(R)IEND,D_AAN,OSING,S,21,Arcade,200,1190,Anchor Runs; Bursty; Staggered Brackets,Unrecorded,Medium,21.83
0b3a08c9-3558-4a08-9141-b6b794a619a1,Baroque Virus,Zircon,EXC,D,21,Arcade,135,969,Drills; Sustained; Twists,Unrecorded,Hard,21.83
1cccb8ad-bfa2-4e83-8bdc-812af7eac858,Imagination,SHK,EXC,D,21,Arcade,180,1188,Drills; Mid-4 Doubles; Twists,Unrecorded,Medium,21.81
4ce51bfe-c8f0-4a15-a5bd-a22f04a74260,Fracture Temporelle,Kurokotei,BME,S,21,Arcade,232,1026,5-Stairs; Bracket Drills; Bracket Runs,Unrecorded,Medium,21.81
102d5483-7d5d-4372-88e3-b30409b29522,Chobit Flavor,aran & t+pazolite,CONRAD,D,21,Arcade,180,1166,Bracket Drills; Bracket Runs; Doublesteps,Unrecorded,Medium,21.79
86aa54ca-22ab-4871-bf8a-ba1bbf5c8c98,Heart Attack,DJ Counterforce,NIMGO,D,21,Arcade,148,1005,Anchor Runs; Runs; Sustained,Unrecorded,VeryHard,21.79
6330e2d4-5d0f-435a-a2b8-df5f7b912491,Wedding Crashers,SHK,FEFEMZ,S,21,Arcade,165,1312,5-Stairs; Side-3 Singles; Twists,Unrecorded,Medium,21.78
8b4e81ab-c0da-4ca3-b879-6c69e8b55d07,Dement ~After Legend~,Lunatic Sounds,NIMGO,S,21,Arcade,210,1312,Bursty; Drills; Runs Without Twists,Unrecorded,Medium,21.76
b034c64f-525d-47e2-8229-ea10b10b8ff9,Alice in Misanthrope,LeaF,CONRAD,D,21,Arcade,154 ~ 154,1140,Bracket Drills; Bracket Runs; Jumps,Unrecorded,Hard,21.75
43c58d88-aa1d-4f0f-8c7a-e208bbea39b5,Prime Time,Cashew,AEVILUX,S,21,Remix,190,1700,Anchor Runs; Bracket Twists; Doublesteps,Unrecorded,Medium,21.74
ae434cc7-ea62-4653-a258-670378c693d6,Red Snow,Cashew,EXC,D,21,Arcade,170,1141,10-Stairs; Mid-4 Doubles; Yog Walks,Unrecorded,Medium,21.73
c7b41589-7ffb-4786-a265-5efd1bedd7ad,Fallen Angel,DM Ashura ft. Ariel,H. FELKER,D,21,Arcade,157,942,Bracket Jumps; Co-op Pad Transitions; Cross-pad Transitions,Unrecorded,Hard,21.72
f7232203-55f5-4ec0-aab7-f4b9a16bdad1,Naissance,BanYa,BPM,S,21,Arcade,136,900,Doublesteps; Jumps; Sustained,Unrecorded,Medium,21.71
dffadee8-351b-4b8a-9a81-fc35680f5f26,Dignity,Crash,KANG2 & IK,S,21,Arcade,195,908,5-Stairs; Bracket Jumps; Bursty,Unrecorded,Medium,21.71
af3e8e6b-e12e-4516-b923-f39ab48528c2,Broken Karma (PIU Edit),Quree,NIMGO,S,21,Arcade,180,1384,Runs; Runs Without Twists; Twists,Unrecorded,Medium,21.67
3e3e1ba1-710e-44c8-a282-3443107ca1c6,Ragnarok,SynthWulf,CONRAD,S,21,Arcade,170,1000,Drills; Runs; Runs Without Twists,Unrecorded,Hard,21.67
5778c891-e648-4141-9203-5e13254e4f7d,Deca Dance,Yooh,FEFEMZ,S,21,Arcade,160,1235,Brackets; Bracket Runs; Bracket Twists,Unrecorded,Hard,21.66
89847da5-b57a-4e48-8a5d-7aa613930f21,Papasito (feat.  KuTiNA),Yakikaze & Cashew feat. KuTiNA,FEFEMZ,D,21,Arcade,128,1060,Doublesteps; Footswitches; Jumps,Unrecorded,Hard,21.66
dc07cfb1-1ff3-4e3a-be31-54466f1114a8,MURDOCH,WONDERTRAVELER Project,NIMGO,D,21,Arcade,179,1122,Anchor Runs; Bracket Drills; Bracket Runs,Unrecorded,Medium,21.6
555656fe-77c5-4438-95cf-6dd1e60942a2,Conflict,Siromaru + Cranky,EXC,D,21,Arcade,160,1200,Anchor Runs; Bracket Jumps; Runs Without Twists,Unrecorded,Medium,21.59
8087a349-f24a-4b44-8e75-0943c590d00e,BANG BANG,IVE (아이브),CONRAD,S,21,Arcade,152,1168,Bracket Twists; Hold Footslides; Sustained,Unrecorded,Hard,21.59
45148ec9-67aa-4e58-96b7-2c2ce9e6ca3d,QUATTUORUX,打打だいず Vs. Tanchiky Vs. からめる,FEFEMZ,D,21,Arcade,220,1301,Bracket Runs; Bursty; Jacks,Unrecorded,Hard,21.56
23ece272-369e-4f20-91cc-bea2cd8ee11d,The Last Rebellion,MonstDeath,GGWANG,D,21,Arcade,199,1000,Bursty; Jacks; Mid-6 Doubles,Unrecorded,Hard,21.55
21626fa5-45a3-4442-aef1-e8b7c7bc8609,"Phalanx ""RS2018 edit""",Cranky vs kors k,SPHAM,D,21,Arcade,145,1011,Bracket Drills; Bracket Runs; Hold Footslides,Unrecorded,Medium,21.55
a61a2703-8351-4c19-b958-bcb41da5d105,Murdoch vs Otada,ESPITZ vs WONDERTRAVELER Project,FEFEMZ,D,21,Arcade,180,1047,Anchor Runs; Bursty; Runs Without Twists,Unrecorded,Hard,21.55
8d4d1bd5-2a73-4bf4-8232-7facde4c4e01,Selfishness,SID-Sound,NIMGO,D,21,Arcade,160,1096,Anchor Runs; Runs; Yog Walks,Unrecorded,Medium,21.54
0eb1693e-b67e-4bf0-9a8c-1a841084688c,Legendary Dominion,Laur,EXC,D,21,Arcade,210,1111,Bracket Drills; Bracket Runs; Cross-pad Transitions,Unrecorded,Hard,21.54
e10bb030-3d7b-4384-bc1d-02d7c01697c5,Antique Serenade,Abel,GGWANG,S,21,Arcade,214,1000,,Unrecorded,Medium,21.53
018caaae-f654-4399-b261-fd6a6aa712eb,Monolith,Affinity,OSING,S,21,Arcade,196,1272,5-Stairs; Runs; Runs Without Twists,Unrecorded,Medium,21.53
59342deb-0b8f-405f-a816-0df5472db7a4,Hymn of Golden Glory,Essbee,NIMGO,D,21,Arcade,244,1077,Cross-pad Transitions; Mid-4 Doubles; Yog Walks,Unrecorded,Medium,21.52
9f6d4724-dfbe-42e2-a8ee-a332f9b11fd0,Final Audition Ep. 2-X,Yahpp,AHGOO,D,21,Arcade,170,,10-Stairs; Bursty; Twists,Unrecorded,,
ac0b4ffb-bc37-4b3a-8f68-7b4f2770bff0,Witch Doctor - SHORT CUT -,BanYa,ANDAMIRO,S,21,ShortCut,195,855,Drills; Runs; Runs Without Twists,Unrecorded,Hard,21.5
2bdfccb1-403f-4927-8bf0-d17aae5c48e3,Crimson Hood,Springhead,NIMGO,D,21,Arcade,190,1178,Anchor Runs; Doublesteps; Drills,Unrecorded,Medium,21.48
98365977-9b9a-47a6-a948-78fc92535974,Bemera - SHORT CUT -,Yahpp,SANDSTORM,S,21,ShortCut,210,1087,Anchor Runs; Drills; Runs Without Twists,Unrecorded,Medium,21.48
ef7448f5-34c9-473a-8b3d-441d60aa3b55,Shub Niggurath - SHORT CUT -,Nato,NIMGO,S,21,ShortCut,220,1000,Bursty; Drills; Twists,Unrecorded,Medium,21.47
819003ed-d755-47c6-bbc7-ada53187ff9d,Super Fantasy,SHK,EXC,S,21,Arcade,145,1221,Bracket Jumps; Runs; Twists,Unrecorded,Hard,21.47
0bf3c3e8-c612-4f76-8f3c-0af516ef6117,Final Audition EP. 2-X - SHORT CUT -,Yahpp,ANDAMIRO,S,21,ShortCut,170,1089,Bursty; Staggered Brackets; Twists,Unrecorded,Hard,21.47
a5e5cd3a-bf08-40e3-8e10-1b8f7adc947e,Ignis Fatuus(DM Ashura Mix) - SHORT CUT -,DM Ashura,ANDAMIRO,S,21,ShortCut,220,1092,Anchor Runs; Bursty; Side-3 Singles,Unrecorded,Medium,21.47
e491677e-18dd-46d1-be2c-6facbd58c2d0,Life is PIANO,Junk,CONRAD,D,21,Arcade,133,1030,Staggered Brackets; Sustained; Twists,Unrecorded,Medium,21.46
06457152-e086-4084-9ebc-a60ff25c3287,Allegro Con Fuoco - FULL SONG -,DM Ashura,NIMGO,D,21,FullSong,156,2424,Bursty; Mid-4 Doubles; Twists,Unrecorded,Medium,21.45
683c128b-0814-46b2-90b8-1989f6aa00c0,Poseidon,Quree,SUNNY,S,21,Arcade,160,1300,Runs; Runs Without Twists; Sustained,Unrecorded,Medium,21.45
5af0a549-992e-49f3-a197-7890e829af96,Good Night - FULL SONG -,Dreamcatcher,EXC,S,21,FullSong,196,1700,Bursty; Drills; Runs Without Twists,Unrecorded,Medium,21.45
f39d1db0-4080-4d2d-bf58-774cc0258249,CO5M1C R4ILR0AD,kanone,FEFEMZ,S,21,Arcade,155,1154,Bracket Drills; Footswitches; Staggered Brackets,Unrecorded,Medium,21.43
0bae1001-5ff2-44f2-bd4f-7f11b0c7d5d9,Xeroize,FE,WINDFORCE,S,21,Arcade,200,1242,5-Stairs; Bursty; Twists,Unrecorded,Medium,21.43
560b339d-46ed-47b3-8701-289079f5ab7a,F(R)IEND,D_AAN,OSING,D,21,Arcade,200,1110,Bracket Drills; Bracket Runs; Jacks,Unrecorded,Medium,21.42
ce1743c6-06cf-4e5e-8beb-4b44ae7d9ac3,Headless Chicken,r300k,AEVILUX,S,21,Arcade,90.5,1200,Brackets; Bracket Runs; Footswitches,Unrecorded,Medium,21.41
c3599ed0-2b2f-4aeb-a720-a353b24ee8d7,Cross Ray,HyuN,SUNNY,S,21,Arcade,176,1352,Bracket Jumps; Runs Without Twists; Sustained,Unrecorded,Medium,21.4
0c710b72-b52e-4bca-9d70-6b2ffc080744,Headless Chicken,r300k,AEVILUX,D,21,Arcade,90.5,1100,Drills; Jacks; Twists,Unrecorded,Hard,21.39
02904a27-f514-458b-be92-e83cc27970fe,Beethoven Influenza,BanYa & Warak,EXC,S,21,Remix,170,1324,Drills; Jacks; Twists,Unrecorded,Medium,21.39
e84417dc-733c-4501-b8e0-b4e82db7477f,Move That Body!,DM Ashura feat. Skizzo & Hanna Stockzell,NIMGO,S,21,Arcade,145,1169,Anchor Runs; Doublesteps; Jumps,Unrecorded,Medium,21.39
4f795eb3-500b-44c3-aa6f-f2390dfa3bc5,Caprice of DJ Otada,BanYa Production,ANDAMIRO,S,21,Remix,180,904,Bursty; Jacks; Jumps,Unrecorded,Medium,21.39
bd36ce4e-7095-4645-b96b-ca41b20694bd,Faster Z,Yahpp,HIDDEN PARTS,S,21,Arcade,162,1000,5-Stairs; Anchor Runs; Twists,Unrecorded,Hard,21.39
c7de28bc-8aad-4892-bbae-41d126cb0ed6,Lohxia,The Musical Ghost,CONRAD,S,21,Arcade,155,1138,5-Stairs; Brackets; Staggered Brackets,Unrecorded,Medium,21.38
4c238582-42ec-40aa-b809-fcdc3192fd75,†DOOF†SENC†,Kobaryo,CONRAD,S,21,Arcade,200,1240,Brackets; Bursty; Doublesteps,Unrecorded,Medium,21.38
e57594cf-c009-4681-99cc-e1fcdce8f8fe,Little Munchkin,Castellia,OSING,S,21,Arcade,180,1327,Bracket Runs; Bursty; Hold Footslides,Unrecorded,Medium,21.37
dd919243-0b9d-454e-8317-02032d825ae3,Goodbounce,EBIMAYO,SUNNY,D,21,Arcade,180,1122,Bracket Runs; Jacks; Mid-6 Doubles,Unrecorded,Medium,21.37
8e15b769-773a-42c1-9cf4-7955bcdc0c3d,Cannon X.1,Yahpp,ANDAMIRO,S,21,Arcade,185,1285,Drills; Footswitches; Jacks,Unrecorded,Medium,21.37
755644fc-b186-4b9c-be6c-a971b12bddd4,Nyarlathotep,Nato,EXC,S,21,Arcade,200,1200,Bursty; Jacks; Runs Without Twists,Unrecorded,Hard,21.37
abef80f9-d656-42cd-9c24-06f8a13774c0,Mission Possible -Blow Back-,BanYa Production,OSING,D,21,Arcade,128,1000,Cross-pad Transitions; Runs; Runs Without Twists,Unrecorded,Medium,21.35
a45242ca-9a82-425d-b0e1-3111e83c2368,Ghroth,nato,DulKi,S,21,Arcade,212,1200,Bursty; Runs Without Twists; Staggered Brackets,Unrecorded,Medium,21.35
790b15aa-77e3-47ce-8ea9-5c24cbcfa5c6,Solitary 2,BanYa,AEVILUX,D,21,Arcade,136,1120,Bracket Runs; Staggered Brackets; Yog Walks,Unrecorded,Hard,21.35
953d163d-b080-4b5c-b727-5bb2ee628304,Yog-Sothoth - SHORT CUT -,Nato,CONRAD,D,21,ShortCut,200,955,Bursty; Drills; Staggered Brackets,Unrecorded,Medium,21.34
df0e92d2-0391-44c8-a96f-0d98277a1233,Harmagedon,HyuN vs lixound,SUNNY,D,21,Arcade,194,1040,Bursty; Doublesteps; Jacks,Unrecorded,Hard,21.32
3bf35ed7-72c0-4abf-93e8-410f72d8a2ef,Le Nozze di Figaro ~Celebrazione Remix~,Unknown,,D,21,Arcade,172,1004,Bracket Runs; Bracket Twists; Sustained,Unrecorded,Hard,21.32
cfe8f46b-4bb7-4f16-be3f-dd85e926260c,She Likes Pizza,BanYa,NIMGO,S,21,Arcade,229.5,1149,Anchor Runs; Bursty; Staggered Brackets,Unrecorded,Medium,21.32
d8ff8c21-97bb-4efb-8eff-8ad7b3c62a2d,NightTheater,*wakadori,FEFEMZ,S,21,Arcade,151,1197,Staggered Brackets; Sustained; Twists,Unrecorded,Medium,21.31
dd80c09f-16af-4997-952e-5d80b5cf02e6,Cygnus,Nato,SUNNY,S,21,Arcade,188,1216,Bracket Drills; Bracket Runs; Twists,Unrecorded,Hard,21.31
8ba6fd0e-b63b-4853-bf49-ed4a2eaba01b,PRiMA MATERiA,Unknown,EXC,S,21,Arcade,187,1350,Bursty; Runs Without Twists; Staggered Brackets,Unrecorded,Medium,21.3
aabf8eed-3402-4cfe-9f16-cd7cf16d635e,New Rose,Hommarju,CONRAD,S,21,Arcade,190,1200,Bracket Drills; Bracket Runs; Staggered Brackets,Unrecorded,Medium,21.3
603049f9-8233-4865-bdbe-b4605260d7e2,Can-can ~Orpheus in The Party Mix~,Sr. Lan Belmont,OSING,S,21,Arcade,195,1323,Bracket Twists; Doublesteps; Staggered Brackets,Unrecorded,Medium,21.3
33076713-e9b0-4590-9132-03647e071515,Dolly Kiss,SID-Sound,SPHAM,D,21,Arcade,149,1111,Bracket Twists; Staggered Brackets; Twists,Unrecorded,Hard,21.29
f3c83f88-6a2c-4236-9d10-b67ce7690fb9,Escape,D_AAN,BME,S,21,Arcade,220,1242,Brackets; Bracket Drills; Staggered Brackets,Unrecorded,Medium,21.28
a89cd889-f9f0-4c35-a9aa-2e636ee61d40,Acquire,ryhki,CONRAD,S,21,Arcade,155,1057,Brackets; Bracket Twists; Staggered Brackets,Unrecorded,Medium,21.28
ce093b17-9b24-40a2-8cde-3cfc78391b32,HTTP,Quree,CONRAD,S,21,Arcade,147,1158,Bracket Runs; Runs Without Twists; Staggered Brackets,Unrecorded,Medium,21.27
c294e354-5cf5-4bd6-99bc-520d600ace06,Pull me up (Feat. Monya),Applesoda,SUNNY,D,21,Arcade,160,1200,,Unrecorded,Medium,21.27
72d97245-dfc0-4694-8058-31cb633cc253,Adrenaline Blaster,QWertism & Quree & WyvernP,FEFEMZ,S,21,Arcade,150,1102,Footswitches; Side-3 Singles; Twists,Unrecorded,Medium,21.27
db87f450-7b15-45e4-8eff-7ea294b67a21,Phantom -Intermezzo-,BanYa Production,KANG2,D,21,Arcade,140,1187,Anchor Runs; Staggered Brackets; Twists,Unrecorded,Hard,21.27
655c7567-ce23-4555-9e4b-6fab49d8dcad,Sudden Appearance Image,Blacklolita,DulKi,D,21,Arcade,170,1050,Bracket Jumps; Hold Footslides; Jumps,Unrecorded,Hard,21.27
c07c1192-8318-4101-9705-51e161ba973e,Ultimate Eyes,HyuN,SUNNY,D,21,Arcade,185,1108,Bursty; Doublesteps; Jacks,Unrecorded,Medium,21.26
d02b11dd-198f-4724-9c02-89702b853208,Solfeggietto,Unknown,WINDFORCE,S,21,Arcade,157,1200,Bracket Drills; Bracket Runs; Staggered Brackets,Unrecorded,Hard,21.26
fbf0c346-ab65-4277-92be-4c58f82dbcb2,Sarabande,MAX,CONRAD,S,21,Arcade,157,1111,Bursty; Footswitches; Jumps,Unrecorded,Medium,21.25
95049f29-b2a6-466d-8412-394532dd5dba,Imprinting,Sakuzyo,EXC,S,21,Arcade,175,1189,Drills; Side-3 Singles; Twists,Unrecorded,Hard,21.25
6643479b-d32a-42aa-875e-142916c901f9,SONIC BOOM,USAO,SUNNY,S,21,Arcade,205,1244,Bracket Jumps; Doublesteps; Jumps,Unrecorded,Medium,21.24
b82813ff-90dd-46c8-9426-21723a0dbd8f,Jupin - SHORT CUT -,Sobrem,SPHAM,S,21,ShortCut,173,1111,Bursty; Drills; Side-3 Singles,Unrecorded,Medium,21.23
c9861338-16bc-4788-be97-e85850a812fc,Mahika,The Musical Ghost,CONRAD,D,21,Arcade,188,1142,Bracket Drills; Bursty; Staggered Brackets,Unrecorded,Medium,21.22
e9f805a2-1040-4b96-b021-e34cd15ac166,Horang Pungryuga,Sangnoksu feat. HANANA,EXC,S,21,Arcade,160,1300,Runs; Runs Without Twists; Sustained,Unrecorded,Medium,21.21
b6054a82-18f8-471a-8c0e-e47a2fdd2947,Hestia,Gentle Stick,EXC,D,21,Arcade,150,1194,Anchor Runs; Drills; Twists,Unrecorded,Medium,21.2
ecfbb7e6-aded-423e-b064-1e540dc9ccbd,DUEL,Cashew & D_AAN,FEFEMZ,D,21,Arcade,155,1051,Bursty; Runs; Runs Without Twists,Unrecorded,Medium,21.2
36a779ed-1da9-4836-9a48-20c08315fff1,Human Extinction (PIU Edit.),MonstDeath,OSING,S,21,Arcade,199,1352,Anchor Runs; Bursty; Runs Without Twists,Unrecorded,Medium,21.19
8e45a31f-c188-4bd5-9673-88394d06b3ca,Amphitryon,Gentle Stick,EXC,D,21,Arcade,155,1147,10-Stairs; Doublesteps; Twists,Unrecorded,Medium,21.19
ebed177a-f4c5-4705-9cea-a24316662fa5,Crossing Delta,t+pazolite + Ginkiha + Hommarju,SPHAM,D,21,Arcade,180,1111,Bracket Jumps; Bracket Runs; Twists,Unrecorded,Medium,21.18
8f3d5ae3-68c3-4434-927b-8e5020a60d88,Nihilism - Another Ver.-,Nato,NIMGO,S,21,Arcade,190,1180,Anchor Runs; Drills; Side-3 Singles,Unrecorded,Medium,21.18
bed1ac3e-84ac-4ce0-9df9-94fdbb22c9fd,TRICKL4SH 220,Lite Show Magic,CONRAD,S,21,Arcade,220,1200,Brackets; Bracket Jumps; Bracket Twists,Unrecorded,Medium,21.17
0bed3f35-29ca-4a05-921e-e31cfbfcb769,Lepton Strike,Nato,OSING,S,21,Arcade,183,1330,Bracket Drills; Bracket Runs; Side-3 Singles,Unrecorded,Medium,21.17
36f4a961-4714-4bd0-9537-282f2c979eeb,Pupa,Morimori Atsushi,DulKi,D,21,Arcade,202,1010,Bracket Jumps; Bursty; Mid-6 Doubles,Unrecorded,Medium,21.17
27e9444a-8eb4-4f07-a58f-e997b3977b1f,Witch Doctor,BanYa,KANG2,S,21,Arcade,195,1340,Bracket Runs; Jacks; Twists,Unrecorded,Medium,21.17
60988724-dccc-4e9d-9d8b-fd04cbddcbe6,Curiosity Overdrive,t+pazolite,DulKi,D,21,Arcade,192,1106,Bursty; Mid-6 Doubles; Staggered Brackets,Unrecorded,Medium,21.17
91de53d0-392b-4d97-904c-332e27c30ade,King’s Tomb,r300k,refos,D,21,Arcade,113,1000,,Unrecorded,Hard,21.16
6763c99a-cc73-4758-9e4f-ef64d87ebff4,Versailles,HyuN & MIIM,CONRAD,S,21,Arcade,160 ~ 160,1320,Anchor Runs; Brackets; Bracket Runs,Unrecorded,Medium,21.15
5b54020e-1730-4709-bbb2-82db69dbdf35,INVASION,D_AAN,SPHAM,S,21,Arcade,220,1200,Bracket Jumps; Bracket Twists; Hold Footslides,Unrecorded,Medium,21.15
24892daa-bb0b-42e0-b01b-0742cd43b10c,Tales of Pumpnia,Applesoda,CONRAD,D,21,Arcade,200,1125,Brackets; Bracket Jumps; Doublesteps,Unrecorded,Medium,21.13
d1982fa9-de00-47cf-9c24-7bf9d45a461a,Tritium,Memme,OSING,D,21,Arcade,180,1189,Bracket Drills; Bursty; Co-op Pad Transitions,Unrecorded,Medium,21.12
b754bf25-52b7-42a5-a0f6-abb935236f96,Just Hold On (To All Fighters),void,NIMGO,S,21,Arcade,170,1329,Drills; Runs; Runs Without Twists,Unrecorded,Medium,21.12
ed5bc9a6-9140-4967-88b5-1d73352a6e7f,Twist of Fate (feat. Ruriling),Jehezukiel feat. Ruriling,EXC,D,21,Arcade,141,1104,10-Stairs; Doublesteps; Yog Walks,Unrecorded,Hard,21.12
76be7c89-6e17-454b-9420-40f6369d290e,Galaxy Collapse,Kurokotei,SUNNY,D,21,Arcade,150 ~ 150,954,Jumps; Runs; Runs Without Twists,Unrecorded,Medium,21.12
e47f4e97-ae9c-4170-94ab-44ae2ab6016e,Glimmer Gleam,Doin,SPHAM,S,21,Arcade,85,1215,Brackets; Doublesteps; Staggered Brackets,Unrecorded,Medium,21.1
61d85e3c-3508-4a2d-bd2b-4782b6b155d0,Iolite Sky,Doin,DulKi,D,21,Arcade,90,1000,Brackets; Jumps; Sustained,Unrecorded,Easy,21.1
a6a364c7-76ca-4897-ba11-5d127f7388bc,Paradoxx,SLAM & Nato,NIMGO,S,21,Remix,220,1500,Anchor Runs; Bursty; Drills,Unrecorded,Medium,21.09
8dad33a9-f221-47e6-bd42-2e203f5ff7b4,Enjoy The Show,RiraN ft. Negoto Bunnyla,NIMGO,S,21,Arcade,160,1194,Jumps; Side-3 Singles; Sustained,Unrecorded,Medium,21.09
03375b34-09a2-4c4a-a3d6-af15db7b45fa,Gothique Resonance,P4Koo,EXC,S,21,Arcade,174,1111,Side-3 Singles; Sustained; Twists,Unrecorded,Medium,21.08
6f627269-b147-4d16-8d0e-9c25423c5f41,Imaginarized City,Reku Mochizuki,GGWANG,S,21,Arcade,156,1050,Brackets; Bracket Runs; Hold Footslides,Unrecorded,Medium,21.07
4f5c1761-546c-41a1-ab5a-db704a207e34,Yog-Sothoth,Nato,MINAMI,S,21,Arcade,200,1238,Anchor Runs; Runs Without Twists; Sustained,Unrecorded,Medium,21.06
4eaf4963-db77-4b80-85ba-6d247986bdac,Destination,SHK,AHGOO,S,21,Arcade,150,969,5-Stairs; Jacks; Staggered Brackets,Unrecorded,Medium,21.05
e1653fab-b59b-494a-9ad2-2d10847db38e,Cutie Song,Memme,BME,D,21,Arcade,174,1097,Brackets; Bracket Twists; Staggered Brackets,Unrecorded,Hard,21.05
a1534d9f-d763-4b8e-9ab2-a688357478bd,Witch Doctor #1,Yahpp,BPM,D,21,Arcade,122,1050,Jumps; Mid-6 Doubles; Twists,Unrecorded,Medium,21.05
01de2703-7022-49eb-a9c1-e05015649485,X-Rave,DM Ashura,ESC,D,21,Arcade,147,892,Jumps; Mid-4 Doubles; Twists,Unrecorded,Medium,21.04
53666dcc-55f0-4fcb-9a78-e8fba8337e86,Do U Know That-Old School,BanYa Production,JKD,D,21,Arcade,120,800,Jumps; Sustained; Twists,Unrecorded,Hard,21.04
79839b73-cb1d-497d-9633-a9fbb0d5715a,DUEL - SHORT CUT -,Cashew & D_AAN,GGWANG,S,21,ShortCut,155,1000,5-Stairs; Runs; Twists,Unrecorded,Hard,21.03
e23ebede-470f-4087-bfd7-2a32b700e1b8,Dual Racing <RED vs BLUE>,Nato & r300k,CONRAD,D,21,Arcade,165,1200,Brackets; Bracket Runs; Bracket Twists,Unrecorded,Medium,21.02
4a19e54a-46c9-4669-b46e-99eb352dd60d,Unfelicitas,Fiverwater,SUNNY,D,21,Arcade,192,1094,,Unrecorded,Hard,21.02
f9bd3b00-2688-4f65-a93c-4bed7819444c,Earendel,Palami feat.neur6sia,SUNNY,D,21,Arcade,180,1100,Bracket Runs; Bracket Twists; Bursty,Unrecorded,Easy,21.01
502eef8d-e911-4b4d-b1ee-706ef72ab190,Stardream (feat. Romelon),Cashew & Rorychesell (SID-SOUND),BME,D,21,Arcade,160,1234,Anchor Runs; Runs; Runs Without Twists,Unrecorded,Medium,21.01
2ee23d79-f033-4610-b38e-f253db74a53f,Ultimatum,Cosmograph,EXC,S,21,Arcade,202,1300,Bursty; Jacks; Runs Without Twists,Unrecorded,Medium,21
f1b7cb7c-26fc-45dc-b0e1-4a69058514b2,Everybody Got 2 Know,MAX,BPM,S,21,Remix,128,1234,5-Stairs; Side-3 Singles; Twists,Unrecorded,Medium,21
4fe6afe2-71e2-4312-94b0-9c16f6f8487f,Athena's Shield,Jehezukiel,SUNNY,S,21,Arcade,176,1344,Brackets; Bracket Jumps; Doublesteps,Unrecorded,Medium,20.99
bfbc1ee5-edc6-4edc-a151-5daf08d21f87,Becouse of You,Srav3R & USAO,FEFEMZ,S,21,Arcade,175,1316,Bracket Twists; Hold Footslides; Staggered Brackets,Unrecorded,Medium,20.99
e81aed2c-7645-4078-acdc-65905167315b,Elise,DM Ashura,ENVYtic,S,21,Arcade,162,1322,Anchor Runs; Bracket Jumps; Jacks,Unrecorded,Medium,20.99
1ad84195-bc14-43d8-baeb-052f4819989a,ALiVE,REDALiCE,SPHAM,D,21,Arcade,170,1130,Brackets; Drills; Hold Footslides,Unrecorded,Medium,20.98
b0b90a74-a5cc-432f-9185-8a84a6897df2,Nyan-turne (feat. KuTiNA),Cashew & Castellia,SUNNY,D,21,Arcade,202.1,1179,Footswitches; Jacks; Staggered Brackets,Unrecorded,Medium,20.96
ab61cb97-9ddf-43dd-9f6e-cba7cec6bd03,Showdown,litmus*,CONRAD,D,21,Arcade,130,889,Brackets; Bracket Twists; Jumps,Unrecorded,Medium,20.96
aeb6ef9d-8b4c-41ac-a561-94c046ee67de,Stardream (feat. Romelon),Cashew & Rorychesell (SID-SOUND),BME,S,21,Arcade,160,1234,Anchor Runs; Runs; Runs Without Twists,Unrecorded,Medium,20.95
5ddd00d1-2066-4516-9d48-f4a2859d43aa,CHAOS AGAIN,NAOKI underground -Ω-,FEFEMZ,S,21,Arcade,150 ~ 150,968,Bracket Jumps; Jacks; Jumps,Unrecorded,Medium,20.95
2453d024-54a9-4ab9-84f5-8974b8d8f6d2,Bluish Rose,WyvernP,SUNNY,D,21,Arcade,130,1000,Co-op Pad Transitions; Footswitches; Twists,Unrecorded,Easy,20.95
534c472c-3228-4551-8f31-a5c6d7f207fa,Cynical,RiraN ft. Negoto Bunnyla,CONRAD,S,21,Arcade,155,1100,,Unrecorded,Medium,20.94
487e2fde-b720-4cb6-8157-229962e140f4,Poppin' Shower,P*Light,FEFEMZ,S,21,Arcade,175,1125,Bracket Drills; Bursty; Staggered Brackets,Unrecorded,Medium,20.94
3a5524a7-5766-4bb0-b077-9ae8fb8cf474,Altale,sakuzyo,FEFEMZ,S,21,Arcade,90,1299,Brackets; Doublesteps; Hold Footswitches,Unrecorded,Medium,20.92
eccf97f4-2083-4564-93db-617cfc283de8,Blazing,BanYa,ANDAMIRO,D,21,Arcade,158,800,Co-op Pad Transitions; Cross-pad Transitions; Twists,Unrecorded,Medium,20.92
b0b6fbe6-7fb7-4eef-be3b-0cf5673a7bb5,Telling Fortune Flower,Koharu feat. Renyata,NIMGO,S,21,Arcade,200,1364,Anchor Runs; Drills; Staggered Brackets,Unrecorded,Medium,20.92
f24335e1-bdd3-423d-a37b-ef155b20d490,Crash-Landing Rendezvous,Xyris,FEFEMZ,D,21,Arcade,128 ~ 128,1243,Bracket Jumps; Bursty; Mid-4 Doubles,Unrecorded,Medium,20.91
6d79be7b-87da-4faa-8626-1d4bc85d6e2a,The Last Rebellion,MonstDeath,GGWANG,S,21,Arcade,199,1050,Drills; Jacks; Side-3 Singles,Unrecorded,Medium,20.9
8a93b835-ce34-4210-a7c1-5e941a155e31,Darkside of The Mind,DJ Myosuke & Laur,refos,D,21,Arcade,220,1222,Bursty; Jacks; Mid-4 Doubles,Unrecorded,Easy,20.89
d6f1f2e2-d4f9-47e6-bf9b-a0bddd259d37,Up & Up (Produced by AWAL),Skizzo ProducedBy AWAL,FEFEMZ,D,21,Arcade,150,836,Co-op Pad Transitions; Jumps; Twists,Unrecorded,Hard,20.88
92635d3a-49dd-4aea-bc93-4e3590613ece,Beat of The War,BanYa,CONRAD,S,21,Arcade,140 ~ 140,1041,Bracket Runs; Bursty; Footswitches,Unrecorded,Medium,20.88
bff60c66-b648-4d43-a9e4-cffd42c2d915,The Apocalypse,HyuN feat. Elika,CONRAD,S,21,Arcade,171,1200,Bracket Runs; Bracket Twists; Staggered Brackets,Unrecorded,Medium,20.88
aef1d373-f4f0-465f-8152-a53bf7674694,GLORIA,Croire,CONRAD,D,21,Arcade,245,1162,Bracket Runs; Bracket Twists; Mid-4 Doubles,Unrecorded,Easy,20.88
89219c98-bcc7-454f-af97-d8d4ee2de17b,Your Mind,Roy Mikelate,WINDFORCE,S,21,Arcade,180,1300,Bracket Twists; Doublesteps; Jumps,Unrecorded,Hard,20.87
a766c29f-6e36-4416-a12c-6b13074a3035,District 1,MAX,WINDFORCE,D,21,Arcade,158,1069,Doublesteps; Runs; Runs Without Twists,Unrecorded,Medium,20.86
50c589b9-f24b-4ab3-9dfa-f480617cbc51,Dead End,Cosmograph,DulKi,S,21,Arcade,212,1200,Bracket Runs; Bracket Twists; Jacks,Unrecorded,Medium,20.85
197df427-248c-44b9-9256-585234eef6e8,Beethoven Virus,BanYa,EXC,S,21,Arcade,162,1000,5-Stairs; Bursty; Twists,Unrecorded,Medium,20.84
a41e6367-e520-4af1-b1b1-7b940ca110e5,Euphorianic,SHK,CONRAD,D,21,Arcade,140,1030,Doublesteps; Sustained; Twists,Unrecorded,Medium,20.84
63f2b4d9-620c-4b12-86a9-5efe4bb34e3c,Keep On!,AmamoriP,OSING,S,21,Arcade,185,1360,Bracket Drills; Bracket Jumps; Doublesteps,Unrecorded,Medium,20.84
88fa92bb-3a6a-4d16-859d-b5cdc3b04641,Magical Vacation,SID-Sound,refos,D,21,Arcade,154,1111,Bracket Jumps; Bracket Twists; Jacks,Unrecorded,Easy,20.84
1a6ef466-f114-4898-98c1-c0b2f16c73ce,FLVSH OUT,Getty,SUNNY,S,21,Arcade,160,1200,Brackets; Doublesteps; Hold Footslides,Unrecorded,Medium,20.84
a5bb0728-8181-4a03-9e9c-0423bf058276,Allegro Furioso,DM Ashura,EXC,S,21,Arcade,176,907,Bracket Runs; Footswitches; Jacks,Unrecorded,Medium,20.84
04a04479-74c1-49cd-8502-b4636dd15766,Windmill,Yak Won,BPM,S,21,Arcade,246,1232,5-Stairs; Staggered Brackets; Twists,Unrecorded,Medium,20.83
8139f1f1-d749-4f9a-8279-2fda10f4e958,DESTRUCIMATE,KURORAK,CONRAD,S,21,Arcade,193,1362,Brackets; Bracket Drills; Doublesteps,Unrecorded,Medium,20.83
4f14c3a9-89d0-46b6-bda8-4676b664463a,INFiNiTE ENERZY -Overdoze-,Reku Mochizuki,refos,S,21,Arcade,180,1200,Bracket Drills; Jacks; Staggered Brackets,Unrecorded,Medium,20.83
569d24a9-1b68-4631-8e47-e73115f157ee,Dancing,Said,DulKi,D,21,Arcade,151,1100,Brackets; Bracket Jumps; Jumps,Unrecorded,Medium,20.8
ab7f0e69-2470-42b1-bb58-ff13f6803ef8,Viyella's Nightmare,Laur,,D,21,Arcade,,1128,Bracket Jumps; Jacks; Mid-6 Doubles,Unrecorded,Medium,20.8
50da0de8-7ca7-49aa-acfa-337518f7172a,EMOMOMO,Ras,SUNNY,D,21,Arcade,145,1243,Doublesteps; Staggered Brackets; Sustained,Unrecorded,Medium,20.78
e3da0b9c-74b2-414d-aa7b-3bb33278a21c,FFF - SHORT CUT -,Doin,AHGOO,D,21,ShortCut,200,1056,Drills; Mid-4 Doubles; Mid-6 Doubles,Unrecorded,Medium,20.78
02c09e2e-7a75-4333-aec7-a7975850d78f,Danger & Danger,Cranky,FEFEMZ,D,21,Arcade,155,1057,Anchor Runs; Co-op Pad Transitions; Jacks,Unrecorded,Medium,20.76
6c3ca09d-0608-4df6-954a-fad87bf5aaf8,Dream To Nightmare,Nightmare,HP,S,21,Arcade,178,1180,Brackets; Bracket Jumps; Jacks,Unrecorded,Medium,20.74
fbc10200-1b9d-4200-8432-cbedc56d2b80,EXTRA BanYa Remix,BanYa,BPM,S,21,Remix,200,1393,Drills; Runs; Runs Without Twists,Unrecorded,Medium,20.73
fa873d92-e7dc-46ee-96df-bc134c40c4f9,Perpetual,Qu-ail,CONRAD,S,21,Arcade,180,1124,Bracket Drills; Bracket Runs; Bursty,Unrecorded,Medium,20.73
1e55f7ca-6368-48e6-b8eb-a2690605a270,Gothique Resonance,P4Koo,EXC,D,21,Arcade,174,1155,Co-op Pad Transitions; Hold Footslides; Twists,Unrecorded,Hard,20.71
0954f0e9-7e84-49dd-9d45-f61a22946624,Pop Sequence,Hommarju,AEVILUX,S,21,Arcade,110,1200,Brackets; Bracket Twists; Doublesteps,Unrecorded,Medium,20.71
1190de9e-5f0c-45c9-a953-a89ebb80ba9b,E.O.N,HiTECH NINJA,CONRAD,D,21,Arcade,165,1159,Brackets; Bracket Drills; Bracket Runs,Unrecorded,Medium,20.7
a17f4dbb-c5c6-4d0e-a04e-f0a3c46c171e,Nostalgia,Woody,CONRAD,D,21,Arcade,100,1048,Bracket Runs; Bracket Twists; Hold Footslides,Unrecorded,Easy,20.7
6a4a8445-2ec4-45f5-817f-432a10d17955,Love is a Danger Zone(Cranky Mix),BanYa & Cranky,HP,S,21,Arcade,155,1357,5-Stairs; Footswitches; Twists,Unrecorded,Medium,20.7
6cc94228-f06e-4464-aae1-863ea04d08ea,Tropicanic,SHK,SUNNY,D,21,Arcade,145,1098,Doublesteps; Sustained; Twists,Unrecorded,Medium,20.69
bb03e62c-ef5a-45ad-beac-309ffee3494f,Top City,BanYa,OSING,D,21,Arcade,110.8,1000,Brackets; Bracket Runs; Bracket Twists,Unrecorded,Medium,20.68
fc2615d0-c571-4e84-a8c4-31c0772c0db2,Slapstick Parfait,t+pazolite,SUNNY,D,21,Arcade,160,1145,Bracket Twists; Jumps; Twists,Unrecorded,Medium,20.68
485caee7-1737-4d4a-ae88-3072bcea6a8e,404 (New Era),KiiiKiii (키키),NIMGO,S,21,Arcade,127,1123,Bracket Jumps; Doublesteps; Jumps,Unrecorded,Medium,20.68
2d5e9904-bbcc-4a7e-89ec-04ad7c468d66,Ghost Bloody Train,Fiverwater,CONRAD,S,21,Arcade,192,1200,Bracket Runs; Runs; Runs Without Twists,Unrecorded,Medium,20.67
55564313-ed78-4671-bb82-6830714d2129,DUEL - SHORT CUT -,Cashew & D_AAN,GGWANG,D,21,ShortCut,155,1000,Mid-6 Doubles; Runs; Twists,Unrecorded,Medium,20.67
4fcaba98-2b2b-4238-aa20-fbc3d702f14d,Super Stylin',Warak,AEVILUX,D,21,Arcade,146,1000,Jacks; Staggered Brackets; Sustained,Unrecorded,Easy,20.66
2fa30ae0-07bc-4ba8-9e0b-1f6e127f24bf,YOU AND I,Dreamcatcher,EXC,S,21,Arcade,194,1273,Bracket Drills; Hold Footslides; Sustained,Unrecorded,Medium,20.64
39f99dc5-332b-4a01-807f-b980f9f47478,SWEET WONDERLAND,MAX feat. ankimo,CONRAD,S,21,Arcade,170,1138,Bracket Runs; Runs Without Twists; Staggered Brackets,Unrecorded,Medium,20.64
ac3b40e1-076e-4d2d-a7b5-9eae8e8dc497,B3,MAX,CONRAD,D,21,Arcade,160,1100,10-Stairs; Bracket Drills; Staggered Brackets,Unrecorded,Easy,20.64
179c1d6b-3e03-4601-9e4b-2707279111c8,Fly High,Dreamcatcher,NIMGO,D,21,Arcade,154,1156,Bracket Drills; Bracket Runs; Twists,Unrecorded,Medium,20.63
fa31ced6-dab1-4086-acba-2eee9a2df91d,Perpetual,Qu-ail,CONRAD,D,21,Arcade,180,1084,Bursty; Mid-4 Doubles; Mid-6 Doubles,Unrecorded,Easy,20.61
06637dd0-f6c1-4c7b-bf16-d6f8de97cdfd,Kasou Shinja,MAX,NIMGO,S,21,Arcade,170,1158,Runs; Runs Without Twists; Twists,Unrecorded,Medium,20.6
74fd8a16-91fb-4486-b192-5c59136c15db,Break Through Myself feat. Risa Yuzuki,DJ Myosuke & Laur,CONRAD,S,21,Arcade,200,1200,Anchor Runs; Bracket Runs; Hold Footslides,Unrecorded,Easy,20.59
aaead2aa-3a79-402b-849d-ce58d9cd487b,Festival of Death Moon,SHK,SPHAM,S,21,Arcade,204,1111,Brackets; Bracket Jumps; Side-3 Singles,Unrecorded,Easy,20.59
e3b7f6bf-22a3-48e7-a238-abcddb735cc8,8 6,Dasu,EXC,D,21,Arcade,167,2300,Bracket Twists; Doublesteps; Sustained,Unrecorded,Easy,20.57
5d401e0c-1c10-44a4-a95e-6bc7eeb929c8,Gargoyle - FULL SONG -,Sanxion7,EXC,S,21,FullSong,150,3333,Runs; Runs Without Twists; Sustained,Unrecorded,Easy,20.56
1ab44bf3-6bfa-4301-988c-95b28e3ea165,INFINITY,Lunatic Sounds,NIMGO,S,21,Arcade,175,1217,Brackets; Bracket Twists; Staggered Brackets,Unrecorded,Easy,20.56
78578492-2461-47e8-afa1-89e00d622fde,Kasou Shinja - SHORT CUT -,MAX,EXC,D,21,ShortCut,170,1014,Mid-4 Doubles; Runs; Twists,Unrecorded,Medium,20.54
c07af0c8-0d6d-4356-a4b5-06f4629e7d5c,Stardream -Eurobeat Remix- - SHORT CUT -,MAX x Cashew x Dave Rodgers,GGWANG,S,21,ShortCut,160,1000,5-Stairs; Runs; Twists,Unrecorded,Medium,20.54
c88586d6-9f9a-4384-8221-4076551af856,Love is a Danger Zone 2 Try To B.P.M,BanYa,,S,21,Remix,,1136,Hands; Hold Footslides; Twists,Unrecorded,Medium,20.53
7824ef23-573e-4fd2-a7d3-4a323899d709,Catastrophe,rareguy & MonstDeath,CONRAD,S,21,Arcade,202,1000,Anchor Runs; Bracket Drills; Runs Without Twists,Unrecorded,Easy,20.51
0236d235-5424-427b-842a-c00df06699ee,Love is a Danger Zone,BanYa,BPM,D,21,Arcade,140,1058,10-Stairs; Jacks; Twists,Unrecorded,Medium,20.33
66fa1084-41a4-46e5-baa6-4601755c948f,Utsushiyo No Kaze feat. Kana,void feat. Kana,EXC,D,21,Arcade,152,912,Bracket Jumps; Mid-4 Doubles; Twists,Unrecorded,Medium,20.23
283bd62b-392e-40e9-890f-fb5fecde1f0f,Sarabande,MAX,EXC,D,21,Arcade,157,1074,Bracket Twists; Co-op Pad Transitions; Staggered Brackets,Unrecorded,Medium,19.97
31d11f89-c3fa-4464-99e6-06ba8bc687a4,Digitalis,NeLiME,SPHAM,S,21,Arcade,160,1313,Bracket Runs; Side-3 Singles; Twists,Unrecorded,Easy,19.95
14becad9-ec7d-469a-9841-dae9836a42d8,Orbit Stabilizer,DM Ashura,NIMGO,D,21,Arcade,155,1100,Anchor Runs; Runs; Runs Without Twists,Unrecorded,Easy,19.92
191cd537-7fe1-4be0-9e56-2b337b7a8139,MATADOR,Cranky,NEXXTPOKE,S,21,Arcade,168,1004,Anchor Runs; Drills; Side-3 Singles,Unrecorded,Medium,19.41
20b8985a-7af1-454e-a3f0-2c39b7c3d497,msgoon RMX pt.6,msgoon,BPM,S,21,Remix,150,1822,Side-3 Singles; Sustained; Twists,Unrecorded,Easy,19.38
3ecc24be-e1ff-4232-9ca1-96a6ddb094f4,Hyperion - SHORT CUT -,M2U,EXC,S,21,ShortCut,145,1032,5-Stairs; Runs; Twists,Unrecorded,Medium,19.35
87833dfb-73f1-49b3-b62e-ae57692bf4e0,The Reverie,uma,CONRAD,S,21,Arcade,150,1073,Brackets; Jumps; Twists,Unrecorded,Easy,19.35
5eceff79-d404-42c6-854d-056da802e060,Digitalis,NeLiME,SPHAM,D,21,Arcade,160,1133,Drills; Mid-4 Doubles; Mid-6 Doubles,Unrecorded,Easy,19.35
3e0a5c05-1ca4-417d-b0c2-cdfe69b3b7e2,Stardream -Eurobeat Remix-,MAX x Cashew x Dave Rodgers,CONRAD,S,21,Arcade,160,1214,5-Stairs; Footswitches; Runs,Unrecorded,Easy,19.33
0e232ac5-31ef-4361-9fda-51815203f6e4,Brown Sky,Doin,DulKi,S,21,Remix,200,1526,Doublesteps; Jacks; Runs Without Twists,Unrecorded,Medium,19.21
a79f9e19-db70-495e-afa1-6b7b566e979a,Solve My Hurt,Doin,SPHAM,S,21,Arcade,234,1378,Bracket Twists; Bursty; Side-3 Singles,Unrecorded,Easy,19.19
02b0e539-c5f8-46b8-a189-c76dc3d04e72,Another Truth,Novasonic,BPM,D,21,Arcade,136,1021,Brackets; Bracket Jumps; Splits,Unrecorded,Easy,19.18
71e027ac-802c-40af-b5ed-40fc0724bdc4,Orbit Stabilizer,DM Ashura,NIMGO,S,21,Arcade,155,1100,Anchor Runs; Runs; Runs Without Twists,Unrecorded,Medium,19.12
a95e8f18-d7af-4112-ba39-f613621966fd,Meteo5cience (GADGET mix),Paul Bazooka,,S,21,Remix,,1588,Brackets; Bracket Twists; Hold Footslides,Unrecorded,Medium,19.11
f0a488f4-8f48-49ac-bdda-fa87b3f5c5c1,Black Dragon,Memme,MINAMI,S,21,Arcade,162,1122,5-Stairs; Side-3 Singles; Twists,Unrecorded,Medium,19.02
4a1c3a05-df71-43d8-86a6-3acd3029242e,Halloween Party ~Multiverse~ - SHORT CUT -,SHK,JUNARE,S,21,ShortCut,160,1031,Bracket Runs; Doublesteps; Twists,Unrecorded,Medium,18.99
7789dff9-e5a1-4455-9d36-7338465d26fd,BANYA HIPHOP REMIX,BanYa,OSING,D,21,Remix,99,1184,Brackets; Bracket Jumps; Jumps,Unrecorded,Medium,18.94
d7195356-4511-4936-91a5-f469c93ba062,Clue,Transin,NIMGO,D,21,Arcade,140,1100,10-Stairs; Co-op Pad Transitions; Twists,Unrecorded,Medium,18.92
521157d3-1609-4327-a5e9-4f58b74fcaf4,8 6 - FULL SONG -,Dasu,SUNNY,S,21,FullSong,167,4000,Bracket Twists; Doublesteps; Sustained,Unrecorded,Easy,18.9
0c37a1a1-75fb-420f-a9af-399dbd4f19bf,PRIME,TatshMusicCircle,NIMGO,D,21,Arcade,165,1106,10-Stairs; Co-op Pad Transitions; Twists,Unrecorded,Medium,18.87
71baa417-8891-4dad-9499-a76c96f40e8e,God Mode 2.0 feat. Skizzo,Nato feat. Skizzo,NIMGO,S,21,Arcade,155,1070,Anchor Runs; Runs; Runs Without Twists,Unrecorded,Medium,18.86
7dbd095b-3694-4b48-a6a1-400153e72c2a,Overblow,MAX,BPM,S,21,Arcade,155,1133,Bursty; Drills; Jacks,Unrecorded,Medium,18.6
2bc0a48d-c6b6-4c55-82a1-2ef91018c1a9,Leather,Doin,WINDFORCE,S,21,Remix,200,1617,5-Stairs; Bracket Drills; Jacks,Unrecorded,Easy,18.52
508f61e7-732c-4df3-b0d2-c09ae107e4b0,Vook,BanYa,EHNE,S,21,Arcade,184,949,5-Stairs; Anchor Runs; Twists,Unrecorded,Hard,18.49
d7a1a295-5f39-40c6-a12c-a93283be9f52,Take Out,SHK,BPM,S,21,Arcade,170,1236,Drills; Jacks; Runs Without Twists,Unrecorded,Medium,18.47
59bd2ce0-f7c2-4549-bd80-4e0e866a11bb,Rave'til the earth's end,5argon,WINDFORCE,D,21,Arcade,160,1065,Doublesteps; Jumps; Twists,Unrecorded,Medium,18.42
d28dd267-75df-42f3-b7df-9509c66c2e63,Beat of The War 2,BanYa,ANDAMIRO,D,21,Arcade,120 ~ 120,1153,Bracket Jumps; Doublesteps; Twists,Unrecorded,Hard,0
da8a2055-4f36-45c3-b53d-3d87ab6f945f,Can-can ~Orpheus in The Party Mix~ - SHORT CUT -,Sr. Lan Belmont,EXC,D,21,ShortCut,195,1000,Co-op Pad Transitions; Runs Without Twists; Yog Walks,Unrecorded,VeryHard,0
22918e8b-56a7-4c3a-900f-0d854fb588f4,Faster Z,Yahpp,EHNE,D,21,Arcade,162,1114,Bursty; Runs; Twists,Unrecorded,Easy,0
455c1a31-280b-4c69-9f83-67639bcb4d24,God Mode feat. skizzo,Nato & Skizzo,MINAMI,D,21,Arcade,152,1020,Anchor Runs; Bracket Jumps; Twists,Unrecorded,Hard,0
80341f98-da53-4a65-9554-133047638cce,Halloween Party ~Multiverse~ - SHORT CUT -,SHK,JUNARE,D,21,ShortCut,160,1031,Bracket Runs; Cross-pad Transitions; Twists,Unrecorded,Medium,0
402b0cd4-68e9-4b02-97f1-1bb70385b735,Hyperion - SHORT CUT -,M2U,NIMGO,D,21,ShortCut,145,1010,10-Stairs; Runs; Runs Without Twists,Unrecorded,Underrated,0
acb1bbdf-accb-4340-b399-333ae5a29e94,Moonlight - SHORT CUT -,BanYa,ANDAMIRO,D,21,ShortCut,180,815,Bracket Runs; Drills; Twists,Unrecorded,VeryHard,0
224aab40-1ce8-4462-8fad-c067a42c08ea,Phantom,BanYa,KANG2,D,21,Arcade,140,1000,Bursty; Cross-pad Transitions; Twists,Unrecorded,VeryHard,0
e5635fc1-2283-4baf-9529-6b78b6f39bce,PRIME,TatshMusicCircle,NIMGO,S,21,Arcade,165,1261,5-Stairs; Doublesteps; Twists,Unrecorded,Medium,0
cad3a48d-d2aa-41a9-aa49-8af4d068c102,Turkey March,BanYa,KANG2,D,21,Arcade,150,808,Co-op Pad Transitions; Cross-pad Transitions; Twists,Unrecorded,Medium,0
34eb9e3b-6a3a-49d3-b32f-46168cff9e4d,Will-O-The-Wisp,BanYa,ANDAMIRO,D,21,Arcade,210,801,Bracket Jumps; Cross-pad Transitions; Twists,Unrecorded,Hard,0
eb1f597c-f12d-4f19-8583-2c791fcf741e,Winter,BanYa,KANG2,D,21,Arcade,168,,Bursty; Co-op Pad Transitions; Runs Without Twists,Unrecorded,Hard,0
11210b0b-7002-4d43-bfc4-2902dd3d09c3,X-Tream,BanYa,ANDAMIRO,D,21,Arcade,162,800,Co-op Pad Transitions; Jacks; Twists,Unrecorded,VeryHard,0
3ec9438e-2cb9-4d30-a241-e0b2adb8d698,Final Audition 2,BanYa,ANDAMIRO,D,20,Arcade,130,,Footswitches; Runs; Twists,Unrecorded,Underrated,25.22
c8c6f663-91cd-4a87-b3e1-0ed5fda3114b,Pop The Track,J-Mi & Midi-D Ft. Hanna Stockzell,EXC,D,20,Arcade,160,,Drills; Runs; Runs Without Twists,Unrecorded,Hard,23.97
c01eacb4-71a3-4084-a870-65c021b98378,God Mode 2.0 feat. Skizzo,Nato feat. Skizzo,NIMGO,D,20,Arcade,155,1049,Anchor Runs; Bracket Twists; Twists,Unrecorded,Hard,23.94
5151dcec-7c82-4997-b589-729b1ba4b56f,Passing Rider,mzet:-P,NIMGO,D,20,Arcade,175,946,Bursty; Jumps; Twists,Unrecorded,VeryHard,23.83
80bd3c8c-6a82-40d1-af39-ed07e996c846,Phantom -Intermezzo-,BanYa Production,BPM,S,20,Arcade,140,972,Footswitches; Sustained; Twists,Unrecorded,VeryHard,23.8
09f2da86-e2b8-45df-9e82-444e7789279d,CROSS SOUL,HyuN feat. Syepias,NIMGO,D,20,Arcade,200,1165,Doublesteps; Staggered Brackets; Twists,Unrecorded,Hard,23.8
eff061ae-6bc8-491a-bbd6-dba45a751d08,XTREE,Yahpp,KANG2,D,20,Arcade,190,,10-Stairs; Footswitches; Jacks,Unrecorded,Medium,23.78
f58f2d12-bbcb-4b58-bedb-0563410cba38,Destination,SHK,WINDFORCE,D,20,Arcade,150,835,Bursty; Cross-pad Transitions; Twists,Unrecorded,VeryHard,23.75
99a20883-9220-4554-8635-03206e323bc8,Rock the house - SHORT CUT -,Matduke,CONRAD,D,20,ShortCut,175,1031,Bursty; Runs; Runs Without Twists,Unrecorded,Underrated,23.73
9288ab2d-c56c-47f5-8322-0ecf64181c0b,D,MAX,MINAMI,D,20,Arcade,180,811,Bracket Jumps; Jumps; Twists,Unrecorded,Medium,23.68
5895bb3d-984d-4d85-a084-21e7f8e56180,Mental Rider,SQUAR,ENVYtic,D,20,Arcade,120 ~ 120,934,Runs; Runs Without Twists; Yog Walks,Unrecorded,Underrated,23.64
379ce5a3-16da-4ce5-8909-916a2bf921ed,Annihilator Method,DM Ashura,EXC,D,20,Arcade,192,912,Anchor Runs; Brackets; Bracket Runs,Unrecorded,VeryHard,23.62
5918c90f-5196-4ad8-a5f2-8c5ee28a77fd,Log In,SHK,BPM,S,20,Arcade,140,1050,Drills; Hold Footslides; Side-3 Singles,Unrecorded,VeryHard,23.55
ce908fa7-ecf4-469b-b257-ac5df283b349,Beat of The War,BanYa,ANDAMIRO,D,20,Arcade,140 ~ 140,826,Bursty; Doublesteps; Jumps,Unrecorded,Hard,23.55
44b89c86-1782-4471-aef9-e37b8044ec51,Kugutsu,onoken,CONRAD,D,20,Arcade,220,1128,Drills; Mid-4 Doubles; Mid-6 Doubles,Unrecorded,Hard,23.54
a8128c82-6a54-4749-9afd-e055b93a6866,U Got 2 Know,MAX,KANG2,S,20,Arcade,127,903,Runs; Sustained; Twists,Unrecorded,Hard,23.52
b0a1e1d0-073d-4d99-ac2c-bf8c6671652b,Paved Garden,Ginkiha,OSING,D,20,Arcade,187,1121,Bracket Runs; Co-op Pad Transitions; Doublesteps,Unrecorded,Hard,23.51
80ba21d0-f310-4243-9b23-f96e1bae655c,VVV,Zig Zag,SANDSTORM,D,20,Arcade,310,1062,Bursty; Drills; Twists,Unrecorded,VeryHard,23.5
bd399943-8de7-47b7-af24-3a6208685b20,Super Capriccio,SHK,EXC,D,20,Arcade,150,941,Mid-4 Doubles; Mid-6 Doubles; Twists,Unrecorded,VeryHard,23.5
5dddf513-738c-4814-a38f-c08ec2526431,"Simon Says, EURODANCE!! (feat. Sara☆M)",Jehezukiel?KAZEMURA?Hideky,CONRAD,S,20,Arcade,180,1005,Jumps; Runs; Twists,Unrecorded,VeryHard,23.37
88320b68-3503-4b11-85eb-6e082a56dc0d,Utopia,Smiley,SUNNY,S,20,Arcade,166,1100,5-Stairs; Runs; Twists,Unrecorded,Hard,22.9
27fb42eb-7317-4ea7-bf1c-c944ea154b5a,The Festival of Ghost2 (Sneak),Brandy,EXC,S,20,Arcade,136,900,Brackets; Bracket Jumps; Bracket Runs,Unrecorded,Hard,22.59
47d7317c-48e7-454d-b244-c2b1fa70ce78,Halloween Party ~Multiverse~,SHK,SPHAM,S,20,Arcade,160,1031,Doublesteps; Sustained; Twists,Unrecorded,VeryHard,22.5
7902f80a-9ccd-42c7-b19c-965421c953d0,Wicked Legend,D_AAN,WINDFORCE,S,20,Arcade,150,1000,5-Stairs; Anchor Runs; Bracket Jumps,Unrecorded,Hard,22.16
59fb241f-5636-4fa6-9790-78583f036730,Flavor Step!,EmoCosine,SPHAM,S,20,Arcade,150,1091,5-Stairs; Side-3 Singles; Twists,Unrecorded,Hard,21.96
cf9ac37e-73c3-439c-a96b-5aa7cc2c1499,Lucid(PIU Edit),Yak Won,HP,D,20,Arcade,40 ~ 40,999,10-Stairs; Drills; Yog Walks,Unrecorded,VeryHard,21.87
7aa4c162-5844-4756-ba24-8e6ed19f4e9f,Tepris,Doin,BPM,D,20,Arcade,144.9,806,Runs; Runs Without Twists; Sustained,Unrecorded,VeryHard,21.79
e9993a9d-8003-497e-bfcb-6e04dca8f911,Ghroth,nato,DulKi,D,20,Arcade,212,1000,Anchor Runs; Mid-4 Doubles; Mid-6 Doubles,Unrecorded,Medium,21.78
e2d16a0d-c800-4ab7-b2c0-29b8878dcc26,Extreme Music School 1st period feat. Nanahira,Massive New Krew & RoughSketch,NIMGO,S,20,Arcade,210,1146,Bracket Drills; Bracket Twists; Staggered Brackets,Unrecorded,Hard,21.76
303aa260-68ab-4228-b26e-e88ba386034a,BRAIN POWER,NOMA,SUNNY,D,20,Arcade,170 ~ 170,1027,Anchor Runs; Cross-pad Transitions; Doublesteps,Unrecorded,Hard,21.74
cee7f6bc-0e57-455a-a0f8-b4cba623534c,Solitary 2,BanYa,ANDAMIRO,D,20,Arcade,136,1017,Cross-pad Transitions; Footswitches; Twists,Unrecorded,VeryHard,21.73
d8de1bf2-8eb0-4a2e-906f-36627f4473e4,Nyarlathotep,Nato,EXC,D,20,Arcade,200,1200,Jacks; Mid-4 Doubles; Mid-6 Doubles,Unrecorded,VeryHard,21.7
ef6b0fb6-2154-484a-aa8c-08ec32892e1d,Awakening,typeMARS,OSING,D,20,Arcade,150,1177,Brackets; Bracket Twists; Hold Footslides,Unrecorded,VeryHard,21.66
6081aaa4-3bf7-40e0-aaf6-d808aaf2ffba,Accident,MAX,HP,D,20,Arcade,183,900,Drills; Mid-4 Doubles; Yog Walks,Unrecorded,Medium,21.61
1680b99f-5399-4e13-89bb-4f79e3fcea40,Tantanmen,Memme,SUNNY,D,20,Arcade,185,915,Bursty; Cross-pad Transitions; Mid-4 Doubles,Unrecorded,VeryHard,21.61
2415e737-703d-43e6-98b7-80c6192fc40c,Sugar Plum,Mr. Weq,SUNNY,D,20,Arcade,170,1200,Doublesteps; Jumps; Twists,Unrecorded,Hard,21.55
1a373d37-5094-473d-9eb1-6a08794838fa,Hymn of Golden Glory - SHORT CUT -,Essbee,GGWANG,D,20,ShortCut,244,1000,Cross-pad Transitions; Mid-6 Doubles; Twists,Unrecorded,Medium,21.54
69b40b18-9ca2-4aac-8e1f-b025831d81af,Like Me,SHK,EXC,D,20,Arcade,155,977,Anchor Runs; Mid-6 Doubles; Twists,Unrecorded,VeryHard,21.51
34813ee0-a9b4-46c2-999b-45ad27144aa6,Mad5cience,Paul Bazooka,ENVYtic,S,20,Arcade,130,905,Brackets; Bracket Runs; Hold Footslides,Unrecorded,Hard,21.48
cade83ec-c360-443d-a3d5-e14425a01bd2,Loki,Lotze,EXC,D,20,Arcade,140,921,10-Stairs; Bracket Drills; Bracket Twists,Unrecorded,Hard,21.47
73ecbffb-a0bf-48e6-ad69-822ef2742355,Extreme Music School 1st period feat. Nanahira,Massive New Krew & RoughSketch,NIMGO,D,20,Arcade,210,1085,Bracket Runs; Co-op Pad Transitions; Mid-4 Doubles,Unrecorded,Medium,21.46
01402c43-9208-4b5f-9225-6c8288ebd5d9,Becouse of You,Srav3R & USAO,FEFEMZ,D,20,Arcade,175,1019,Brackets; Bracket Twists; Mid-6 Doubles,Unrecorded,Hard,21.44
6605f348-d2d3-4cd3-ae4a-ed4b5776425d,Lacrimosa,Fiverwater,SUNNY,S,20,Arcade,210,1121,Brackets; Bracket Jumps; Hold Footslides,Unrecorded,VeryHard,21.42
2d4e385d-68d8-416d-b408-4316b5f968e4,Obliteration,ATAS,AEVILUX,D,20,Arcade,150,1073,Anchor Runs; Drills; Runs Without Twists,Unrecorded,Medium,21.37
cbe533ba-8db9-49e1-bdbe-fdaa1297fb48,1950,SLAM,EXC,S,20,Arcade,200,1173,Bursty; Footswitches; Side-3 Singles,Unrecorded,Hard,21.31
e1e7db63-fb4b-4028-8de2-07091b58f149,Kugutsu,onoken,CONRAD,S,20,Arcade,220,1117,Brackets; Bracket Drills; Bracket Runs,Unrecorded,Hard,21.3
d91f3e3a-af7b-42bb-8ee6-c951aa9013ae,Hyacinth,Yahpp,NIMGO,D,20,Arcade,193,1025,Bracket Runs; Bracket Twists; Staggered Brackets,Unrecorded,Hard,21.29
a4e95a3b-8e15-4c8b-b861-9f5437cee988,Prime Time,Cashew,AEVILUX,D,20,Remix,190,1300,Co-op Pad Transitions; Doublesteps; Mid-4 Doubles,Unrecorded,Medium,21.29
f70fcdb7-1068-4b19-a247-c3e7359200c1,Binary star,SYNTHWULF,NIMGO,S,20,Arcade,170,1141,Anchor Runs; Drills; Side-3 Singles,Unrecorded,Hard,21.29
323c9ea7-8a53-4ec3-9f2a-1b157475c9a5,See,Doin,DulKi,D,20,Arcade,293,900,Doublesteps; Mid-6 Doubles; Twists,Unrecorded,Hard,21.26
e14a0c38-2bba-4037-a984-7127f7da1fd5,Pumptris Quattro,Yahpp,BPM,S,20,Arcade,153,1034,5-Stairs; Side-3 Singles; Twists,Unrecorded,VeryHard,21.26
2da4a204-8469-4eb7-a4fb-efb01905816a,Higgledy Piggledy,BanYa Production,BPM,S,20,Arcade,150,800,5-Stairs; Jumps; Twists,Unrecorded,Underrated,21.26
697b4092-d258-47be-91cb-9fec4d1b9779,Loki,Lotze,EXC,S,20,Arcade,140,970,Bracket Twists; Sustained; Twists,Unrecorded,VeryHard,21.24
d7bbfbfa-cd25-4d7f-b831-3eb0eac0d33e,Desaparecer,Applesoda vs MAX,SPHAM,D,20,Remix,174,1092,Jumps; Mid-6 Doubles; Twists,Unrecorded,Hard,21.22
a9f0d782-3f7f-46d0-ad8c-fa351da433ac,Vacuum Cleaner,Doin,HP,S,20,Remix,222.22,1289,Bursty; Footswitches; Staggered Brackets,Unrecorded,Medium,21.19
23a7e0ad-d30f-4e0a-9903-e5e25d6d7c92,Canon D,BanYa,KANG2,S,20,Arcade,160,900,Drills; Jacks; Twists,Unrecorded,VeryHard,21.17
83bd9370-8e61-4afd-bd3c-65f806dbca5c,Blazing,BanYa,EUNHU,S,20,Arcade,158,899,Bracket Jumps; Jacks; Twists,Unrecorded,Hard,21.16
7234fbfa-4c94-472b-a552-9f9389872aec,Love is a Danger Zone(Cranky Mix),BanYa & Cranky,DOOM & BPM,S,20,Arcade,155,1242,Drills; Jacks; Twists,Unrecorded,Hard,21.16
31348d74-68de-4ae2-a767-8545d01f3707,Lucky Star,INFX feat. Miori Celesta,CONRAD,S,20,Arcade,180,1119,,Unrecorded,Hard,21.11
bee63221-cb14-4371-8f38-8cca865558b5,God Mode feat. skizzo,Nato & Skizzo,MINAMI,S,20,Arcade,152,1070,5-Stairs; Side-3 Singles; Twists,Unrecorded,Medium,21.1
60f07bd6-94d5-43cd-98a4-6a95cdf0480e,BSPower Explosion,Memme,OSING,D,20,Arcade,180,1036,Brackets; Bracket Jumps; Drills,Unrecorded,Hard,21.1
ddc61c60-422f-4e7d-b907-6161cec44437,CHAOS AGAIN,NAOKI underground -Ω-,SPHAM,S,20,Arcade,150 ~ 150,1000,Drills; Jumps; Twists,Unrecorded,Medium,21.08
db10fefa-bb94-47cf-b67a-06975ef96cfa,BLAZOR,WONDERTRAVELER Project,GGWANG,D,20,Arcade,161,1050,Jumps; Mid-4 Doubles; Twists,Unrecorded,Hard,21.06
c4892216-9ff2-46eb-9443-801368608c0f,DIE ANOTHER DAY,TNX,NIMGO,S,20,Arcade,98,1146,Bracket Twists; Doublesteps; Twists,Unrecorded,Hard,21.06
62ac7d1a-2882-4ad5-99e0-deeefa1e0959,BEDLAM,SANY-ON,NIMGO,D,20,Arcade,183,956,Bursty; Jacks; Twists,Unrecorded,Medium,21.04
5720efe4-1e13-4f5b-959f-fe8185f11519,Red Swan,Yahpp,HP,D,20,Arcade,172,1065,Drills; Hold Footslides; Staggered Brackets,Unrecorded,VeryHard,21.03
b8d4a81e-8269-4ba9-baf2-9b098b6b0129,Guitar Man,BanYa Production,HIDDEN PARTS,S,20,Arcade,120,880,Doublesteps; Drills; Jumps,Unrecorded,Hard,21.02
6e704496-7ed1-4548-b7e4-096add58ff46,Rolling Christmas,BanYa,JUNARE,S,20,Arcade,142,900,Runs; Side-3 Singles; Twists,Unrecorded,Hard,21.01
38bb0c88-7b52-49dc-bcf0-129b1eeddc38,Jupin - SHORT CUT -,Sobrem,SPHAM,D,20,ShortCut,173,1111,Bursty; Drills; Mid-4 Doubles,Unrecorded,Hard,21
906cc67b-1bac-4a79-9dbb-080ddd883004,Scorpion King,r300k,NIMGO,D,20,Arcade,113,1053,Bursty; Co-op Pad Transitions; Twists,Unrecorded,Hard,21
d8828136-048b-4493-a59a-b397febcb712,Le Grand Bleu,KIEN,BANNIE,D,20,Arcade,165,1190,10-Stairs; Bracket Twists; Twists,Unrecorded,VeryHard,20.99
13585a79-fef0-4437-ac5e-22e14b131076,Alice in Misanthrope,LeaF,CONRAD,S,20,Arcade,154 ~ 154,1100,Brackets; Bracket Drills; Jumps,Unrecorded,Hard,20.99
21830011-09e6-42e6-9ac7-2e4658eb9ac6,Soldiers (TANO*C W TEAM RED ANTHEM),DJ Noriken,SUNNY,S,20,Arcade,170,1057,Brackets; Bracket Jumps; Hold Footslides,Unrecorded,Medium,20.89
77db06bf-10f1-4b81-8470-de39528b78a6,ESP,Nato,CONRAD,S,20,Arcade,175,1000,Runs; Runs Without Twists; Staggered Brackets,Unrecorded,VeryHard,20.88
c31b67cb-37e2-44cf-b9f3-186e6f417b30,JANUS,MAX,CONRAD,S,20,Arcade,174,,Anchor Runs; Doublesteps; Twists,Unrecorded,Medium,20.87
f3c65590-358f-44e9-9ad4-f5536d06ae4a,Redline,Archefluxx,NIMGO,D,20,Arcade,170,1184,Anchor Runs; Bursty; Twists,Unrecorded,VeryHard,20.86
dca6402f-dc29-4062-86c5-6beeb93a85ed,Demon of Laplace,Quree,NIMGO,S,20,Arcade,144,1095,Brackets; Bracket Runs; Hold Footslides,Unrecorded,Medium,20.82
8224fd25-b2cd-4fc2-ac6a-5dc05949940f,Cannon X.1,Yahpp,BPM,S,20,Arcade,185,1046,5-Stairs; Side-3 Singles; Twists,Unrecorded,Medium,20.81
9d0cb83f-b365-47b8-bce9-2c4c98f77dcf,Le Nozze di Figaro ~Celebrazione Remix~,Unknown,SPHAM,S,20,Arcade,172,1004,Brackets; Bracket Twists; Sustained,Unrecorded,Medium,20.8
38904214-ee1e-46d9-b86d-00c0185fcb16,BOOOM!!,RiraN,DulKi,S,20,Arcade,160,1007,Doublesteps; Footswitches; Jumps,Unrecorded,Medium,20.78
688f6192-4a09-40df-8994-a27448df8f32,Dancing,Said,NIMGO,S,20,Arcade,151,1087,Doublesteps; Hold Footslides; Jumps,Unrecorded,Hard,20.77
9a43e5d9-f9a3-465c-9a57-61a424e13817,Radetzky Can Can,BanYa,WINDFORCE,S,20,Arcade,197,946,5-Stairs; Doublesteps; Jumps,Unrecorded,Hard,20.76
e37176c2-18cd-4f15-8caa-961163d8a93f,Chicken Wing,BanYa,ANDAMIRO,S,20,Arcade,200,1170,Bracket Drills; Bursty; Drills,Unrecorded,Medium,20.76
3ac2a0c4-7bc3-4a09-97e8-07f7710254e5,Murdoch vs Otada - SHORT CUT -,ESPITZ vs WONDERTRAVELER Project,DIESEL,D,20,ShortCut,180,932,Bracket Runs; Bursty; Doublesteps,Unrecorded,Hard,20.75
2076fa3a-a103-45aa-a51a-c5a78e7476ee,Winter,BanYa,NIMGO,S,20,Arcade,168,905,Anchor Runs; Runs; Runs Without Twists,Unrecorded,Hard,20.75
66ed7592-4cda-4b08-9d30-0a19eb3ff38d,VANISH,Applesoda,OSING,S,20,Arcade,174,1222,Anchor Runs; Doublesteps; Staggered Brackets,Unrecorded,Hard,20.72
95d165c5-dd30-456e-80c0-e1f72b48bc33,MilK,Morimori Atsushi,FEFEMZ,S,20,Arcade,155,1015,Bracket Runs; Bracket Twists; Staggered Brackets,Unrecorded,Hard,20.71
0b77c4b5-6bb8-4115-8268-c587e430ca43,Hypnosis(SynthWulf Mix),BanYa & SynthWulf,H. FELKER & ANDAMIRO,S,20,Arcade,175,1173,Bracket Twists; Footswitches; Jacks,Unrecorded,Medium,20.67
ebe3d168-216b-4d3d-b095-90957643fff2,Desaparecer,Applesoda vs MAX,EXC,S,20,Remix,174,1270,Drills; Footswitches; Runs Without Twists,Unrecorded,Medium,20.66
95b6ea70-77c4-49ae-a64e-843d4606239a,BATTLE NO.1,TANO*C Sound Team,DulKi,S,20,Arcade,200,1242,Bracket Drills; Bracket Runs; Jumps,Unrecorded,Medium,20.65
2efc72a2-b96e-42cf-b84e-e999b2e0376b,"Dizzy Dance, Street Light",WyvernP,NIMGO,S,20,Arcade,128,1121,,Unrecorded,Hard,20.64
95ff0a98-9141-40df-81a0-2708174a97c9,Night Duty,A.V.,SUNNY,S,20,Arcade,140,915,Side-3 Singles; Sustained; Twists,Unrecorded,Hard,20.63
2ae3f9b7-75b8-4617-b816-86f1da2bc5c4,Over the Horizon,Yamajet,FEFEMZ,S,20,Arcade,190,1000,Brackets; Bracket Twists; Footswitches,Unrecorded,Medium,20.61
269aeca2-afb5-420d-b1df-b69d19284454,Kimchi Fingers,Garlic Squad,EXC,S,20,Arcade,190,1212,Brackets; Doublesteps; Jumps,Unrecorded,Medium,20.59
c7b46cd1-12fd-498b-92f5-c108a8564297,wither garden,uma feat. Kanon Tachibana,CONRAD,S,20,Arcade,168,1159,5-Stairs; Doublesteps; Jumps,Unrecorded,Medium,20.58
0af3ac6f-111a-4e8a-a8a7-11c2103eb1d8,XTREE,Yahpp,BPM,S,20,Arcade,190,1123,Bursty; Footswitches; Side-3 Singles,Unrecorded,Medium,20.56
49d31cd3-dcf3-40de-9ad2-860997e68fe2,Papasito (feat.  KuTiNA),Yakikaze & Cashew feat. KuTiNA,FEFEMZ,S,20,Arcade,128,938,Footswitches; Jumps; Twists,Unrecorded,Medium,20.56
7873c032-1465-4222-ab52-2a7fe52fe831,King’s Tomb,r300k,refos,S,20,Arcade,113,1000,,Unrecorded,Hard,20.55
e8882ffb-d08f-4eab-9803-e1d20b008702,Tantanmen,Memme,SUNNY,S,20,Arcade,185,1248,Bracket Twists; Bursty; Side-3 Singles,Unrecorded,Medium,20.54
6839e85d-ce75-4217-a9fa-0d1be3557d8d,Cycling!,Yamajet feat. あまね (COOL&CREATE),MINAMI,D,20,Arcade,220,1083,Bracket Twists; Bursty; Twists,Unrecorded,Medium,20.54
0b0b6840-f2c3-42d6-aa44-9bf41de975e4,Rave'til the earth's end,5argon,WINDFORCE,S,20,Arcade,160,1072,5-Stairs; Doublesteps; Jumps,Unrecorded,Medium,20.52
f76b18d2-4653-4e71-9179-d158ab17c3bb,T.B.H,QWER,NIMGO,S,20,Arcade,178,1187,Anchor Runs; Drills; Staggered Brackets,Unrecorded,Hard,20.52
d4d72efb-db4a-41f8-a764-bfcbc0438cb9,Moonlight,BanYa,KANG2,S,20,Arcade,180,805,Doublesteps; Drills; Jumps,Unrecorded,Hard,20.52
8fad2d68-8bdb-4d6a-a588-df25e3e11107,Native,SHK,ANDAMIRO,S,20,Arcade,135,916,Footswitches; Jacks; Sustained,Unrecorded,Medium,20.52
c535edf8-c9f7-4e3d-85f8-65669296624b,Dr.KOA,BanYa Production,BPM,D,20,Remix,156,1200,10-Stairs; Co-op Pad Transitions; Cross-pad Transitions,Unrecorded,Easy,
7cd5b33e-739a-4b07-82a4-9f60913a03dc,Start On Red,Nato,CONRAD,D,20,Arcade,160,,Bursty; Co-op Pad Transitions; Runs Without Twists,Unrecorded,VeryHard,
d455d425-59a7-4bf5-8f8e-1fdd2b8f434d,Dignity,Crash,ANDAMIRO,D,20,Arcade,195,877,10-Stairs; Bursty; Twists,Unrecorded,Medium,20.5
fe2cb474-ab11-427f-a873-94adca5c4706,Solfeggietto,Unknown,WINDFORCE,D,20,Arcade,157,1022,Runs; Runs Without Twists; Yog Walks,Unrecorded,Medium,20.47
e77ad41a-1422-48d3-9e31-c681a3a2aaff,Fly High,Dreamcatcher,NIMGO,S,20,Arcade,154,1182,Bracket Drills; Bracket Runs; Side-3 Singles,Unrecorded,Hard,20.43
c1b6e9f9-1aa5-42fc-bf94-7333eff1f720,* this game does not exist *,litmus* x Ester,DulKi,S,20,Arcade,40 ~ 40,1200,Bursty; Drills; Twists,Unrecorded,Medium,20.42
ea4dad58-5d73-4476-bcaf-f00b605e8f91,Arcana Force,mzet:-P,OSING,S,20,Arcade,175,1197,Bracket Jumps; Drills; Side-3 Singles,Unrecorded,Medium,20.42
36c1b88a-4651-4c80-9e5e-b6a81f2c9b9d,Repentance,Abel,WINDFORCE,D,20,Arcade,240,1058,Brackets; Bracket Drills; Bracket Runs,Unrecorded,Hard,20.41
c2a9610b-383e-46cd-affc-7b21e6caee91,Phantom,BanYa,BPM,D,20,Arcade,140,897,Mid-4 Doubles; Mid-6 Doubles; Twists,Unrecorded,VeryHard,20.41
5e873a01-d1bc-40de-96d1-65db3c56e2df,Broken Karma (PIU Edit),Quree,NIMGO,D,20,Arcade,180,1196,Mid-4 Doubles; Runs; Runs Without Twists,Unrecorded,Hard,20.39
a49cfd9e-9fd8-4d10-9b2c-c18452ecc85b,Yo! Say!! Fairy!!!,MYUKKE.,SUNNY,S,20,Arcade,150,1100,Bracket Jumps; Footswitches; Hold Footslides,Unrecorded,Medium,20.38
4d2499ae-e2c9-49a6-934d-66b1c992560e,Cygnus,Nato,SUNNY,D,20,Arcade,188,1162,Bracket Jumps; Mid-4 Doubles; Mid-6 Doubles,Unrecorded,Medium,20.38
f20afde6-3019-4d68-8e48-9aebd91cb7e6,POINT ZERO 2,SynthWulf,FEFEMZ,D,20,Arcade,170,955,Brackets; Bracket Jumps; Mid-6 Doubles,Unrecorded,Medium,20.38
cd4e2525-6272-4799-89e9-3cf51e7dcaa2,Halcyon,xi,NIMGO,D,20,Arcade,40 ~ 40,1076,Bursty; Mid-4 Doubles; Yog Walks,Unrecorded,Medium,20.37
89c171a8-f9b6-4e76-a5cf-1a3f3585089a,Lucid Dream,Unknown,SPHAM,D,20,Arcade,173,999,Drills; Runs; Twists,Unrecorded,Medium,20.37
4ce256f0-b2fd-4845-a6d4-3992faf950e5,Deca Dance,Yooh,FEFEMZ,D,20,Arcade,160,968,Brackets; Bracket Drills; Bracket Runs,Unrecorded,Medium,20.34
34209ede-bb8e-4dd4-ba57-9d26147046be,Rage of Fire,MAX,refos,S,20,Arcade,155,999,5-Stairs; Anchor Runs; Runs,Unrecorded,Hard,20.33
e49c0877-e9a0-4244-ac22-898c17f1bb3a,Big Daddy,USAO,FEFEMZ,D,20,Arcade,190,1016,Doublesteps; Hold Footslides; Mid-6 Doubles,Unrecorded,Medium,20.33
c85206cd-b586-4eae-af62-f2a0fec097cb,Can I friend you on Bassbook? lol,Camellia & Nanahira,DulKi,D,20,Arcade,128,1077,10-Stairs; Doublesteps; Jumps,Unrecorded,Hard,20.32
573c7be2-9bee-4052-b653-8c95d528441a,Reminiscence,MAX,BME,D,20,Arcade,155,1168,Bursty; Jacks; Mid-6 Doubles,Unrecorded,Medium,20.31
44cb47fb-08a7-4e9c-81c1-205c13c50322,After a thousand years,Toto,HP,D,20,Arcade,180,1206,Bursty; Drills; Mid-4 Doubles,Unrecorded,Medium,20.31
2b72659f-9d69-4ced-ac5b-6010cf8eec44,Energy Synergy Matrix,Tanchiky,DulKi,S,20,Arcade,160,1250,Bracket Jumps; Bracket Twists; Staggered Brackets,Unrecorded,Medium,20.31
5d1b27c3-2eb4-4c80-bd3e-2461357ee7e0,Showdown,litmus*,CONRAD,S,20,Arcade,130,919,Brackets; Bracket Runs; Bracket Twists,Unrecorded,Medium,20.31
44d1874b-8d86-4908-822b-ffebffc4423a,Beat The Ghost,BanYa Production,SHIN(BPM?),S,20,Arcade,124,900,Anchor Runs; Bursty; Jacks,Unrecorded,Medium,20.3
4baa58f6-7ccd-4663-9e65-2da102adb8d0,Escape,D_AAN,BME,D,20,Arcade,220,1081,Brackets; Bracket Drills; Bracket Twists,Unrecorded,Medium,20.3
51b267d8-a44e-4ff4-8e0d-d36e84de0543,Force of Ra,Memme,NIMGO,D,20,Arcade,180,1127,Co-op Pad Transitions; Sustained; Yog Walks,Unrecorded,Medium,20.27
ca1e51be-ec69-4888-9c9a-71bbe3d27540,Goodtek,EBIMAYO,FEFEMZ,D,20,Arcade,190,995,Bursty; Mid-4 Doubles; Mid-6 Doubles,Unrecorded,Medium,20.26
bd10a3d7-26a6-4c6d-8734-1093d38ae176,Tritium,Memme,OSING,S,20,Arcade,180,1205,Bracket Jumps; Bursty; Drills,Unrecorded,Medium,20.26
0e6c90a5-dbf2-4cda-9336-3a429ce70283,Heliosphere,BlackY,NIMGO,D,20,Arcade,182,1290,Bracket Jumps; Bursty; Mid-4 Doubles,Unrecorded,Hard,20.26
c10f8140-2653-4f83-8449-f08eaafe4d3b,Rush-Hour,litmus*,FEFEMZ,S,20,Arcade,112,1145,Bracket Jumps; Bursty; Jumps,Unrecorded,Medium,20.23
141635fd-0415-4f0c-807b-6da474b0bff3,YOU AND I,Dreamcatcher,OSING,D,20,Arcade,194,1200,Bracket Jumps; Bursty; Doublesteps,Unrecorded,Medium,20.21
d4fc43c2-be84-477e-9078-620eb2af12a4,Papasito (feat.  KuTiNA) - FULL SONG -,Yakikaze & Cashew feat. KuTiNA,AEVILUX,D,20,FullSong,128,1500,Brackets; Bracket Jumps; Bracket Twists,Unrecorded,Medium,20.21
9dbc3644-b78e-459f-8b2b-032db000d881,Giselle,Sobrem a.k.a. Widowmaker,DulKi,S,20,Arcade,128 ~ 128,1137,Bursty; Staggered Brackets; Twists,Unrecorded,Medium,20.2
c38d9b43-2ae1-43f9-a877-486594b87a2a,Sugar Conspiracy Theory,MAX,NIMGO,D,20,Arcade,170,1081,Bursty; Co-op Pad Transitions; Twists,Unrecorded,Hard,20.17
4de5bc9b-5fc3-4e30-b787-5e04e0418898,Arcana Force,mzet:-P,OSING,D,20,Arcade,175,1163,10-Stairs; Bracket Jumps; Drills,Unrecorded,Medium,20.15
4518496a-6815-4ac2-a3cf-f98d2101471c,Forgotten Vampire,WyvernP,SUNNY,D,20,Arcade,137,1003,Anchor Runs; Co-op Pad Transitions; Twists,Unrecorded,Medium,20.15
f94539fd-1993-4c9a-9dd8-6e12e40d4ceb,%X (Percent X),Pory,AEVILUX,S,20,Arcade,150,1271,Side-3 Singles; Staggered Brackets; Twists,Unrecorded,Hard,20.14
f3ec92c6-9017-42ae-8409-4fa9261dd798,La Cinquantaine,Pory,NIMGO,D,20,Arcade,164,1171,Bursty; Mid-6 Doubles; Twists,Unrecorded,Medium,20.13
ac60ff19-af82-4ac7-8c29-1b0d8f5b2483,Nade Nade,Doin,NIMGO,S,20,Arcade,100,1135,Bursty; Hold Footslides; Runs Without Twists,Unrecorded,Medium,20.11
06dbaecb-0c39-4305-ae2f-e4209da4d72a,A Site De La Rue,STREME REVERIE,EXC,D,20,Arcade,186,863,Anchor Runs; Bracket Runs; Drills,Unrecorded,Medium,20.1
d94b7e1e-a634-4ea2-b167-a8e36ea573ee,Clue,Transin,NIMGO,D,20,Arcade,140,1075,Doublesteps; Jumps; Twists,Unrecorded,Medium,20.1
189ef59d-5d4d-4216-8d61-c1329927f15e,Carmen Bus,StaticSphere & FUGU SUISAN,NIMGO,D,20,Arcade,170,1177,Anchor Runs; Runs; Runs Without Twists,Unrecorded,Medium,20.1
4cad8392-26fd-4416-973e-86a3ee571d2c,The Devil,BanYa Production,BPM,S,20,Arcade,130 ~ 130,875,5-Stairs; Runs Without Twists; Twists,Unrecorded,VeryHard,20.09
7faa6369-d243-4cb7-8a63-19ea9d4ddcab,Indestructible,Matduke,AEVILUX,D,20,Arcade,174,1000,Drills; Runs Without Twists; Yog Walks,Unrecorded,Hard,20.09
6fa5157c-a61b-40d3-ae8e-e6f3f4a16572,Vacuum Cleaner,Doin,HP,D,20,Remix,222.22,1166,Cross-pad Transitions; Jacks; Jumps,Unrecorded,Medium,20.08
34836fe8-2801-4d9b-8534-b2958eed687c,Burn Out,WyvernP,SUNNY,D,20,Arcade,190,912,Bursty; Doublesteps; Mid-4 Doubles,Unrecorded,Medium,20.08
1f9c8b92-46a5-4cd9-891d-d8ac3078fa63,TRICKL4SH 220,Lite Show Magic,CONRAD,D,20,Arcade,220,1042,Bracket Jumps; Bracket Runs; Bracket Twists,Unrecorded,Medium,20.08
c968f30c-a4b6-4cf3-b4ce-159229831186,Cleaner,Doin,BPM,D,20,Arcade,203,1160,Bracket Twists; Drills; Jumps,Unrecorded,Medium,20.07
c9ef00c4-8898-4917-8329-9424a6bca05b,GLORIA,Croire,CONRAD,S,20,Arcade,245,1200,Brackets; Bracket Drills; Bracket Runs,Unrecorded,Medium,20.07
b6aa8bc4-3b2c-44ec-be21-7e935acd94ed,Keep On!,AmamoriP,OSING,D,20,Arcade,185,1095,Bracket Drills; Co-op Pad Transitions; Cross-pad Transitions,Unrecorded,Medium,20.07
6b6f14ec-3ab5-4332-966f-c41bfdf76351,Dement ~After Legend~,Lunatic Sounds,SUNNY,D,20,Arcade,210,1000,Bursty; Drills; Mid-4 Doubles,Unrecorded,Medium,20.06
85657f5f-c04d-41b7-bdf4-ff774714cd2c,Imaginarized City,Reku Mochizuki,GGWANG,D,20,Arcade,156,1000,Doublesteps; Jumps; Mid-6 Doubles,Unrecorded,Medium,20.06
3559db8c-818a-47d0-ba6a-5a4c18164bf7,STAGER,Ras,CONRAD,D,20,Arcade,146,897,Bracket Jumps; Doublesteps; Jumps,Unrecorded,Medium,20.06
07cc0a61-4a85-4747-9ebe-fc88bddb60d8,Cross Ray,HyuN,SUNNY,D,20,Arcade,176,1123,Jumps; Mid-4 Doubles; Sustained,Unrecorded,Medium,20.05
da11e5bc-1314-4158-8698-f832da3e502a,Athena's Shield,Jehezukiel,SUNNY,D,20,Arcade,176,1083,Bursty; Cross-pad Transitions; Doublesteps,Unrecorded,Medium,20.05
27503c70-d5f2-43f4-a88e-a149332ac722,Ice of Death,Fiverwater,CONRAD,S,20,Arcade,172,971,5-Stairs; Bursty; Jacks,Unrecorded,Medium,20.03
80b5a2b1-0a4b-41c9-b7a6-ae71049fc5b6,Ghroth - SHORT CUT -,Nato,JUNARE,D,20,ShortCut,212,909,Anchor Runs; Bursty; Mid-6 Doubles,Unrecorded,Medium,20.03
6c42aa97-5b95-4cf4-8451-608d7e8e3ffd,Nemesis,M2U,EXC,D,20,Arcade,160,1054,10-Stairs; Bracket Jumps; Runs Without Twists,Unrecorded,Hard,20.02
a962be7c-6049-43e8-917b-a07c11608764,Chase Me,Dreamcatcher,NIMGO,S,20,Arcade,200,1077,Anchor Runs; Brackets; Staggered Brackets,Unrecorded,Medium,20.02
78ec7b60-9257-4a65-8a03-205fb0f494f9,Destr0yer,Unknown,EXC,D,20,Arcade,90,999,Bracket Jumps; Doublesteps; Jacks,Unrecorded,Medium,20
e9216ff3-5daa-4a1e-a284-b0d64a06f7be,DISTRICT V,Zekk vs MAX,SUNNY,D,20,Remix,178,1234,Bursty; Jacks; Mid-4 Doubles,Unrecorded,Medium,19.98
ec0b55c6-e356-4dc2-b1ad-e3db2e529d83,Goodbounce,EBIMAYO,SUNNY,S,20,Arcade,180,1111,Bracket Runs; Hold Footslides; Jacks,Unrecorded,Medium,19.98
5f60fca9-80fc-442e-9931-3a3bcac5afcd,Pumptris Quattro,Yahpp,BPM,D,20,Arcade,153,1193,Mid-4 Doubles; Mid-6 Doubles; Twists,Unrecorded,Medium,19.98
74741107-6dd9-4e45-9565-b3e22edc2008,Eternal Universe,Quree,SUNNY,S,20,Arcade,200,1050,5-Stairs; Bursty; Jacks,Unrecorded,Medium,19.97
049c3d0a-4693-4fc6-acd8-0d70f8eac9ad,Crimson Hood,Springhead,NIMGO,S,20,Arcade,190,1156,Anchor Runs; Bracket Jumps; Runs Without Twists,Unrecorded,Medium,19.96
78a5a68c-6510-43bb-8433-4545ed395f2b,Baroque Virus - FULL SONG -,Zircon,AEVILUX,D,20,FullSong,135,2100,Hold Footslides; Sustained; Twists,Unrecorded,Medium,19.96
36f7c4ee-9bdd-4a84-93e2-45be2df42940,Highway Chaser,Cosmograph,SUNNY,S,20,Arcade,155,983,5-Stairs; Runs; Runs Without Twists,Unrecorded,Medium,19.96
103b9077-11d9-4882-aae8-864a8ea93c91,4NT,PODA,OSING,D,20,Arcade,180,987,Bracket Twists; Jacks; Mid-4 Doubles,Unrecorded,Medium,19.92
0e92efb9-69de-450f-b14c-84ab39358096,Gargoyle,Sanxion7,SANDSTORM,D,20,Arcade,150,1189,Runs; Runs Without Twists; Sustained,Unrecorded,Medium,19.92
1d507558-695a-4e9e-b68e-fe868ee0df49,Kasou Shinja - SHORT CUT -,MAX,NIMGO,S,20,ShortCut,170,1023,5-Stairs; Bracket Drills; Drills,Unrecorded,Hard,19.91
bf880af7-0be3-41b2-86c4-bc77df6a8547,Odin,Gram,SPHAM,S,20,Arcade,200,1234,Anchor Runs; Drills; Side-3 Singles,Unrecorded,Medium,19.91
1df957f6-450c-468b-8113-1e1bfbfcf351,Love is a Danger Zone(Cranky Mix),BanYa & Cranky,EXC,D,20,Arcade,155,1200,Mid-6 Doubles; Sustained; Twists,Unrecorded,Medium,19.91
f7cf96fa-5ebf-4026-abde-1c874a108b41,We Love Your Step,EmoCosine,refos,D,20,Arcade,205,888,,Unrecorded,Medium,19.89
fb92da2a-57ca-4678-9ca8-b44a0a7256ff,The End of the World ft. Skizzo,MonstDeath feat. Skizzo,CONRAD,S,20,Arcade,150,1119,Hold Footswitches; Sustained; Twists,Unrecorded,Medium,19.88
36c0288b-7029-410d-a488-89bd42798ecc,Imperium,sakuzyo,EXC,D,20,Arcade,174,950,Bracket Runs; Cross-pad Transitions; Jacks,Unrecorded,Medium,19.88
5a1a87a1-63cf-4f3e-ae25-ed2ce48393e9,Point Zero One,SynthWulf,NIMGO,S,20,Arcade,170,1275,Anchor Runs; Runs; Twists,Unrecorded,Medium,19.88
b01f5a20-a2ba-4a11-9642-9e1c66397024,CROSS SOUL,HyuN feat. Syepias,NIMGO,S,20,Arcade,200,1152,Anchor Runs; Drills; Staggered Brackets,Unrecorded,Medium,19.87
b8f2bedc-0778-4a81-9dd7-ff7ca1800ffa,Versailles,HyuN & MIIM,CONRAD,D,20,Arcade,160 ~ 160,1141,Bracket Drills; Bracket Jumps; Bracket Twists,Unrecorded,Hard,19.84
453a9810-7ef9-45bd-8def-30bc99680423,BANG BANG,IVE (아이브),CONRAD,D,20,Arcade,152,948,Mid-4 Doubles; Mid-6 Doubles; Twists,Unrecorded,Medium,19.84
3d27f0bf-ea34-403f-aa7f-98ff7ed308a0,B3,MAX,CONRAD,S,20,Arcade,160,1000,Bracket Runs; Jumps; Staggered Brackets,Unrecorded,Medium,19.84
c19d6f93-9793-459e-987c-15c9b1ff79a9,Legendary Dominion,Laur,EXC,S,20,Arcade,210,1100,Bracket Drills; Bracket Runs; Bursty,Unrecorded,Medium,19.84
8a87153a-4f7a-4b5e-b9f5-fdba4ea5b52b,Break Through Myself feat. Risa Yuzuki,DJ Myosuke & Laur,CONRAD,D,20,Arcade,200,1050,Bracket Drills; Bracket Runs; Mid-6 Doubles,Unrecorded,Medium,19.83
1332e435-d8a5-4589-aaa7-8ac980daa4ce,That Kitty (PIU Edit.),MonstDeath,SPHAM,S,20,Arcade,190,1087,Jacks; Side-3 Singles; Staggered Brackets,Unrecorded,Medium,19.83
a7eab695-c3d8-4527-9f05-7ca09554ae51,Le Grand Bleu,KIEN,CONRAD,S,20,Arcade,165,1145,5-Stairs; Drills; Footswitches,Unrecorded,Medium,19.82
6ae6cda4-e6dd-45f3-9934-7e4f71edc16a,Cross Time,Brandy,CONRAD,D,20,Arcade,160,1200,Anchor Runs; Bracket Jumps; Jumps,Unrecorded,Medium,19.82
a6459174-68f7-4dac-a336-2819f82e23ff,Demon of Laplace,Quree,NIMGO,D,20,Arcade,144,1168,Anchor Runs; Bracket Runs; Co-op Pad Transitions,Unrecorded,Medium,19.81
a3f0942c-09a3-4ced-b885-898532ce42ac,About The Universe,SOTUI & MIssionary,OSING,S,20,Arcade,180,1150,Anchor Runs; Bracket Drills; Drills,Unrecorded,Medium,19.77
fe85b12a-f949-463a-b6df-e0facdf54140,New Rose,Hommarju,CONRAD,D,20,Arcade,190,1088,Brackets; Bracket Jumps; Staggered Brackets,Unrecorded,Medium,19.76
6e70cc49-3c41-466b-97bb-50becea9e919,Dr. M,BanYa,BPM,D,20,Arcade,145,982,10-Stairs; Co-op Pad Transitions; Sustained,Unrecorded,Medium,19.76
36fd7fe7-0230-4d35-bf9b-db2c233013fd,Stardream -Eurobeat Remix-,MAX x Cashew x Dave Rodgers,CONRAD,D,20,Arcade,160,1173,Jacks; Jumps; Mid-6 Doubles,Unrecorded,Medium,19.75
cd47d047-92e2-45e6-bd14-8e5c0c8233f8,DJ Otada,BanYa Production,SUNNY,D,20,Arcade,180,1060,Cross-pad Transitions; Doublesteps; Mid-6 Doubles,Unrecorded,Medium,19.74
146187fc-6a0e-4bdf-9c92-3ba09c9e6997,Crossing Delta,t+pazolite + Ginkiha + Hommarju,SPHAM,S,20,Arcade,180,1111,Bracket Jumps; Bracket Runs; Twists,Unrecorded,Medium,19.74
b85bbe18-8c5a-4d9b-9d53-e500a77ce20a,404 (New Era),KiiiKiii (키키),NIMGO,D,20,Arcade,127,1163,Bracket Jumps; Doublesteps; Jumps,Unrecorded,Medium,19.74
8a1b8719-f44e-42b8-aef0-815c6e2e28b7,Hymn of Golden Glory - SHORT CUT -,Essbee,GGWANG,S,20,ShortCut,244,1000,Brackets; Bracket Jumps; Bursty,Unrecorded,Medium,19.74
851fb60f-8ee5-45bf-9073-5e824ebad3b4,ESP,Nato,CONRAD,D,20,Arcade,175,950,Anchor Runs; Bursty; Mid-6 Doubles,Unrecorded,Easy,19.74
3b922f20-2e6f-457f-80e9-2a0dfb3ddeb5,Time Attack <BLUE>,r300k,WINDFORCE,D,20,Arcade,119,1110,10-Stairs; Jacks; Twists,Unrecorded,Medium,19.73
f7274e2a-ffea-4a85-bc60-a9b140deece2,Iolite Sky,Doin,WINDFORCE,S,20,Arcade,90,1091,Drills; Jacks; Jumps,Unrecorded,Medium,19.73
23c40225-0e4a-4d7b-96b2-622e48a62995,Hercules,Abel,SPHAM,D,20,Arcade,195,1000,Bracket Runs; Bursty; Mid-6 Doubles,Unrecorded,Easy,19.73
3cbe58ca-d1d7-4071-bd9d-3e17ee2a5efe,Transacaglia in G-minor,ATAS,SUNNY,D,20,Arcade,158,1183,Co-op Pad Transitions; Runs Without Twists; Sustained,Unrecorded,Hard,19.71
54d64e9c-f2c0-40c5-a680-879f30b140f9,Full Moon - FULL SONG -,Dreamcatcher,BME,S,20,FullSong,190,1577,Bracket Runs; Bursty; Runs Without Twists,Unrecorded,Medium,19.71
2e9937d1-d0d2-4f40-9e2e-9373ad242423,Uranium,Memme,WINDFORCE,D,20,Arcade,170,876,Jacks; Mid-4 Doubles; Mid-6 Doubles,Unrecorded,Hard,19.71
e6fc4232-29db-4b9b-8557-819bf2a42edd,Phoenix Opening - SHORT CUT -,MAX,JUNARE,D,20,ShortCut,174,993,Bracket Jumps; Doublesteps; Sustained,Unrecorded,Easy,19.71
e5bd31d7-13ff-4c80-a26d-10e23824ce40,Dreamchasers,s-don,GGWANG,D,20,Arcade,155,1050,Mid-4 Doubles; Mid-6 Doubles; Twists,Unrecorded,Medium,19.71
3082d5c0-e102-4803-b9f8-7d8808629556,Milky Way Galaxy,3R2,WINDFORCE,D,20,Arcade,175,867,Bursty; Doublesteps; Jumps,Unrecorded,Medium,19.7
4e0260f3-9aa7-4a6d-a146-d940071cb36e,Telling Fortune Flower,Koharu feat. Renyata,NIMGO,D,20,Arcade,200,1183,Anchor Runs; Bursty; Mid-4 Doubles,Unrecorded,Medium,19.69
639f9c0e-bf43-4cab-bcfb-07f38ca4b535,Love is a Danger Zone,BanYa,BPM,S,20,Arcade,140,995,Jacks; Sustained; Twists,Unrecorded,Medium,19.69
2f5f57ab-de6f-4b43-80b0-57192c966e9e,MURDOCH,WONDERTRAVELER Project,NIMGO,S,20,Arcade,179,1120,Anchor Runs; Bursty; Runs Without Twists,Unrecorded,Medium,19.66
22eed3ce-eade-46c6-935b-660a3da79577,Necromancy,Zircon,BPM,S,20,Arcade,173,1228,Anchor Runs; Runs; Runs Without Twists,Unrecorded,Medium,19.66
caec8876-c4f9-476e-8557-51aeb3233aa2,Hyperion,M2U,OSING,D,20,Arcade,145,1100,Runs; Runs Without Twists; Yog Walks,Unrecorded,Medium,19.66
8aba0dc8-0394-4cb4-b62c-67464d252892,STEP,SID-Sound,NIMGO,D,20,Arcade,156,1183,Bursty; Cross-pad Transitions; Jumps,Unrecorded,Medium,19.64
affeeee8-537a-4761-972b-7d26f13adeb8,Take Out,SHK,BPM,D,20,Arcade,170,1066,Runs; Runs Without Twists; Twists,Unrecorded,Easy,19.63
7d178959-3545-4db9-8b2d-38bdffe1aba0,Allegro Furioso,DM Ashura,EXC,D,20,Arcade,176,848,Brackets; Bracket Drills; Bracket Runs,Unrecorded,Hard,19.62
a34ed032-40fc-4cf3-9b13-3a03bda4a7f5,Love is a Danger Zone 2 - FULL SONG -,Yahpp,BPM,S,20,FullSong,100 ~ 100,1773,5-Stairs; Hands; Jacks,Unrecorded,Medium,19.61
41dce283-0c6b-4899-96dd-50ce10dc49b9,Mr. Larpus,BanYa,BPM,S,20,Arcade,190,932,5-Stairs; Runs; Runs Without Twists,Unrecorded,Medium,19.6
671351ce-f472-49bf-8c96-e3cbba794f78,Dual Racing <RED vs BLUE>,Nato & r300k,CONRAD,S,20,Arcade,165,1289,Brackets; Bracket Drills; Staggered Brackets,Unrecorded,Medium,19.59
f612a833-91df-4e08-8754-0e16b4a79ea1,Nostalgia,Woody,CONRAD,S,20,Arcade,100,1024,Bracket Runs; Bracket Twists; Doublesteps,Unrecorded,Medium,19.58
79a9c72a-445c-4173-b802-141bece0b7ce,OVERNIGHT FLOWER,P*Light,CONRAD,D,20,Arcade,210,1184,Bracket Drills; Doublesteps; Mid-6 Doubles,Unrecorded,Medium,19.56
a5ec1256-8ba8-469c-a503-359a1e313ee2,The Apocalypse,HyuN feat. Elika,CONRAD,D,20,Arcade,171,1200,Brackets; Bracket Jumps; Bracket Twists,Unrecorded,Easy,19.56
96dcc489-b35c-4fa2-aad9-db30f5e9b9ec,About The Universe,SOTUI & MIssionary,CONRAD,D,20,Arcade,180,1106,Bracket Drills; Bracket Runs; Co-op Pad Transitions,Unrecorded,Medium,19.56
18054066-8091-42f8-a288-0ecb89f2530a,Lucid Dream,Unknown,SPHAM,S,20,Arcade,173,1202,Anchor Runs; Bracket Drills; Bracket Runs,Unrecorded,Hard,19.54
b7028eae-2ed8-4c51-8c13-f233bc9c4c57,Rise Up (feat. Miori Celesta),memme,CONRAD,D,20,Arcade,190,1000,,Unrecorded,Easy,19.53
616e99f1-3622-48ba-94d0-88f11efcd0a3,Giselle,Sobrem a.k.a. Widowmaker,DulKi,D,20,Arcade,128 ~ 128,1034,Bursty; Mid-4 Doubles; Mid-6 Doubles,Unrecorded,Easy,19.52
fb69e8c4-9c58-42c9-8af3-35e6397aa6ad,Dreamchasers,s-don,GGWANG,S,20,Arcade,155,1111,5-Stairs; Bracket Jumps; Jumps,Unrecorded,Medium,19.5
2d74e5a4-5f13-4651-b182-73d306001182,Neo Catharsis,TAG underground overlay,EXC,S,20,Arcade,120 ~ 120,1200,Bursty; Jacks; Twists,Unrecorded,Medium,19.48
2daf1c60-6caf-48fd-a636-9a554223f5eb,SUPER☆HARAGURO☆POP,Zekk,refos,S,20,Arcade,160,1111,Brackets; Bracket Jumps; Jumps,Unrecorded,Medium,19.47
653ae7b9-78f9-4bc6-951b-5333f1289917,Halcyon,xi,NIMGO,S,20,Arcade,40 ~ 40,1182,Bracket Twists; Bursty; Doublesteps,Unrecorded,Medium,19.47
27a6fd2e-e9b2-48a5-b95a-995edfe200b0,Do the Dance,ILLIT (아일릿),CONRAD,S,20,Arcade,130,1000,Staggered Brackets; Sustained; Twists,Unrecorded,Medium,19.46
2641e5f0-af7c-4f87-9382-7176d01d8737,SUPER☆HARAGURO☆POP,Zekk,refos,D,20,Arcade,160,1004,Brackets; Bracket Jumps; Jacks,Unrecorded,Easy,19.41
8c7e235c-94a5-40af-9199-ee0081fb4046,Kokugen Kairou Labyrinth,A:llhα & ANE & 2riA,CONRAD,S,20,Arcade,215,1033,Bracket Twists; Bursty; Twists,Unrecorded,Medium,19.4
fc18daf9-151b-48ec-bb79-795e0babab7b,Love is a Danger Zone - SHORT CUT -,BanYa,WINDFORCE,S,20,ShortCut,140,900,Jacks; Runs; Twists,Unrecorded,Hard,19.37
e544f873-7d5d-4a14-9313-b675eaa46d2c,Nakakapagpabagabag,Dasu feat. Kagamine Len,EXC,D,20,Arcade,145,1270,Bracket Jumps; Doublesteps; Sustained,Unrecorded,Easy,19.32
e2c3750c-cb8a-43b5-9305-81bce2a9afe9,Gun Rock,BanYa Production,JKD,S,20,Arcade,104,900,Bracket Twists; Hands; Jumps,Unrecorded,Medium,19.31
8530f7e6-b93c-4bb6-800b-7a4b4282a15a,Unfelicitas,Fiverwater,SUNNY,S,20,Arcade,192,1086,,Unrecorded,Medium,19.27
1dd1daef-7c81-4884-a175-f030651069c4,Bluish Rose,WyvernP,SUNNY,S,20,Arcade,130,980,5-Stairs; Bracket Twists; Side-3 Singles,Unrecorded,Easy,19.26
0382546e-8a3f-428f-93a6-32ed6db8bbb3,Burn Out,WyvernP,BME,S,20,Arcade,190,1202,Bracket Twists; Bursty; Drills,Unrecorded,Medium,19.26
5d2e1e74-9d76-4b25-bdae-92d7ae2f6607,I Want U,MAX,SUNNY,S,20,Arcade,156,1171,Runs; Runs Without Twists; Side-3 Singles,Unrecorded,Medium,19.22
11d835ad-c98c-42b5-83a1-b59cd4afea98,HTTP,Quree,CONRAD,D,20,Arcade,147,1079,Anchor Runs; Bracket Drills; Runs Without Twists,Unrecorded,Medium,19.2
e3dbba66-585e-40cb-b50b-955cc2773c57,BLAZOR,WONDERTRAVELER Project,GGWANG,S,20,Arcade,161,1050,Anchor Runs; Doublesteps; Runs Without Twists,Unrecorded,Medium,19.19
f4621ce9-ee1f-402a-83cb-983ed01b1d88,We Love Your Step,EmoCosine,refos,S,20,Arcade,205,1200,,Unrecorded,Medium,19.17
57034bab-8e37-4a0d-b976-3b4c61874239,Pneumonoultramicroscopicsilicovolcanoconiosis ft. Kagamine Len/GUMI,DASU,,S,20,Arcade,,1821,Bracket Twists; Doublesteps; Sustained,Unrecorded,Medium,19.14
a092e64c-a9dc-4716-a779-1de6c619f6e1,Slam,Novasonic,HP,S,20,Arcade,131.99,800,Bracket Twists; Jumps; Twists,Unrecorded,Hard,19.13
f991af2d-9b2c-47a4-ac04-34f45116fdda,Curiosity Overdrive,t+pazolite,DulKi,S,20,Arcade,192,1101,Bracket Runs; Bursty; Staggered Brackets,Unrecorded,Easy,19.12
bd01894e-be99-46c6-875f-eff800f43430,The Stranger,ONF (온앤오프),CONRAD,S,20,Arcade,116,1024,Bracket Drills; Bracket Twists; Twists,Unrecorded,Medium,19.11
0fd4a7ce-347c-4813-8b77-4512979df3b8,Mission Possible,BanYa,EHNE & ANDAMIRO,S,20,Arcade,124,892,Bracket Jumps; Bursty; Jacks,Unrecorded,Hard,19.06
baed3f7d-6d55-462a-b8bb-73dc6e76b495,Ghost Bloody Train,Fiverwater,CONRAD,D,20,Arcade,192,1111,Bracket Jumps; Mid-4 Doubles; Mid-6 Doubles,Unrecorded,Easy,19.04
58179303-1869-42c3-9ee3-944595b2699d,Tales of Pumpnia,Applesoda,CONRAD,S,20,Arcade,200,1068,Brackets; Doublesteps; Twists,Unrecorded,Medium,18.99
9c60cf8d-59f6-44f3-a8c8-d4cc4dd1a01a,Top City,BanYa,OSING,S,20,Arcade,110.8,999,Brackets; Bracket Runs; Bracket Twists,Unrecorded,Medium,18.97
95149717-0ced-403f-b577-c6ac34752392,Solve My Hurt - SHORT CUT -,Doin,AbySS,S,20,ShortCut,234,1042,Anchor Runs; Jacks; Side-3 Singles,Unrecorded,Easy,18.95
1146bf77-92a0-4a8e-a387-26b17f6929e4,Jupin - SHORT CUT -,Sobrem,SPHAM,S,20,ShortCut,173,1111,Bursty; Runs; Runs Without Twists,Unrecorded,Medium,18.94
64e4b51b-77c8-4d2e-9fb0-ce6d09229d12,Utsushiyo No Kaze feat. Kana,void feat. Kana,EXC,S,20,Arcade,152,913,Bracket Jumps; Bracket Twists; Jumps,Unrecorded,Medium,18.93
7c947bcb-631c-4565-a712-5abe045c122f,CALL ME BACK,TNX,SUNNY,S,20,Arcade,128,1100,Brackets; Doublesteps; Hold Footslides,Unrecorded,Easy,18.9
2fd109d5-d77d-4eb9-adf3-dcc97f0e8954,Catastrophe,rareguy & MonstDeath,CONRAD,D,20,Arcade,202,950,Jacks; Mid-4 Doubles; Mid-6 Doubles,Unrecorded,Easy,18.89
d3a32cad-950f-4376-b1f3-fb2ad8a28f6a,Death Moon,SHK,NIMGO,S,20,Arcade,160,1046,5-Stairs; Anchor Runs; Twists,Unrecorded,Medium,18.89
d2d97633-bc7b-48b8-87c5-920dc1a9769a,Super Fantasy - SHORT CUT -,SHK,EXC,S,20,ShortCut,145,829,Runs; Runs Without Twists; Twists,Unrecorded,Medium,18.85
493ad255-4888-4d14-a392-e51b0e85db12,Vanish 2 - Roar of the invisible dragon,Applesoda,SPHAM,S,20,Arcade,190,1071,Bursty; Jacks; Side-3 Singles,Unrecorded,Easy,18.84
e8f5c927-d6dd-423f-ab53-e49d90c28ac6,Phantom -Intermezzo-,BanYa Production,BPM,D,20,Arcade,140,1083,Cross-pad Transitions; Mid-6 Doubles; Twists,Unrecorded,Medium,18.81
4a454fdd-14e4-4929-82ef-d89198fab13f,Doppelganger,MonstDeath,CONRAD,S,20,Arcade,210,1043,Bracket Drills; Bracket Runs; Drills,Unrecorded,Easy,18.79
0db2df72-5a0e-4328-9da9-0fb7d2d8e573,4NT,PODA,OSING,S,20,Arcade,180,1111,Bracket Runs; Bursty; Jacks,Unrecorded,Easy,18.76
bc69252b-118d-4b9e-a996-6ce4811f9529,Spooky Macaron,Sobrem,CONRAD,S,20,Arcade,201,1187,Bursty; Drills; Jumps,Unrecorded,Easy,18.7
c78e546f-6075-4cb3-a3af-272ea45fc722,Super Akuma Emperor,REDALiCE,DIESEL,S,20,Arcade,240,1200,Bursty; Footswitches; Jacks,Unrecorded,Easy,18.69
afb42cb7-0ef4-4606-a84d-7e381af411ac,Good Night,Dreamcatcher,NIMGO,S,20,Arcade,196,1174,Bursty; Runs Without Twists; Side-3 Singles,Unrecorded,Easy,18.62
8961b904-0d06-4ac1-a0d3-8425d75d56b4,Fires of Destiny,Jehezukiel,BME,S,20,Arcade,155,1107,Brackets; Bracket Jumps; Bracket Twists,Unrecorded,Medium,18.52
f961ee5a-edc7-464b-af2e-d06082053c6e,Bad Apple!! feat. Nomico,Masayoshi Minoshima feat. Nomico,NIMGO,D,20,Arcade,138,1043,Mid-4 Doubles; Sustained; Twists,Unrecorded,Hard,18.16
41866aea-091e-44e7-897f-484f8f7898af,Antique Serenade,Abel,GGWANG,D,20,Arcade,214,950,,Unrecorded,Easy,17.95
af60aa34-48d4-4d3a-9ca3-ec3384271638,Human Extinction (PIU Edit.),MonstDeath,OSING,S,20,Arcade,199,1207,Anchor Runs; Bursty; Doublesteps,Unrecorded,Easy,17.78
84894d33-4e6e-4ea2-ba50-00240d2e5403,Witch Doctor #1,Yahpp,EHNE,D,20,Arcade,122,1111,Co-op Pad Transitions; Sustained; Twists,Unrecorded,Hard,17.73
1b4236b9-2729-42ac-a257-2f5e3c0701e9,Bee,BanYa,ANDAMIRO,D,20,Arcade,160,800,10-Stairs; Runs; Runs Without Twists,Unrecorded,Hard,17.48
f531c852-0f85-4bd9-a4c6-f136b4b0c974,8 6,Dasu,EXC,S,20,Arcade,167,2300,Bracket Twists; Doublesteps; Sustained,Unrecorded,Easy,17.48
c712328a-7845-4f34-b42e-651e033d03af,Avalanche,Memme,HP,D,20,Arcade,175,884,Co-op Pad Transitions; Drills; Splits,Unrecorded,Hard,0
d42ac51e-742e-484f-aa80-db08bd7696fb,Beethoven Influenza,BanYa & Warak,CONRAD,D,20,Remix,170,1200,Bursty; Jacks; Yog Walks,Unrecorded,Hard,0
c6ed0aa3-f36e-4242-805a-ff267d2b599d,Chopsticks Challenge - FULL SONG -,Yahpp,ANDAMIRO,D,20,FullSong,128,1096,Co-op Pad Transitions; Sustained; Twists,Unrecorded,Underrated,0
d20768f8-9c7b-44f0-afed-a600317b9958,Final Audition EP. 2-X - SHORT CUT -,Yahpp,WINDFORCE,D,20,ShortCut,170,958,Bursty; Hold Footslides; Splits,Unrecorded,Easy,0
6dc0d9bc-2ca2-4d10-9014-fa726641fdf5,Fire Noodle Challenge,Memme,SPHAM,D,20,Remix,185,1200,Doublesteps; Hold Footslides; Mid-6 Doubles,Unrecorded,Medium,0
03e47d4c-e497-4612-96f0-98e60bc0e7cd,Hello William,BanYa Production,KANG2,D,20,Arcade,170,813,Footswitches; Jacks; Mid-4 Doubles,Unrecorded,Underrated,0
e405b25a-7cea-49b2-93bd-5b3c518c6db0,Higgledy Piggledy,BanYa Production,OSING,D,20,Arcade,150,892,Brackets; Bracket Jumps; Bracket Twists,Unrecorded,Medium,0
cb8be49e-0c55-460b-8685-f891d0f38eba,Human Extinction (PIU Edit.),MonstDeath,NIMGO,D,20,Arcade,199,1025,Bursty; Mid-4 Doubles; Twists,Unrecorded,Medium,0
56ffab1c-dad2-449e-9363-d1e0c87ad823,Ice of Death,Fiverwater,CONRAD,D,20,Arcade,172,1090,Bracket Jumps; Bursty; Yog Walks,Unrecorded,Hard,0
05674498-bda9-4f0f-8e44-141702d2c8b3,Mission Possible -Blow Back-,BanYa Production,ANDAMIRO,D,20,Arcade,128,,Co-op Pad Transitions; Cross-pad Transitions; Twists,Unrecorded,Medium,0
b7b08169-6212-4b37-a12c-5ec309589cd8,Moonlight,BanYa,HP,D,20,Arcade,180,965,Anchor Runs; Drills; Twists,Unrecorded,Medium,0
a76aaa4a-ec4d-41c4-afec-dbfb259e6109,Naissance 2,BanYa,ANDAMIRO,D,20,Arcade,129,800,Bracket Jumps; Jacks; Twists,Unrecorded,Hard,0
7dbac84b-bd98-4c40-9acd-49e83e5db915,Silhouette Effect,Nato,HP,D,20,Arcade,167,1052,Anchor Runs; Bursty; Twists,Unrecorded,Medium,0
d5f7c2bb-aa03-46de-b6e1-075015309251,Stardream -Eurobeat Remix- - SHORT CUT -,MAX x Cashew x Dave Rodgers,GGWANG,D,20,ShortCut,160,1000,Jumps; Splits; Sustained,Unrecorded,Medium,0
67290c7f-8336-484c-9f40-7129a4f5c190,The Festival of Ghost2 (Sneak),Brandy,EXC,D,20,Arcade,136,929,10-Stairs; Hold Footslides; Twists,Unrecorded,VeryHard,0
06e1b998-9e6f-4cb2-8552-ca09991a9bf6,Waltz of Doge,Cashew,CONRAD,D,20,Arcade,250,992,Hold Footslides; Staggered Brackets; Twists,Unrecorded,Hard,0
330b8983-1eff-4835-a530-59667d707c5c,Wedding Crashers - SHORT CUT -,SHK,EXC,D,20,ShortCut,165,800,Mid-4 Doubles; Mid-6 Doubles; Twists,Unrecorded,Easy,0
8ed63eea-7ae1-414f-9ad7-82e4765d26fa,Mr. Larpus,BanYa,ANDAMIRO,D,19,Arcade,190,660,Runs; Runs Without Twists; Twists,Unrecorded,Underrated,23.36
93c44c51-6ee3-47af-8f8f-14e7ce200d1f,Chimera,Yahpp,ANDAMIRO & AHGOO,S,19,Arcade,210,,5-Stairs; Anchor Runs; Twists,Unrecorded,Underrated,23.08
86cc284d-2e58-4a2a-9014-0f237b50f970,Waltz of Doge,Cashew,CONRAD,S,19,Arcade,250,,Bracket Runs; Hold Footslides; Runs,Unrecorded,Hard,23.07
532948b7-f63b-429f-95c9-a71ca4afc0c0,DUEL - SHORT CUT -,Cashew & D_AAN,GGWANG,S,19,ShortCut,155,950,5-Stairs; Runs; Twists,Unrecorded,VeryHard,23.06
3eea9f23-93f5-45cc-aa2b-242540f0ddeb,Awakening,typeMARS,OSING,S,19,Arcade,150,1000,Brackets; Bracket Twists; Runs,Unrecorded,VeryHard,22.84
e6822bd8-2e28-430b-80cc-b24753d7fe9f,R.I.P,eicateve,EXC,S,19,Arcade,192,1100,Bracket Twists; Doublesteps; Hold Footslides,Unrecorded,VeryHard,22.74
4371deda-70fc-4e54-b3e7-831151059bbf,Sugar Conspiracy Theory,MAX,ENVYtic,S,19,Arcade,170,1000,Bursty; Jacks; Side-3 Singles,Unrecorded,VeryHard,22.7
df919b8a-8da5-444e-aa98-08f005ffe7c4,Hello William,BanYa Production,ANDAMIRO,S,19,Arcade,170,842,Anchor Runs; Side-3 Singles; Twists,Unrecorded,Underrated,22.68
c034bb54-99f6-4603-b9d4-1b8023a24e12,Asterios -ReEntry-,ATAS,NIMGO,S,19,Arcade,148,1000,Drills; Side-3 Singles; Twists,Unrecorded,Underrated,22.68
ee2f3bca-85a0-411b-aca1-81befd2631a4,Infinity RMX,SynthWulf & MAX,ANDAMIRO,S,19,Remix,175,1196,Anchor Runs; Footswitches; Runs,Unrecorded,Medium,22.67
78b3bd30-39f5-4888-b7a2-079b0ce7b521,Jupin,Sobrem,DulKi,S,19,Arcade,173,985,Drills; Runs; Runs Without Twists,Unrecorded,Hard,22.64
3d3390aa-35d3-409a-b1c9-a586c5c4ed66,JANUS,MAX,CONRAD,D,19,Arcade,174,882,Bursty; Co-op Pad Transitions; Mid-4 Doubles,Unrecorded,Hard,22.62
e0871a14-dc1f-43b8-9281-68193b5890f3,Moonlight - SHORT CUT -,BanYa,WINDFORCE,S,19,ShortCut,180,800,Doublesteps; Runs; Runs Without Twists,Unrecorded,Underrated,22.62
14858772-fb9a-4a4a-a18d-4ad25f6719b6,Kasou Shinja,MAX,NIMGO,D,19,Arcade,170,1086,Bursty; Drills; Runs Without Twists,Unrecorded,Medium,22.61
dc31d7e5-6083-4450-a58b-98e6a2b82523,Robot battle,CYO Style,FELIXOR,S,19,Arcade,198,1000,Anchor Runs; Runs; Runs Without Twists,Unrecorded,VeryHard,22.59
2c7180f6-3e87-42c4-be08-83658ee8b23f,Imagination,SHK,EXC,S,19,Arcade,180,1141,5-Stairs; Drills; Twists,Unrecorded,VeryHard,22.58
959f7564-ebf4-468d-a325-866b7effea8f,Sarabande,MAX,EXC,S,19,Arcade,157,1009,5-Stairs; Brackets; Bracket Jumps,Unrecorded,Hard,22.58
b9c8a70f-ed5a-4cc8-a560-5cf172064d34,DJ Otada,BanYa Production,HIDDEN PARTS,S,19,Arcade,180,800,Brackets; Bracket Jumps; Bursty,Unrecorded,Hard,22.56
f1825399-e2d6-4ba1-81bd-38afb9c7e829,PaPa helloizing,BanYa Production,ANDAMIRO,S,19,Remix,145 ~ 145,,Bursty; Jumps; Runs Without Twists,Unrecorded,Hard,22.54
8717d473-d5f2-4846-b13e-fc1a21ed1b3f,Like Me,SHK,EXC,S,19,Arcade,155,945,Anchor Runs; Side-3 Singles; Twists,Unrecorded,Hard,22.53
77cd51f4-a2d5-4f0a-93dd-5a80ee0e0e19,Tream Vook of the war,BanYa,,S,19,Remix,184 ~ 184,1200,Anchor Runs; Bursty; Drills,Unrecorded,Medium,22.53
96637e58-39b4-4487-a160-77558dd15bfa,Horang Pungryuga,Sangnoksu feat. HANANA,EXC,S,19,Arcade,160,1060,Anchor Runs; Runs; Runs Without Twists,Unrecorded,Hard,22.53
cfe80859-82f4-479d-bf42-ebc3872acb6e,THE REVOLUTION,MAX & DOOM,CONRAD,S,19,Arcade,160,1139,5-Stairs; Drills; Staggered Brackets,Unrecorded,Hard,22.53
48369c57-36e6-48e8-be05-4f889eeae19b,Banya Classic Remix,BanYa,KANG2,S,19,Remix,162 ~ 162,992,Bracket Runs; Bracket Twists; Jumps,Unrecorded,Hard,22.52
efef6a92-0fa3-4748-92e8-0fd00ecc9bb2,Witch Doctor,BanYa,BPM,S,19,Arcade,195,981,Anchor Runs; Bracket Runs; Drills,Unrecorded,Hard,22.52
6ae298b3-967c-4652-adbc-a2e948f72271,Red Snow,Cashew,EXC,S,19,Arcade,170,1074,Bracket Twists; Drills; Side-3 Singles,Unrecorded,Hard,22.52
3bbe2081-0e8a-4a3b-92c5-ab0a313395c4,INFINITY,Lunatic Sounds,NIMGO,D,19,Arcade,175,898,Jacks; Mid-4 Doubles; Twists,Unrecorded,Medium,22.51
2b1a6938-4144-453e-ab5b-df993ba9b965,Everybody Got 2 Know,MAX,BPM,D,19,Remix,128,1124,Runs; Runs Without Twists; Twists,Unrecorded,Medium,22.51
2df16ee6-2e21-4060-bff6-b1fa07c357d5,Destination,SHK,ANDAMIRO,S,19,Arcade,150,1080,Runs; Runs Without Twists; Twists,Unrecorded,Hard,22.5
edf9edff-83a1-4a64-a94b-939860d0ff49,Super Capriccio,SHK,EXC,S,19,Arcade,150,969,Hold Footslides; Runs; Twists,Unrecorded,VeryHard,22.48
77b518be-a922-4636-a97c-7e9b7c76996b,Final Audition 3,BanYa,ANDAMIRO,D,19,Arcade,130.5,717,Jacks; Runs; Twists,Unrecorded,VeryHard,22.1
1a6a3b7e-1bce-46cd-b633-25665d7d6e5a,Pumping Jumping,BanYa Production,KANG2,D,19,Arcade,116,662,Co-op Pad Transitions; Jacks; Twists,Unrecorded,Medium,22.09
43f6ed2e-f92c-4866-8bc2-29e6aa373053,Interference - FULL SONG -,Doin,Tiny,S,19,FullSong,180.4,1710,5-Stairs; Bracket Runs; Sustained,Unrecorded,Hard,22.01
9296f229-cc23-45e8-8cb9-114ea4cf3326,L (PIU Edit),Ice,EXC,D,19,Arcade,155,1100,Mid-6 Doubles; Runs; Runs Without Twists,Unrecorded,Hard,21.92
ea3e827a-b792-450d-acad-204899742369,Mopemope,LeaF,EXC,D,19,Arcade,100,900,Brackets; Bracket Jumps; Bracket Twists,Unrecorded,VeryHard,21.75
d844daa9-26cf-425f-bfc4-7fb5133016c3,Latino Virus,Warak,HP,D,19,Arcade,170,933,Anchor Runs; Bracket Twists; Bursty,Unrecorded,Hard,21.67
7e57d3aa-f03f-4e65-b40b-7b5a0f3ef41b,Sudden Appearance Image,Blacklolita,DulKi,S,19,Arcade,170,1000,Bracket Runs; Bracket Twists; Jumps,Unrecorded,Hard,21.62
b46992c7-8c5a-4e2b-a6b6-9800994704df,Faster Z,Yahpp,EHNE,S,19,Arcade,162,1011,5-Stairs; Bracket Jumps; Twists,Unrecorded,Hard,21.61
d82c81c7-982b-4d29-81c8-ba481c718a40,Redline,Archefluxx,NIMGO,D,19,Arcade,170,802,Bursty; Cross-pad Transitions; Twists,Unrecorded,VeryHard,21.61
ddcef919-fd8d-4a5e-969b-57fa20f341f6,Acquire,ryhki,CONRAD,D,19,Arcade,155,882,Brackets; Bracket Drills; Jumps,Unrecorded,Hard,21.58
80f34ccd-9d7d-41cc-b301-2e3f2eac1afe,Smile Diary,you,NIMGO,D,19,Arcade,175,1038,Brackets; Bracket Jumps; Co-op Pad Transitions,Unrecorded,Medium,21.53
f047eec0-c611-4c36-a010-ec3d67b21346,Log In,SHK,BPM,D,19,Arcade,140,1021,10-Stairs; Anchor Runs; Staggered Brackets,Unrecorded,Medium,21.53
32abe8e2-22da-4430-8ac1-f8d601aa6823,Avalanche,Memme,S_S_STAR,D,19,Arcade,175,973,Anchor Runs; Drills; Runs Without Twists,Unrecorded,VeryHard,21.52
29abfbb9-fb7e-489f-9b3c-c7a46e24854d,Barber's Madness,Klass E,,D,19,Arcade,,903,10-Stairs; Cross-pad Transitions; Mid-4 Doubles,Unrecorded,Medium,21.52
6698f1ae-65ab-4475-941f-d5357fa508ce,My Dreams,BanYa Production,BPM,D,19,Arcade,136,747,Cross-pad Transitions; Jacks; Runs Without Twists,Unrecorded,Hard,21.52
c9bae3be-ced7-40ea-b58d-b84b27df1259,Arirang,BanYa Production,BPM,S,19,Arcade,160,934,Bursty; Jacks; Twists,Unrecorded,Hard,21.4
4e6c160d-f48b-4d34-b0b2-30b15fb5a359,Papasito (feat.  KuTiNA) - FULL SONG -,Yakikaze & Cashew feat. KuTiNA,AEVILUX,S,19,FullSong,128,1500,Jumps; Side-3 Singles; Twists,Unrecorded,Hard,21.33
728e9d14-0866-412c-8768-b7e2b4a09120,Annihilator Method,DM Ashura,EXC,S,19,Arcade,192,1066,Bracket Runs; Drills; Jacks,Unrecorded,Hard,21.18
a5dc9007-aa28-45c9-8028-e217d83ee211,Pumping Jumping,BanYa Production,ANDAMIRO,S,19,Arcade,116,800,Brackets; Bracket Runs; Jacks,Unrecorded,Hard,21.16
50b226a6-bc53-4950-96b3-613320fc21a6,Scorpion King,r300k,NIMGO,S,19,Arcade,113,962,Bursty; Runs; Twists,Unrecorded,Hard,21.13
119028e7-b68a-43b0-bc33-feb14cc3213b,Indestructible,Matduke,AEVILUX,S,19,Arcade,174,1000,Drills; Footswitches; Side-3 Singles,Unrecorded,VeryHard,21.08
6f615006-3e70-4392-b0f7-7eb59ab45df0,A Site De La Rue,STREME REVERIE,EXC,S,19,Arcade,186,914,Brackets; Bracket Drills; Staggered Brackets,Unrecorded,Hard,21.06
b14c403d-d743-4438-ba95-b7d9316abc17,MATADOR,Cranky,AYAPPING,D,19,Arcade,168,933,Anchor Runs; Drills; Yog Walks,Unrecorded,VeryHard,20.97
74d950d3-634f-4b72-88c5-2732eddef702,Smile Diary,you,NIMGO,S,19,Arcade,175,1133,Brackets; Bracket Jumps; Jumps,Unrecorded,Medium,20.91
f1093fe3-ec45-4ed8-96e6-dba85b7bbde9,Neo Catharsis - SHORT CUT -,TAG underground overlay,DIESEL,S,19,ShortCut,120 ~ 120,800,Bursty; Drills; Jacks,Unrecorded,Hard,20.89
7af99342-690b-4333-acca-6c414d49e2e5,Avalanche,Memme,HP,S,19,Arcade,175,857,Anchor Runs; Drills; Jacks,Unrecorded,Hard,20.88
6252efe9-f57b-4e51-a992-fe1cf1d2f67c,Skeptic,Doin,WINDFORCE,S,19,Arcade,200.1,995,Brackets; Doublesteps; Jacks,Unrecorded,Medium,20.63
2496228e-2361-4c7a-b3c3-847e9e70cfaa,Dignity - FULL SONG -,Crash,,S,19,FullSong,,1286,Brackets; Bracket Jumps; Staggered Brackets,Unrecorded,Hard,20.54
cb0c49ff-292c-4923-b7c8-6840b18fae91,Brown Sky,Doin,DulKi,S,19,Remix,200,1160,Bursty; Drills; Jacks,Unrecorded,Medium,20.53
b1c78863-e5b0-496e-9d05-ead0d786f12a,Can I friend you on Bassbook? lol,Camellia & Nanahira,DulKi,S,19,Arcade,128,1077,5-Stairs; Jacks; Twists,Unrecorded,Hard,20.5
b2d69bde-3d2a-40c8-b555-cf7461062eb0,Bullfighter's Song,BanYa Production,SHIN(BPM?),D,19,Arcade,168,666,Co-op Pad Transitions; Footswitches; Runs Without Twists,Unrecorded,Medium,20.45
d8d63b4a-8dfe-4549-a67d-f5b1c72f24be,Papasito (feat.  KuTiNA),Yakikaze & Cashew feat. KuTiNA,AEVILUX,D,19,Arcade,128,1000,Brackets; Bracket Twists; Doublesteps,Unrecorded,Hard,20.43
9cb03d2f-6dda-4e1c-a724-1211bb01e609,Papa Gonzales,BanYa,KANG2,D,19,Arcade,145,794,Bursty; Co-op Pad Transitions; Twists,Unrecorded,VeryHard,20.4
b558044e-3d47-49a1-9dba-daf858687070,Altale,sakuzyo,FEFEMZ,D,19,Arcade,90,1113,Brackets; Bracket Jumps; Doublesteps,Unrecorded,Hard,20.3
fa87273f-7656-486a-845f-308f56ffa878,Cosmical Rhythm,SID-Sound,KAZEMURA,D,19,Arcade,128,933,Cross-pad Transitions; Doublesteps; Twists,Unrecorded,Hard,20.25
75f7af52-9a9c-42e6-8802-b02d45e28964,INFiNiTE ENERZY -Overdoze-,Reku Mochizuki,refos,D,19,Arcade,180,1100,Anchor Runs; Mid-4 Doubles; Mid-6 Doubles,Unrecorded,Hard,20.18
cfa4db17-30de-4ff0-b94b-240c1447db98,B2,MAX,HP,D,19,Arcade,158,1012,Cross-pad Transitions; Jacks; Twists,Unrecorded,Easy,19.87
5aa82dc5-ada0-480c-b5d5-d2e68c861d74,Sarabande - SHORT CUT -,MAX,EXC,S,19,ShortCut,157,968,Brackets; Bracket Jumps; Runs,Unrecorded,Medium,19.86
9dc6d630-0ee3-4b27-824e-08b4232c6221,Selfishness,SID-Sound,HP,D,19,Arcade,160,1084,10-Stairs; Brackets; Bracket Jumps,Unrecorded,Medium,19.78
e37ea278-2eae-4a05-ab28-434e1a467e76,Will-O-The-Wisp,BanYa,BPM,S,19,Arcade,210,993,Bracket Drills; Jacks; Twists,Unrecorded,Medium,19.76
8a2a0ea9-3577-400c-9f8c-221cfbad6691,Extreme Music School 2nd period feat. Nanahira,Massive New Krew & RoughSketch,NIMGO,D,19,Arcade,210,1093,10-Stairs; Mid-4 Doubles; Yog Walks,Unrecorded,Medium,19.74
74a739a7-b1c1-4116-b56b-fcf1778fd67e,Miss S' story,BanYa,ANDAMIRO,D,19,Arcade,111,707,Bracket Jumps; Doublesteps; Jumps,Unrecorded,Hard,19.67
d22838f6-4d77-4674-840e-99c99da8828c,Euphorianic,SHK,CONRAD,S,19,Arcade,140,968,Doublesteps; Sustained; Twists,Unrecorded,Medium,19.65
448d5f4d-3a44-4e09-9035-c0964f2d7977,Murdoch vs Otada,ESPITZ vs WONDERTRAVELER Project,FEFEMZ,S,19,Arcade,180,988,Anchor Runs; Bursty; Runs Without Twists,Unrecorded,Hard,19.64
b90ff7a5-c11c-4add-897c-8b8e77f97233,Repentance,Abel,WINDFORCE,S,19,Arcade,240,937,Bracket Drills; Bracket Runs; Twists,Unrecorded,Medium,19.63
a6b36993-1cea-43ac-a252-1f2fce41afc9,Vector,Zekk,SPHAM,D,19,Arcade,178,921,10-Stairs; Cross-pad Transitions; Jacks,Unrecorded,Medium,19.56
c4fcf810-f3a5-422d-a626-aa0be575d177,Houseplan,Houseplan,SUNNY,D,19,Arcade,128,909,Bracket Jumps; Co-op Pad Transitions; Jacks,Unrecorded,Medium,19.54
c96cfebd-f286-42ca-99e9-7a67b64d75b3,B.P Classic Remix,BanYa Production,ANDAMIRO,D,19,Remix,164,,Bracket Jumps; Bracket Runs; Runs Without Twists,Unrecorded,,
0fdc7914-7dd0-4b13-a1c4-5f93b333a6d4,BEMERA,Yahpp,BPM,D,19,Remix,210,,Co-op Pad Transitions; Footswitches; Jacks,Unrecorded,,
3a84e2ec-cb03-42f1-aacc-5aaf236a1fae,Chinese restaurant,Memme,EXC,D,19,Arcade,175,,10-Stairs; Twists; Yog Walks,Unrecorded,,
7d422417-9da0-40b1-9b72-59952687e953,Dr.KOA,BanYa Production,BPM,S,19,Remix,156,,5-Stairs; Anchor Runs; Staggered Brackets,Unrecorded,,
2936701e-4367-4961-b507-56c5f0c68ab4,Get Up,BanYa,ANDAMIRO,D,19,Arcade,180,,Co-op Pad Transitions; Cross-pad Transitions; Yog Walks,Unrecorded,,
e8fca146-1a17-488a-8546-4144b1d642d5,Infinity RMX,SynthWulf & MAX,SANDSTORM,D,19,Remix,175,,Cross-pad Transitions; Drills; Runs Without Twists,Unrecorded,,
af3542f7-07cf-4c32-986a-e31f4a6e8db1,Katkoi,M2U,CONRAD,D,19,Arcade,180,1067,Bracket Runs; Bursty; Drills,Unrecorded,Hard,
71eac111-cb99-49d3-aa4e-eec6f01a51cf,Money Fingers,BanYa Production,HIDDEN PARTS,D,19,Remix,170,,10-Stairs; Co-op Pad Transitions; Doublesteps,Unrecorded,,
e2b19f5f-ea90-4b97-a913-06040f3f5c6a,Monkey Fingers 2,BanYa Production,MSGOON,D,19,Arcade,180,,Doublesteps; Splits; Twists,Unrecorded,,
c641c5b2-5906-49c1-9fde-690daf6646c3,Necromancy,Zircon,BPM,D,19,Arcade,173,,Anchor Runs; Bracket Jumps; Runs Without Twists,Unrecorded,,
2fac9b3a-d669-4a87-bd07-b8b1a2e1f2fb,Overblow,MAX,BPM,D,19,Arcade,155,,Bursty; Jacks; Mid-6 Doubles,Unrecorded,,
984a73ee-0ddc-4be2-bc14-e16315e84a28,Viyella's Nightmare,Laur,,S,19,Arcade,,1106,Drills; Footswitches; Jacks,Unrecorded,Medium,19.5
19029c98-53a1-4ee5-b3cf-e9d8eb08b1b2,Festival of Death Moon,SHK,AEVILUX,S,19,Arcade,204,1000,Bracket Twists; Doublesteps; Twists,Unrecorded,Medium,19.5
1bbab0d3-6268-460c-b2ce-cd59a4bfef84,Telling Fortune Flower,Koharu feat. Renyata,NIMGO,S,19,Arcade,200,1169,Anchor Runs; Bursty; Side-3 Singles,Unrecorded,Medium,19.5
ed5ed823-c027-4262-9920-c227cb41b10d,POINT ZERO 2,SynthWulf,FEFEMZ,S,19,Arcade,170,942,Brackets; Bracket Jumps; Bracket Twists,Unrecorded,Hard,19.48
a1afd208-d2cb-49d3-893f-d3532eccce84,Club Night,Matduke,AEVILUX,D,19,Arcade,170,1041,Anchor Runs; Drills; Sustained,Unrecorded,Medium,19.48
7b1d1891-299d-4011-a0a1-45f53a98cbb8,BSPower Explosion,Memme,OSING,S,19,Arcade,180,1038,Brackets; Bracket Jumps; Bracket Twists,Unrecorded,Hard,19.47
96e9f742-b7cf-4fef-bb38-8e0b9e8a9d0c,U Got Me Rocking,MAX,BPM,S,19,Arcade,128,1024,Bracket Runs; Runs; Twists,Unrecorded,Hard,19.47
0ea1a6b4-e6b3-42be-9127-a1e9988e046d,Black Swan,zeron,EXC,S,19,Arcade,175,1155,Anchor Runs; Bracket Runs; Drills,Unrecorded,Medium,19.46
80777963-57f3-4475-b164-46038f37c3a9,Force of Ra,Memme,NIMGO,S,19,Arcade,180,1068,Side-3 Singles; Sustained; Twists,Unrecorded,Medium,19.46
5e385b82-7dfa-4b2b-8591-1f77e2e4ba78,Darkside of The Mind,DJ Myosuke & Laur,refos,S,19,Arcade,220,1111,Bursty; Jacks; Side-3 Singles,Unrecorded,Hard,19.46
b1086670-42db-4376-adff-ebfe0184634f,Cycling!,Yamajet feat. あまね (COOL&CREATE),MINAMI,S,19,Arcade,220,1025,Bracket Jumps; Bracket Twists; Staggered Brackets,Unrecorded,Hard,19.45
0e2732c0-a1a6-4d09-a69f-6b210c9205f2,Energy Synergy Matrix,Tanchiky,DulKi,D,19,Arcade,160,1119,Bracket Jumps; Drills; Mid-4 Doubles,Unrecorded,Medium,19.44
ad09718d-6487-4df8-9fe1-b5233dbce66e,Conflict,Siromaru + Cranky,EXC,S,19,Arcade,160,1111,Anchor Runs; Bracket Jumps; Runs Without Twists,Unrecorded,Hard,19.43
18334638-41eb-46e4-b9b7-bacd7387f621,Galaxy Collapse,Kurokotei,SUNNY,S,19,Arcade,150 ~ 150,937,Jumps; Runs; Runs Without Twists,Unrecorded,Hard,19.43
335b4bef-b62c-4025-918f-0f6690df8e1a,Move That Body! - FULL SONG -,DM Ashura feat. Skizzo & Hanna Stockzell,MIURAARAN,D,19,FullSong,145,1679,Bracket Jumps; Cross-pad Transitions; Yog Walks,Unrecorded,Hard,19.4
a60f8edd-783d-4994-8a99-9c987deda71c,%X (Percent X),Pory,AEVILUX,D,19,Arcade,150,1018,Runs Without Twists; Sustained; Twists,Unrecorded,Easy,19.4
94f6b3a9-b992-4e3c-bdf9-115937066d3a,iRELLiA,HyuN,CONRAD,D,19,Arcade,204,1037,Co-op Pad Transitions; Drills; Mid-6 Doubles,Unrecorded,Medium,19.4
f46b4b13-9b2d-4c65-a910-aa43445f283a,Pupa,Morimori Atsushi,DulKi,S,19,Arcade,202,1000,Bracket Jumps; Bursty; Jumps,Unrecorded,Medium,19.39
4c9fbb18-7a14-4758-910e-fe6c79a7ad25,Sudden Romance [PIU Edit],void,NIMGO,S,19,Arcade,152,1081,Bracket Runs; Runs; Staggered Brackets,Unrecorded,Medium,19.38
5474ff71-a76e-4f84-8fda-d809824f02a0,Orbit Stabilizer,DM Ashura,NIMGO,S,19,Arcade,155,,Anchor Runs; Runs; Runs Without Twists,Unrecorded,Medium,19.38
d3be9a52-2257-442f-8776-18109b49439f,Headless Chicken,r300k,AEVILUX,S,19,Arcade,90.5,1100,5-Stairs; Runs; Twists,Unrecorded,Medium,19.38
303e97eb-ccb4-41b3-bd18-1d89c6b6cf8e,Start On Red,Nato,GORANI,D,19,Arcade,160,924,Bursty; Runs; Runs Without Twists,Unrecorded,Medium,19.38
8acc81eb-6ca6-4cee-8a9e-693c25356297,K.O.A : Alice In Wonderworld,BanYa Production,WINDFORCE,D,19,Arcade,156,934,Bursty; Cross-pad Transitions; Staggered Brackets,Unrecorded,Medium,19.37
85460c19-30a7-40a0-bf50-6925981669c7,Super Fantasy,SHK,EXC,S,19,Arcade,145,1146,Runs; Sustained; Twists,Unrecorded,Hard,19.36
1607a6f0-ad54-466e-ade0-eed78d79b28a,Eternal Universe,Quree,NIMGO,D,19,Arcade,200,1019,Co-op Pad Transitions; Drills; Mid-4 Doubles,Unrecorded,Easy,19.35
7b7407f7-335d-42d4-a72e-a09e29f0736d,CO5M1C R4ILR0AD,kanone,FEFEMZ,D,19,Arcade,155,982,Bursty; Mid-4 Doubles; Mid-6 Doubles,Unrecorded,Hard,19.34
edbf56e8-c8a7-4648-a7b0-4bb418c443e7,Full Moon,Dreamcatcher,NIMGO,D,19,Arcade,190,1140,Doublesteps; Mid-4 Doubles; Mid-6 Doubles,Unrecorded,Medium,19.34
4449047b-f930-42d5-9c17-b2abdb7cf465,Tritium,Memme,OSING,D,19,Arcade,180,1082,Bursty; Drills; Mid-4 Doubles,Unrecorded,Medium,19.33
4907196b-6c84-4c12-878a-d101aad5fa80,Bring Back The Beat,Lunatic Sounds,CONRAD,S,19,Arcade,160,1115,Bracket Drills; Bracket Runs; Staggered Brackets,Unrecorded,VeryHard,19.33
7e8ed42d-235b-4b6c-b5ff-1acaeee17be2,Ghroth,nato,DulKi,S,19,Arcade,212,1000,5-Stairs; Anchor Runs; Drills,Unrecorded,Medium,19.33
7f2e632c-c7f6-481b-a69f-6a31335a77ce,Extravaganza,BanYa,BPM,S,19,Arcade,195,1027,Drills; Footswitches; Side-3 Singles,Unrecorded,Medium,19.31
3724a822-a648-4488-b101-401d77f07d16,Passacaglia,SynthWulf,BPM,S,19,Arcade,175,1056,Anchor Runs; Jacks; Twists,Unrecorded,Medium,19.31
6dc92109-9101-4abf-a496-8775f9a9897c,Mission Possible -Blow Back-,BanYa Production,BPM,S,19,Arcade,128,991,5-Stairs; Runs; Twists,Unrecorded,Hard,19.3
f2cc3d98-3eee-433c-b869-e746df820f43,DIE ANOTHER DAY,TNX,NIMGO,D,19,Arcade,98,1107,Bracket Jumps; Bracket Runs; Bracket Twists,Unrecorded,Medium,19.29
356bda42-8d1a-4e90-8512-61580b50ea29,Solfeggietto,Unknown,WINDFORCE,S,19,Arcade,157,1026,Bursty; Runs; Runs Without Twists,Unrecorded,Hard,19.26
06470584-1909-4d59-870e-4217b122635b,Euphorianic - SHORT CUT -,SHK,,D,19,ShortCut,,718,Runs; Runs Without Twists; Sustained,Unrecorded,Medium,19.26
6b19b17a-a502-43a8-b6f1-33dc0f7e1340,Danger & Danger,Cranky,FEFEMZ,S,19,Arcade,155,832,Brackets; Runs Without Twists; Sustained,Unrecorded,Hard,19.26
0c866eb9-8c27-4972-bf5e-cf4888187bcc,Pull me up (Feat. Monya),Applesoda,SUNNY,S,19,Arcade,160,1150,,Unrecorded,Hard,19.26
c9e8fbbb-2f53-452e-985d-131ad32dc708,Adrenaline Blaster,QWertism & Quree & WyvernP,FEFEMZ,D,19,Arcade,150,847,Bracket Jumps; Jacks; Mid-4 Doubles,Unrecorded,Medium,19.26
e516390e-345f-4794-b064-15a17e082d47,Slapstick Parfait,t+pazolite,SUNNY,S,19,Arcade,160,1145,Bracket Jumps; Footswitches; Jumps,Unrecorded,Hard,19.25
2c1efb63-fbaa-4fd3-95bb-14b3b9cef745,Clematis Rapsodia,Jehezukiel,BME,D,19,Arcade,260,1100,Bracket Jumps; Bracket Twists; Mid-6 Doubles,Unrecorded,Easy,19.25
3613a095-6169-4d16-acc2-aca92f2251b5,MURDOCH,WONDERTRAVELER Project,NIMGO,D,19,Arcade,179,1020,Anchor Runs; Bursty; Runs Without Twists,Unrecorded,Medium,19.25
11bb5281-422f-46ad-bb23-ec3c409f7289,Chobit Flavor,aran & t+pazolite,CONRAD,S,19,Arcade,180,1118,Brackets; Bracket Drills; Bracket Runs,Unrecorded,Medium,19.24
b4295838-6bb9-4630-be09-884222719573,Rage of Fire,MAX,OSING,D,19,Arcade,155,1010,Bracket Runs; Bursty; Runs Without Twists,Unrecorded,Medium,19.23
211c167d-4f60-4f87-9c0d-abc2dd35d4e5,Underworld ft. Skizzo (PIU Edit.),MonstDeath vs Neutral Moon,BME,S,19,Arcade,190,1043,Anchor Runs; Bursty; Jacks,Unrecorded,Medium,19.22
41542546-b790-4e63-83b1-5b4e64f075f7,Donatello,Triplestar,NIMGO,D,19,Arcade,175,785,Bracket Twists; Bursty; Drills,Unrecorded,Medium,19.22
0b3e1644-eb11-4b5e-99d7-15a53b2828c1,Requiem,MAX,CONRAD,S,19,Arcade,160,929,5-Stairs; Anchor Runs; Runs,Unrecorded,Medium,19.2
5313d5ca-1742-405a-bf88-2b9c5166a1d3,Cross Over feat. LyuU,HyuN feat. LyuU,NIMGO,D,19,Arcade,200,1045,Bursty; Mid-4 Doubles; Staggered Brackets,Unrecorded,Medium,19.2
59911216-55d9-4ed3-8234-316fe0cefbbc,Fallen Angel,DM Ashura ft. Ariel,CONRAD,S,19,Arcade,157,1025,5-Stairs; Bracket Twists; Twists,Unrecorded,VeryHard,19.2
898c4a69-9760-442a-8149-cca1ffaea204,Binary star,SYNTHWULF,SPHAM,D,19,Arcade,170,947,Mid-4 Doubles; Mid-6 Doubles; Sustained,Unrecorded,Easy,19.19
f8969e93-d4f9-44c6-b781-cf98bc0ca0bd,Star Command,Zircon,Criss,S,19,Arcade,155,983,Bracket Runs; Runs; Runs Without Twists,Unrecorded,Medium,19.19
36c7be72-7344-4b63-86e3-43c3d939f284,SONIC BOOM,USAO,SUNNY,S,19,Arcade,205,1092,Anchor Runs; Bursty; Doublesteps,Unrecorded,Medium,19.19
a2c09c47-5f75-4e5a-92c2-647c2666527f,Super Fantasy,SHK,EXC,D,19,Arcade,145,1043,Anchor Runs; Runs; Twists,Unrecorded,Medium,19.19
0e12ef86-ab21-480d-80e6-113898061946,FFF,Doin,SANDSTORM,S,19,Arcade,200,1086,Side-3 Singles; Sustained; Twists,Unrecorded,Hard,19.17
f3a4291d-05c2-40a0-8f55-d3cc17a042d3,Jonathan's Dream,MAX & Seorryang (SID-SOUND),OSING,D,19,Arcade,140,1075,Mid-4 Doubles; Runs; Twists,Unrecorded,Hard,19.16
f354de44-fb6a-43bf-843b-b2675dc4d322,Lucid Dream,Unknown,SPHAM,S,19,Arcade,173,999,Drills; Runs; Runs Without Twists,Unrecorded,Medium,19.14
f1634ff0-e6e7-4f47-9d49-5a5a53a043a3,La Cinquantaine,Pory,NIMGO,S,19,Arcade,164,972,Bursty; Side-3 Singles; Twists,Unrecorded,Medium,19.14
b527cf8f-87e8-4710-9788-fb056d526255,†DOOF†SENC†,Kobaryo,CONRAD,D,19,Arcade,200,1004,Bracket Jumps; Jacks; Mid-6 Doubles,Unrecorded,Easy,19.14
3ae190ec-1105-4c74-ab38-ed56a7422504,Life is PIANO,Junk,CONRAD,S,19,Arcade,133,1004,Runs; Sustained; Twists,Unrecorded,Medium,19.14
4d43c663-131e-400d-b467-a7d5f8eeaf2e,Versailles,HyuN & MIIM,CONRAD,S,19,Arcade,160 ~ 160,1045,Anchor Runs; Brackets; Bracket Jumps,Unrecorded,Medium,19.14
e6f0f0a7-2421-4b88-97b2-56ba5ace4cdd,Mahika,The Musical Ghost,CONRAD,S,19,Arcade,188,1103,Bracket Drills; Bursty; Staggered Brackets,Unrecorded,Medium,19.14
0ad6d4a4-3650-4915-9d50-2035789e9fa8,My Dreams,BanYa Production,ANDAMIRO,S,19,Arcade,136,989,Bursty; Footswitches; Jacks,Unrecorded,Medium,19.14
aa03cec2-d9e4-414c-8b77-818781520ca9,Fly High,Dreamcatcher,BME,D,19,Arcade,154,1012,Brackets; Bracket Drills; Bracket Jumps,Unrecorded,Medium,19.13
912944a5-6430-4714-bfe7-0eddbfc1ae56,"Phalanx ""RS2018 edit""",Cranky vs kors k,SPHAM,S,19,Arcade,145,961,Doublesteps; Runs; Sustained,Unrecorded,Medium,19.13
9c385b16-399c-4a54-ba8a-1b11082df67c,Sugar Plum,Mr. Weq,SUNNY,S,19,Arcade,170,1200,Bracket Twists; Doublesteps; Jumps,Unrecorded,Medium,19.13
e988aeb7-f5fa-4e3e-bec5-d109907cff02,Storm,KOYOTE,CONRAD,D,19,Arcade,139,968,Anchor Runs; Runs; Runs Without Twists,Unrecorded,Easy,19.13
e9ebb634-d2d1-4cf4-9201-6b174fde96e2,Passing Rider,mzet:-P,NIMGO,S,19,Arcade,175,,5-Stairs; Jumps; Side-3 Singles,Unrecorded,Hard,19.11
424ad2fa-db86-431a-ab3b-8cde157faebc,ERRORCODE: 0,Doin remixed by SUNNY,SUNNY,S,19,Remix,200.1,1500,Bracket Runs; Bracket Twists; Staggered Brackets,Unrecorded,Medium,19.09
bf8271ac-612a-4eca-94a0-53dad1115da5,HELIX,ESTi,CONRAD,S,19,Arcade,175,1167,Bracket Twists; Doublesteps; Jumps,Unrecorded,Hard,19.09
f4678f44-7cbc-43f7-b204-58a887fc16d5,Another Truth,Novasonic,BPM,D,19,Arcade,136,715,Brackets; Bracket Jumps; Jumps,Unrecorded,Hard,19.08
ea81f118-a6e0-4951-995d-20dea4f8ece2,Travel to Future,Neutral Moon,OSING,S,19,Arcade,160,991,Footswitches; Runs Without Twists; Sustained,Unrecorded,Medium,19.08
db383d80-d42d-42cc-a08b-6a998c44ff55,Dream To Nightmare,Nightmare,MINAMI,S,19,Arcade,178,1142,Bursty; Drills; Jumps,Unrecorded,Medium,19.08
56ecb70a-e5b4-4f62-ac3c-977f376856a3,Enjoy The Show,RiraN ft. Negoto Bunnyla,NIMGO,D,19,Arcade,160,1080,Doublesteps; Jumps; Yog Walks,Unrecorded,Medium,19.08
92810734-ad0d-4cba-98fd-03f45af41978,STAGER,Ras,CONRAD,S,19,Arcade,146,891,Bracket Jumps; Doublesteps; Jumps,Unrecorded,Medium,19.08
d8ca3b35-c90c-42ad-b0ea-c480904b6905,NightTheater,*wakadori,FEFEMZ,D,19,Arcade,151,1058,Bracket Jumps; Bracket Twists; Sustained,Unrecorded,Medium,19.07
af4d80af-62d9-46e8-89eb-be150cfc8eec,Glimmer Gleam,Doin,SPHAM,D,19,Arcade,85,936,Anchor Runs; Co-op Pad Transitions; Cross-pad Transitions,Unrecorded,Easy,19.07
32cd7902-c683-480b-a764-c7330c5f623c,Sudden Romance [PIU Edit],void,NIMGO,D,19,Arcade,152,1096,Bracket Runs; Runs; Runs Without Twists,Unrecorded,Medium,19.06
8afbc5c2-d85b-4642-a8bf-e708ee4cca87,MilK,Morimori Atsushi,FEFEMZ,D,19,Arcade,155,863,Brackets; Bracket Jumps; Doublesteps,Unrecorded,Medium,19.06
a0c2a09a-2a0c-44c5-ab9f-b3e9d8122da1,Imaginarized City,Reku Mochizuki,GGWANG,S,19,Arcade,156,950,Jumps; Side-3 Singles; Sustained,Unrecorded,Medium,19.05
0966bd4e-ff68-4d49-ae64-0296d5f9c1d5,Flavor Step!,EmoCosine,SPHAM,D,19,Arcade,150,899,Cross-pad Transitions; Runs; Runs Without Twists,Unrecorded,Medium,19.05
0d01e1bc-a81d-42b7-b790-3c42b6bb4c68,Full Moon,Dreamcatcher,NIMGO,S,19,Arcade,190,1200,Anchor Runs; Bursty; Runs Without Twists,Unrecorded,Medium,19.04
479651a2-d6fa-427e-9b6d-940119873aa8,Ignis Fatuus(DM Ashura Mix),BanYa & DM Ashura,HP,S,19,Arcade,220,1200,Bracket Drills; Staggered Brackets; Twists,Unrecorded,Medium,19.04
0262ce09-7465-443d-86b2-ab21f8980267,Harmagedon,HyuN vs lixound,SUNNY,S,19,Arcade,194,900,Bracket Twists; Bursty; Doublesteps,Unrecorded,Medium,19.03
3c565d13-4eab-4a7f-876b-9fece840b962,Pine Nut,Doin,HP,S,19,Arcade,200,944,5-Stairs; Anchor Runs; Sustained,Unrecorded,Medium,19.01
95e3a94d-1eec-4c66-a036-c974242410dd,Poppin' Shower,P*Light,FEFEMZ,D,19,Arcade,175,896,Anchor Runs; Bracket Jumps; Bursty,Unrecorded,Medium,19.01
456fea09-2761-4f9b-b375-3e85e05a2bca,Solve My Hurt,Doin,SPHAM,D,19,Arcade,234,945,Cross-pad Transitions; Doublesteps; Sustained,Unrecorded,Easy,19.01
b96b2a81-2069-4cdf-bd57-f213a3d4f959,Rising Star,M2U,CONRAD,D,19,Arcade,140,1000,Anchor Runs; Bracket Jumps; Twists,Unrecorded,Medium,19
b0ddcd69-6e37-44c9-b803-6649b21210ea,EMOMOMO,Ras,SUNNY,S,19,Arcade,145,1042,Bracket Twists; Doublesteps; Staggered Brackets,Unrecorded,Medium,18.99
a4b868c1-7374-4bd8-b4d0-943ab58555a1,FLVSH OUT,Getty,SUNNY,D,19,Arcade,160,1041,Bracket Jumps; Bracket Twists; Doublesteps,Unrecorded,Medium,18.99
f5b32695-776a-40ef-85da-42e326c1b352,Hymn of Golden Glory,Essbee,NIMGO,S,19,Arcade,244,1093,5-Stairs; Side-3 Singles; Twists,Unrecorded,Medium,18.99
6812f63b-efac-479b-a4d9-26177acdcaa0,Little Munchkin,Castellia,OSING,D,19,Arcade,180,1200,Bracket Twists; Bursty; Doublesteps,Unrecorded,Easy,18.96
2ef8d054-0aef-4ed4-9b01-e29794d284d6,Vacuum,Doin,HP,S,19,Arcade,200,1190,Bracket Drills; Bursty; Drills,Unrecorded,Medium,18.94
1f657849-cd49-45bb-856d-a7319ada84a0,Stardream (feat. Romelon),Cashew & Rorychesell (SID-SOUND),BME,D,19,Arcade,160,966,Mid-4 Doubles; Mid-6 Doubles; Twists,Unrecorded,Medium,18.94
8ddf1a88-b6b7-4829-bfda-641ae02375d4,Napalm,Doin,BPM,S,19,Arcade,185,935,Brackets; Bracket Jumps; Jacks,Unrecorded,Medium,18.94
5db94d02-50cf-4f12-a7ed-252be4364665,Start On Red,Nato,CONRAD,S,19,Arcade,160,1186,Drills; Runs; Runs Without Twists,Unrecorded,Hard,18.93
1e50ea28-e0a2-48d1-9344-b3d00661e286,Ercitite,Doin x neur6sia,FEFEMZ,D,19,Arcade,135,940,,Unrecorded,Medium,18.92
346d564f-288f-49ab-b971-fee60a6b2426,Milky Way Galaxy,3R2,WINDFORCE,S,19,Arcade,175,759,Anchor Runs; Side-3 Singles; Staggered Brackets,Unrecorded,Medium,18.92
02eaf801-64f4-42d5-9347-414dae5958c0,Black Dragon,Memme,MINAMI,D,19,Arcade,162,1046,Anchor Runs; Bracket Twists; Mid-4 Doubles,Unrecorded,VeryHard,18.91
4cfb23d6-a3ca-4315-99d9-7ee6230a37e6,Violet Perfume,SHK,BANNIE,D,19,Arcade,145,956,10-Stairs; Co-op Pad Transitions; Cross-pad Transitions,Unrecorded,Medium,18.9
57a72af0-0fa3-4b88-95db-7d90600ba61e,Club Night,Matduke,AEVILUX,S,19,Arcade,170,1174,Bracket Drills; Bracket Runs; Staggered Brackets,Unrecorded,Medium,18.9
d3ae825e-3fe4-4619-8e84-85c3aef9383d,Rush-More,litmus*,SPHAM,D,19,Arcade,160,900,Co-op Pad Transitions; Mid-6 Doubles; Twists,Unrecorded,Medium,18.9
13632db1-f4ab-4efe-ad58-7ce1b13f3ade,The Stranger,ONF (온앤오프),CONRAD,D,19,Arcade,116,966,Bracket Twists; Jumps; Twists,Unrecorded,Easy,18.87
0cbc2224-1ebd-4cb2-a0da-e92a1a42e145,F(R)IEND,D_AAN,OSING,S,19,Arcade,200,950,Brackets; Bracket Runs; Bracket Twists,Unrecorded,Medium,18.87
62943e84-20ae-44c5-bb0e-a3219b28e9bb,Uranium,Memme,WINDFORCE,S,19,Arcade,170,861,Anchor Runs; Jacks; Runs Without Twists,Unrecorded,Medium,18.86
e6af063f-5ca5-4c3e-a316-8597d0cdf033,Aragami,xi,FEFEMZ,S,19,Arcade,48 ~ 48,1013,Bursty; Drills; Jacks,Unrecorded,Hard,18.86
6a05c65a-5f29-4dfd-801c-1022dd419b36,Chase Me - FULL SONG -,Dreamcatcher,NIMGO,S,19,FullSong,200,1503,Brackets; Doublesteps; Jumps,Unrecorded,Medium,18.86
014faa8e-bc09-4aa1-82bf-cad792ddcf68,Cynical,RiraN ft. Negoto Bunnyla,CONRAD,D,19,Arcade,155,1000,,Unrecorded,Medium,18.85
234d8fa4-f006-4b0b-ac03-d7f1b567ec6c,Pop Sequence,Hommarju,AEVILUX,D,19,Arcade,110,1000,Brackets; Bracket Jumps; Jumps,Unrecorded,Easy,18.85
f00ede65-c321-442f-8962-4d6e3ec0fc15,Appassionata,Cashew x D_AAN x Jehezukiel,EXC,S,19,Arcade,160 ~ 160,1100,Footswitches; Jacks; Staggered Brackets,Unrecorded,Medium,18.85
fdf46bbd-40ff-41fc-a972-e311a48971d0,The Quick Brown Fox Jumps Over The Lazy Dog,Doin,NIMGO,S,19,Arcade,200,1106,Runs; Runs Without Twists; Side-3 Singles,Unrecorded,Medium,18.85
33d62ba6-ee2a-4492-824e-556e81009938,Paved Garden,Ginkiha,OSING,S,19,Arcade,187,1142,Brackets; Bracket Runs; Bracket Twists,Unrecorded,Medium,18.84
289f7948-df19-4dc7-b1c0-f9a85a5fbe39,Ultimate Eyes,HyuN,SUNNY,S,19,Arcade,185,1098,Anchor Runs; Bracket Jumps; Jacks,Unrecorded,Medium,18.83
4f822afb-9539-4e8e-b517-e169580a498f,Witch Doctor #1,Yahpp,BPM,S,19,Arcade,122,807,5-Stairs; Jumps; Twists,Unrecorded,Hard,18.82
6bab1c97-5dd8-4554-bbfd-a4a1930416b9,Nyan-turne (feat. KuTiNA),Cashew & Castellia,SUNNY,S,19,Arcade,202.1,1160,Brackets; Doublesteps; Staggered Brackets,Unrecorded,Medium,18.81
e8b18688-43c5-4c2b-b87a-32e5160c497c,Wedding Crashers,SHK,FEFEMZ,D,19,Arcade,165,1000,Brackets; Bracket Jumps; Drills,Unrecorded,Medium,18.81
977ba3c5-e8cb-4c38-96e4-17c453503b92,Festival of Death Moon,SHK,SPHAM,D,19,Arcade,204,999,10-Stairs; Doublesteps; Sustained,Unrecorded,Easy,18.8
d940984a-b097-46cb-9371-c7bbc356e214,Perpetual,Qu-ail,WINDFORCE,S,19,Arcade,180,989,Bursty; Drills; Runs Without Twists,Unrecorded,Medium,18.79
29e01966-7006-4adb-bb01-bca75aeaebef,Jupin - SHORT CUT -,Sobrem,SPHAM,D,19,ShortCut,173,666,Cross-pad Transitions; Runs; Runs Without Twists,Unrecorded,Medium,18.79
ba5231fa-4cd2-49c3-9d27-8f7968f7ba80,Shub Niggurath,Nato,EXC,S,19,Arcade,220,1180,Bracket Drills; Bracket Runs; Bursty,Unrecorded,Medium,18.78
81489fc8-2ce4-4dfb-b3f3-ed6e390863e2,Twist of Fate (feat. Ruriling),Jehezukiel feat. Ruriling,EXC,S,19,Arcade,141,905,Doublesteps; Drills; Sustained,Unrecorded,Hard,18.78
3571e44c-8528-4417-bf58-788e85f41a15,Lohxia,The Musical Ghost,CONRAD,D,19,Arcade,155,893,Bracket Jumps; Bursty; Mid-6 Doubles,Unrecorded,Easy,18.78
58168360-16f0-4657-9113-37c31da40732,Little Munchkin,Castellia,OSING,S,19,Arcade,180,1100,Bracket Twists; Bursty; Doublesteps,Unrecorded,Medium,18.77
9fb4ff5d-da66-4b53-b423-92e1b3b11d04,Final Audition,BanYa,KANG2,S,19,Arcade,130.5,715,Drills; Footswitches; Jacks,Unrecorded,Medium,18.77
68d9dac1-58de-419a-b754-44c1a9f66d76,BRAIN POWER,NOMA,SUNNY,S,19,Arcade,170 ~ 170,1010,Anchor Runs; Doublesteps; Side-3 Singles,Unrecorded,Medium,18.77
961298ef-43d8-45c0-8fdf-9a9a407cfd62,Street show down,BanYa,OSING,D,19,Arcade,124,845,Co-op Pad Transitions; Doublesteps; Drills,Unrecorded,Medium,18.77
83d763c0-e4e7-4296-8ed2-20f321869c2c,Tropicanic,SHK,SUNNY,S,19,Arcade,145,1166,Doublesteps; Sustained; Twists,Unrecorded,Medium,18.74
c5eb2838-8176-488f-b9f8-5f4b9ee8cca8,Mitotsudaira,ETIA.,NIMGO,S,19,Arcade,136,1191,Runs; Side-3 Singles; Twists,Unrecorded,Hard,18.74
5e8ac77f-b37f-4abf-9cbb-aa9f0cc30182,Final Audition 2 - SHORT CUT -,BanYa,WINDFORCE,D,19,ShortCut,130,901,Bracket Runs; Jacks; Twists,Unrecorded,Hard,18.74
5efb57dc-12be-4c0b-8ad2-f498c35a16c5,Can-can ~Orpheus in The Party Mix~,Sr. Lan Belmont,OSING,S,19,Arcade,195,1058,Bracket Drills; Bracket Twists; Sustained,Unrecorded,Medium,18.73
f750fb9b-6202-44e8-9168-5902d73ba045,QUATTUORUX,打打だいず Vs. Tanchiky Vs. からめる,FEFEMZ,S,19,Arcade,220,1238,Bracket Runs; Bracket Twists; Bursty,Unrecorded,Medium,18.73
691eaa5a-e02d-4cc1-9a2c-7685163980b2,What Happened,Throwdown,SANDSTORM,D,19,Arcade,130,936,Anchor Runs; Bracket Drills; Bracket Runs,Unrecorded,Hard,18.73
1e37a30b-6409-47c4-bd14-3513bf64f132,Bad Apple!! feat. Nomico,Masayoshi Minoshima feat. Nomico,NIMGO,S,19,Arcade,138,1200,Side-3 Singles; Sustained; Twists,Unrecorded,Medium,18.71
ae826f9b-64ab-4f33-b040-31150322ac12,Reminiscence,MAX,BME,S,19,Arcade,155,1162,Bursty; Runs; Runs Without Twists,Unrecorded,Hard,18.7
5b5cdfdd-7a93-49cf-8184-ccce8ae90cd7,Crash-Landing Rendezvous,Xyris,FEFEMZ,S,19,Arcade,128 ~ 128,1221,Bracket Jumps; Bursty; Jacks,Unrecorded,Medium,18.7
e7f2c380-5fd8-4876-9478-333e91477255,Nyarlathotep,Nato,EXC,S,19,Arcade,200,1111,Anchor Runs; Bursty; Jacks,Unrecorded,Medium,18.69
1da17b6a-536a-498c-bfe0-ccee849ba7b7,District 1,MAX,WINDFORCE,S,19,Arcade,158,1127,Doublesteps; Runs; Runs Without Twists,Unrecorded,Medium,18.68
2e9eb461-c0ba-4145-810c-62c92299357c,Re:End of a Dream,uma vs. Morimori Atsushi,FEFEMZ,S,19,Arcade,212,1083,Brackets; Bracket Jumps; Jumps,Unrecorded,Easy,18.66
338122c4-bad5-42ab-b024-677ea610af17,Big Daddy,USAO,FEFEMZ,S,19,Arcade,190,1012,Brackets; Doublesteps; Drills,Unrecorded,Easy,18.63
9d2b91a0-4690-4e18-a366-ba145a1e8345,Hercules,Abel,SPHAM,S,19,Arcade,195,1000,5-Stairs; Bursty; Jacks,Unrecorded,Easy,18.62
89acd4b4-db56-4888-91ce-b66b08eccf60,Transacaglia in G-minor,ATAS,SUNNY,S,19,Arcade,158,1177,Anchor Runs; Runs; Runs Without Twists,Unrecorded,Medium,18.59
c44e6b20-d729-4cb5-8536-b97a79949f73,Miss S' story,BanYa,ANDAMIRO,S,19,Arcade,111,800,Doublesteps; Footswitches; Jumps,Unrecorded,Medium,18.59
cc0f49de-cfa8-4eed-a79c-60ef06e2536e,Cutie Song,Memme,BME,S,19,Arcade,174,1033,Doublesteps; Jumps; Sustained,Unrecorded,Medium,18.59
dee33831-3813-4a20-969c-81a4638d8ee3,After a thousand years,Toto,HP,S,19,Arcade,180,1198,5-Stairs; Bursty; Drills,Unrecorded,Easy,18.57
7fcaa26d-ac05-4a8e-a46d-0d6a567dd379,The Last Rebellion,MonstDeath,GGWANG,S,19,Arcade,199,1000,Bursty; Jacks; Jumps,Unrecorded,Medium,18.56
cbfdaf3b-0219-453e-8104-765b8b8ea7a1,Love is a Danger Zone pt. 2 - SHORT CUT -,BanYa,ANDAMIRO,S,19,ShortCut,162,978,Bursty; Jacks; Twists,Unrecorded,Medium,18.56
6ed694a6-6628-4be1-b48c-d28aa78275e3,New Rose,Hommarju,CONRAD,S,19,Arcade,190,1074,Anchor Runs; Brackets; Staggered Brackets,Unrecorded,Easy,18.55
cf646f73-c6b5-4384-a02c-5a7e53c69e06,See,Doin,DulKi,S,19,Arcade,293,890,Doublesteps; Jumps; Twists,Unrecorded,Medium,18.43
2e327194-343f-47b1-96bd-6461ef81dc98,Earendel,Palami feat.neur6sia,SUNNY,S,19,Arcade,180,1050,Bracket Runs; Bursty; Runs Without Twists,Unrecorded,Easy,18.4
1feaa056-d3a4-468f-a597-323bc236a2dd,The Reverie,uma,CONRAD,S,19,Arcade,150,960,Bracket Twists; Jacks; Jumps,Unrecorded,Medium,18.17
97b7a232-a83e-407b-9076-6a89f465f979,Lepton Strike,Nato,OSING,S,19,Arcade,183,1138,Anchor Runs; Bracket Twists; Bursty,Unrecorded,Easy,17.89
6156d03f-c843-4e7b-8d4d-8491cddb5b7f,Cygnus,Nato,SUNNY,S,19,Arcade,188,1148,Bracket Jumps; Bursty; Twists,Unrecorded,Easy,17.75
925879bc-393b-45c2-ad72-5b981e6aa2e2,Bee,BanYa,BPM,S,19,Arcade,160,809,Drills; Runs; Runs Without Twists,Unrecorded,Medium,17.49
4db5c31f-eb96-4c90-9fa5-45862223c295,Athena's Shield,Jehezukiel,SUNNY,S,19,Arcade,176,1076,5-Stairs; Bursty; Jumps,Unrecorded,Easy,17.42
2b82691d-13e1-454e-bcd2-df4690cf92fb,Nakakapagpabagabag,Dasu feat. Kagamine Len,EXC,S,19,Arcade,145,1280,Bracket Jumps; Doublesteps; Sustained,Unrecorded,Medium,17.36
77980178-3ab2-40a4-8dcc-2b53d5c65a47,DESTRUCIMATE,KURORAK,CONRAD,S,19,Arcade,193,1200,Brackets; Bracket Drills; Bracket Runs,Unrecorded,Easy,17.35
64624766-900d-4d80-8bb9-552b256f4929,Cross Ray,HyuN,SUNNY,S,19,Arcade,176,1110,Jumps; Side-3 Singles; Sustained,Unrecorded,Easy,17.32
b756c894-cb63-4815-a4e2-1e0624e7fc0b,Stardream -Eurobeat Remix-,MAX x Cashew x Dave Rodgers,CONRAD,S,19,Arcade,160,1117,Jacks; Jumps; Runs Without Twists,Unrecorded,Easy,17.28
819d4200-d781-45ba-b617-fe89d589f3c5,E.O.N,HiTECH NINJA,CONRAD,S,19,Arcade,165,1128,Bracket Drills; Bracket Runs; Runs Without Twists,Unrecorded,Medium,17.25
bf14919b-4577-4463-be83-368be4ff2ad2,Broken Karma (PIU Edit),Quree,NIMGO,S,19,Arcade,180,1012,Bursty; Runs; Runs Without Twists,Unrecorded,Medium,16.93
523c6e1f-b88f-4847-abca-d1158e3685f7,OVERNIGHT FLOWER,P*Light,CONRAD,S,19,Arcade,210,1150,Bracket Jumps; Bracket Runs; Doublesteps,Unrecorded,Easy,16.9
734d609e-32d3-4fcd-a108-e2544f5e191a,Death Moon - SHORT CUT -,SHK,EXC,S,19,ShortCut,160,986,Anchor Runs; Drills; Runs,Unrecorded,Hard,16.52
6229ae88-e559-4727-9289-2eacfcc4b4cd,Soldiers (TANO*C W TEAM RED ANTHEM),DJ Noriken,SUNNY,D,19,Arcade,170,850,Bracket Jumps; Jacks; Jumps,Unrecorded,Easy,16.5
0f246f80-bc7c-43f0-a3aa-f81d06be6a28,Halloween Party ~Multiverse~ - SHORT CUT -,SHK,JUNARE,S,19,ShortCut,160,999,5-Stairs; Side-3 Singles; Twists,Unrecorded,Easy,16.5
d9ec5b44-6468-4231-b55f-510c7a8f64e2,DESTRUCIMATE,KURORAK,CONRAD,D,19,Arcade,193,941,Co-op Pad Transitions; Drills; Mid-6 Doubles,Unrecorded,Medium,16.49
7715184d-9299-4a17-aec1-96ea2186da02,Get Up (and go),BanYa Production,BPM,D,19,Arcade,164,1058,Cross-pad Transitions; Sustained; Twists,Unrecorded,Easy,16.49
64627bcd-cf1c-4594-821a-871a7e3d94c7,"Simon Says, EURODANCE!! (feat. Sara☆M)",Jehezukiel?KAZEMURA?Hideky,,D,19,Arcade,180,1005,Cross-pad Transitions; Mid-6 Doubles; Sustained,Unrecorded,VeryEasy,16.47
4eee544e-9fd0-44e3-8f5e-90e1efa555b7,U Got 2 Know,MAX,BEEP,S,19,Arcade,127,866,Runs; Sustained; Twists,Unrecorded,Hard,16.46
c0ac6de6-3631-48b7-84e4-5c351ed4de83,Death Moon - SHORT CUT -,SHK,EXC,D,19,ShortCut,160,861,Drills; Runs; Runs Without Twists,Unrecorded,Easy,16.39
1ac9dc3e-5c26-4768-ac10-be6fa5593c34,Allegro Più Mosso,DM Ashura,HP,D,19,Arcade,160,963,10-Stairs; Cross-pad Transitions; Jacks,Unrecorded,Underrated,0
c0291c50-4fde-4ed5-a3ee-fa3a9515b17a,Allegro Più Mosso,DM Ashura,NIMGO,S,19,Arcade,160,976,Brackets; Bracket Runs; Bracket Twists,Unrecorded,VeryHard,0
7d5b3b0e-1f79-4934-968e-bfe5464577ed,Anguished Unmaking,void,NIMGO,D,19,Arcade,170,959,Brackets; Jacks; Twists,Unrecorded,VeryHard,0
134e3763-1f04-4af3-9156-d1a0c504ef84,Bemera - SHORT CUT -,Yahpp,BPM,D,19,ShortCut,210,984,10-Stairs; Cross-pad Transitions; Runs Without Twists,Unrecorded,Underrated,0
d4287808-d6b0-4911-b06e-04c1e1e51e01,Blaze Emotion,Yahpp,ANDAMIRO,D,19,Arcade,170,974,Bracket Jumps; Bursty; Cross-pad Transitions,Unrecorded,Hard,0
4d9aa022-1851-4531-b646-0d2cbc06f3b3,Break Out,Lunatic Sounds,CONRAD,S,19,Arcade,175,1028,Bracket Twists; Jumps; Staggered Brackets,Unrecorded,Hard,0
1fc0ef0f-629a-4070-ace8-f57497aba61b,Bring Back The Beat,Lunatic Sounds,HUGE,D,19,Arcade,160,900,Bracket Jumps; Cross-pad Transitions; Drills,Unrecorded,Hard,0
270b3418-b0e1-44ec-ba25-89b541d2282f,Can-can ~Orpheus in The Party Mix~ - SHORT CUT -,Sr. Lan Belmont,EXC,D,19,ShortCut,195,726,Co-op Pad Transitions; Sustained; Twists,Unrecorded,VeryHard,0
53a16b11-ab88-4c19-9b57-573498698adc,Caprice of Otada,BanYa Production,EHWA & ANDAMIRO,D,19,Arcade,160,715,10-Stairs; Drills; Twists,Unrecorded,Underrated,0
8ad9c985-6743-4511-bebb-e406f9474203,Caprice of Otada,BanYa Production,CANNON,S,19,Arcade,160,996,5-Stairs; Bursty; Twists,Unrecorded,VeryHard,0
8f3a0c66-bcb6-432c-b7ca-406e6dcc4430,D,MAX,BPM,D,19,Arcade,180,,Bracket Jumps; Footswitches; Twists,Unrecorded,Underrated,0
47504784-7df7-4229-83f7-8a36bcb9a929,Dr. M,BanYa,ANDAMIRO,D,19,Arcade,145,666,Co-op Pad Transitions; Footswitches; Twists,Unrecorded,Underrated,0
f60bd807-43f7-46c9-93e0-62a37ff2ba8c,Dual Racing <RED vs BLUE>,Nato & r300k,CONRAD,D,19,Arcade,165,1068,Bracket Drills; Bracket Runs; Bracket Twists,Unrecorded,Easy,0
2835a617-b6ba-43bd-bb20-e4b755914c31,Final Audition,BanYa,KANG2,D,19,Arcade,130.5,700,Cross-pad Transitions; Footswitches; Twists,Unrecorded,Hard,0
58b7a48c-02ab-4aa2-90b2-d1207d30c72b,Final Audition Ep. 2-1,Yahpp,BPM,S,19,Arcade,170,857,Jacks; Side-3 Singles; Twists,Unrecorded,Underrated,0
98984d92-44a0-442b-a2ea-8e2e4fc855d3,Final Audition Ep. 2-2,Yahpp,BPM,D,19,Arcade,200,909,Drills; Jacks; Twists,Unrecorded,VeryHard,0
1a90dbd6-8647-4bfe-b6c5-de1440ea3592,Fire Noodle Challenge,Memme,SPHAM,S,19,Remix,185,1200,5-Stairs; Bracket Twists; Doublesteps,Unrecorded,VeryHard,0
b3a69b32-6961-4bf4-9549-02ff61da6718,Good Night,Dreamcatcher,NIMGO,D,19,Arcade,196,1073,Bursty; Cross-pad Transitions; Twists,Unrecorded,Hard,0
5d099d92-6de2-4941-a60f-1e5a2a4414a1,Guitar Man,BanYa Production,WING & HIDDEN PARTS,D,19,Arcade,120,705,Bracket Runs; Drills; Jumps,Unrecorded,VeryHard,0
17259210-c002-476f-85a2-960cf56a1d2e,HELIX,ESTi,MINAMI,D,19,Arcade,175,1067,Brackets; Bracket Twists; Twists,Unrecorded,Medium,0
e84e0d6d-95ac-46ab-b4ed-80b281711206,Hellfire,Memme,NIMGO,D,19,Arcade,170,1035,Bursty; Jacks; Runs Without Twists,Unrecorded,Hard,0
1b66c4b8-8b01-457b-8e98-817390b7fdf5,Hello,BanYa,KANG2,D,19,Arcade,140,699,Co-op Pad Transitions; Jacks; Twists,Unrecorded,Underrated,0
ce3cc650-1dcf-49f0-b1cc-1da91feb6d49,Hestia,Gentle Stick,EXC,S,19,Arcade,150,1192,Anchor Runs; Staggered Brackets; Twists,Unrecorded,Underrated,0
ecb7c77a-0e13-4e36-9e9d-e520af8d25b7,Hi Bi,BanYa,Rune,S,19,Arcade,145,835,5-Stairs; Runs; Runs Without Twists,Unrecorded,Medium,0
079a8514-f223-44e4-bfc4-33f394db97fd,Hypercube,MAX,NIMGO,D,19,Arcade,145,885,Anchor Runs; Mid-6 Doubles; Twists,Unrecorded,Hard,0
b0d1402f-89bb-44ad-91fd-e5439e0e6ef6,Hypnosis(SynthWulf Mix),BanYa & SynthWulf,BPM,D,19,Arcade,175,961,Brackets; Bracket Runs; Bracket Twists,Unrecorded,Hard,0
f7159813-ad88-4e70-ac79-da9dd4959086,I Want U - SHORT CUT -,MAX,EXC,S,19,ShortCut,156,984,Runs; Side-3 Singles; Twists,Unrecorded,Underrated,0
e2e6bd1d-a63f-4ce8-a753-c20dcf75d0c7,Interference,Doin,BPM,D,19,Arcade,180.4,999,Jacks; Sustained; Twists,Unrecorded,VeryEasy,0
5be6920a-1eef-4770-ae6d-83e8f5e83d66,Just Hold On (To All Fighters),void,NIMGO,D,19,Arcade,170,1010,Co-op Pad Transitions; Runs; Twists,Unrecorded,VeryHard,0
933722cb-40fc-4d5e-be45-e40da2bb09bb,Kill Them!,Archefluxx,NIMGO,D,19,Arcade,170,1057,Bursty; Cross-pad Transitions; Mid-6 Doubles,Unrecorded,Hard,0
b385cd12-c50e-422d-a7d0-41016547a87c,Le Grand Rouge,KIEN,SPHAM,D,19,Arcade,166,917,Doublesteps; Drills; Mid-6 Doubles,Unrecorded,Hard,0
d26454ce-d111-41b2-81af-42addff1dc4e,Lucid(PIU Edit),Yak Won,BPM,S,19,Arcade,40 ~ 40,1142,Anchor Runs; Drills; Side-3 Singles,Unrecorded,Medium,0
45e8e663-ae8b-400f-b44d-cf104a344c78,Meteorize,Paul Bazooka,CONRAD,D,19,Arcade,136,892,Brackets; Bracket Drills; Cross-pad Transitions,Unrecorded,Hard,0
64fe3f34-c4ec-432c-b59d-6bc87cd40d80,Mitotsudaira,ETIA.,NIMGO,D,19,Arcade,136,1000,Mid-4 Doubles; Runs; Twists,Unrecorded,Hard,0
9d9e90c4-6c9f-4952-9f85-c449aa836b20,Nihilism - Another Ver.-,Nato,NIMGO,D,19,Arcade,190,976,Bursty; Mid-6 Doubles; Twists,Unrecorded,Easy,0
c21d82d8-6d8b-4ceb-ae56-3818ee03af9b,Overblow2,MAX,NIMGO,D,19,Arcade,155,1027,Bracket Jumps; Jacks; Twists,Unrecorded,Medium,0
85b77570-89f8-4da5-8eba-857050f1633a,Phantom,BanYa,BPM,S,19,Arcade,140,897,Footswitches; Jumps; Twists,Unrecorded,Hard,0
1b9e6568-e730-40c7-9b68-0d9b142c469f,PRIME2 Opening - SHORT CUT -,MAX,NIMGO,D,19,ShortCut,145,781,Bursty; Runs; Runs Without Twists,Unrecorded,Hard,0
39d97129-1e2c-4d3b-94a8-a8943704eac1,Pump me Amadeus,BanYa,SHIN(BPM?),D,19,Arcade,170,708,10-Stairs; Jacks; Staggered Brackets,Unrecorded,VeryHard,0
0f9d172d-db9c-4b0e-9bf7-37337d7ecda4,Queen of the Red,ETIA.,BANNIE,D,19,Arcade,188,992,Anchor Runs; Bursty; Staggered Brackets,Unrecorded,VeryHard,0
98ba11b6-150f-46b3-b884-2fdbb0959256,Rave'til the earth's end,5argon,OSING,D,19,Arcade,160,1000,Brackets; Doublesteps; Jumps,Unrecorded,VeryHard,0
03d55ae3-ee8e-49bf-8343-f8202c3da992,Robot battle,CYO Style,STACCATO,D,19,Arcade,198,1036,Drills; Staggered Brackets; Twists,Unrecorded,VeryHard,0
2ae56fa7-df9e-4a49-b905-e3fb45145004,Sarabande - SHORT CUT -,MAX,EXC,D,19,ShortCut,157,832,Mid-4 Doubles; Runs; Runs Without Twists,Unrecorded,Medium,0
31e9174d-a0cc-43eb-83b2-f2c65b05dcfe,Silver Beat feat. ChisaUezono,Tatsh feat. ChisaUezono,NIMGO,D,19,Arcade,153,964,Bursty; Drills; Runs,Unrecorded,Underrated,0
74defd65-55d6-44fe-bc96-617ba464517d,Stardust Overdrive,typeMARS,CONRAD,D,19,Arcade,175,1086,Bracket Drills; Bracket Runs; Staggered Brackets,Unrecorded,Medium,0
686ebbe2-b26a-4854-a74e-61268ce96eef,Take Out - SHORT CUT -,SHK,WINDFORCE,D,19,ShortCut,170,881,Runs; Runs Without Twists; Twists,Unrecorded,Medium,0
7cfb36ad-0af2-40ee-ba46-1bc409958de1,THE REVOLUTION,MAX & DOOM,CONRAD,D,19,Arcade,160,,Anchor Runs; Drills; Runs Without Twists,Unrecorded,VeryHard,0
0715fd6f-b9a9-4125-8064-1af99709d7af,Timing,HIGHTEEN,OSING,D,19,Arcade,164,1100,Bracket Runs; Bracket Twists; Doublesteps,Unrecorded,Hard,0
efbfcd43-93f7-4f33-a7c1-ddd8ee8a33d5,Turkey March,BanYa,ZELLLOOO,S,19,Arcade,150,800,5-Stairs; Jumps; Twists,Unrecorded,Medium,0
a3480ffc-40bf-4e28-9b93-cf833e942733,Visual Dream II (In Fiction),Aragon,BANNIE,D,19,Arcade,175,1017,Bursty; Jacks; Jumps,Unrecorded,Hard,0
60f2ec5c-bbf0-4da7-81cc-2062f3168570,Vulcan,Memme,BME,S,19,Remix,175,1182,Anchor Runs; Jacks; Jumps,Unrecorded,Medium,0
8c63de2a-73c7-49cc-9c87-4e18eca8648c,Witch Doctor,BanYa,BPM,D,19,Arcade,195,1086,Anchor Runs; Drills; Twists,Unrecorded,Hard,0
d073db3b-468a-4f63-8356-8d1b73b239a6,Native,SHK,ANDAMIRO,D,18,Arcade,135,710,Footswitches; Jumps; Sustained,Unrecorded,Underrated,23.03
ddfd3ff4-c7ce-4f2e-b3c8-5ea988bde5cb,She Likes Pizza,BanYa,ANDAMIRO,D,18,Arcade,229.5,653,Footswitches; Staggered Brackets; Twists,Unrecorded,VeryHard,22.16
021d5313-b1fa-412f-a689-629f72cadc1f,Moment Day,MAX,OSING,D,18,Arcade,155,1003,Brackets; Bursty; Yog Walks,Unrecorded,Underrated,21.87
1c5bb4fa-6e77-4133-b3d6-2f35e922a107,PRIME,TatshMusicCircle,NIMGO,S,18,Arcade,165,1087,Doublesteps; Jumps; Twists,Unrecorded,Underrated,21.75
4aced163-7a9b-4244-90f3-9599cab86b31,Waltz of Doge,Cashew,CONRAD,D,18,Arcade,250,774,10-Stairs; Runs; Runs Without Twists,Unrecorded,VeryHard,21.67
e293bcb3-f144-48b5-8bb4-7069c4ac7b73,Phantom,BanYa,BPM,S,18,Arcade,140,945,Brackets; Bracket Jumps; Bracket Twists,Unrecorded,Hard,21.61
85196ed0-45fe-4976-9bc1-87a087c7e85e,Idealized Romance,void,CONRAD,D,18,Arcade,140,887,Brackets; Bracket Jumps; Jumps,Unrecorded,VeryHard,21.61
81120f53-951a-440e-9c23-8e54fb8b1e39,MATADOR,Cranky,AYAPPING,S,18,Arcade,168,838,5-Stairs; Anchor Runs; Drills,Unrecorded,VeryHard,21.59
dcab4df7-742d-45fb-9acc-f123398894fa,VVV,Zig Zag,SANDSTORM,S,18,Arcade,310,1186,Bursty; Doublesteps; Drills,Unrecorded,Hard,21.59
5ece7877-da7a-4cb3-b4e2-890d1895d2fc,VANISH,Applesoda,OSING,D,18,Arcade,174,1083,Anchor Runs; Brackets; Bracket Jumps,Unrecorded,Medium,21.58
ff73a31d-a6f3-458c-be7f-1c0db91b9a83,Final Audition Ep. 2-X,Yahpp,BPM,S,18,Arcade,170,1054,Bursty; Runs; Runs Without Twists,Unrecorded,Hard,21.58
315fb09c-c3c1-4317-b145-d269125d6ec1,Overblow,MAX,BPM,D,18,Arcade,155,1062,Bursty; Drills; Yog Walks,Unrecorded,Medium,21.58
a85dd4ed-60c3-4022-94c3-7e9e55736357,Unique,SHK,MINAMI,D,18,Arcade,145,927,Anchor Runs; Runs; Runs Without Twists,Unrecorded,VeryHard,21.57
79edcc7f-31ba-4b60-b497-958f70c8611c,Chimera,Yahpp,BPM,D,18,Arcade,210,879,Anchor Runs; Co-op Pad Transitions; Cross-pad Transitions,Unrecorded,Hard,21.56
334d02d7-c531-4352-84da-3f70401dd366,Beethoven Influenza,BanYa & Warak,EXC,S,18,Remix,170,1183,Anchor Runs; Bursty; Jacks,Unrecorded,Medium,21.55
383e1c51-563d-49a8-99d9-0bd6b30b3068,God Mode feat. skizzo,Nato & Skizzo,MINAMI,S,18,Arcade,152,1035,Bursty; Runs; Runs Without Twists,Unrecorded,Hard,21.53
fa735b86-406c-4e2f-9e83-5609d8c30a28,Necromancy,Zircon,BPM,S,18,Arcade,173,1149,Anchor Runs; Brackets; Bracket Jumps,Unrecorded,Hard,21.53
10d90ee8-54d3-4627-96dc-f55cd59398e6,Redline,Archefluxx,NIMGO,S,18,Arcade,170,947,Anchor Runs; Bursty; Twists,Unrecorded,VeryHard,21.52
2cac6826-56e8-44d7-8e38-70af68f9728e,Final Audition 3,BanYa,ANDAMIRO,D,18,Arcade,130.5,601,Runs; Runs Without Twists; Twists,Unrecorded,Medium,21.51
929d6ce0-cc09-460f-8a5c-946d641cdde4,Red Swan,Yahpp,HP,S,18,Arcade,172,1154,Bracket Jumps; Drills; Staggered Brackets,Unrecorded,Hard,21.5
9e59770f-0c4d-4b51-92bc-6aae6c10d6a0,Freedom Dive,xi,EXC,D,18,Arcade,222.22,1000,Bracket Runs; Jacks; Mid-4 Doubles,Unrecorded,VeryHard,21.43
31ed0844-c21c-4cbd-a4fe-a411cc464540,Radetzky Can Can,BanYa,ANDAMIRO,D,18,Arcade,197,710,Bracket Jumps; Sustained; Twists,Unrecorded,VeryHard,21.41
3a669aba-0a25-46ce-98db-f48dc79465d2,Halloween Party ~Multiverse~,SHK,,S,18,Arcade,160,933,Brackets; Footswitches; Jacks,Unrecorded,Medium,21.36
e5814c45-e119-4ed7-9c15-6d64817b5413,BEMERA,Yahpp,BPM,S,18,Remix,210,1100,Footswitches; Jacks; Side-3 Singles,Unrecorded,VeryHard,21.31
3a060744-7d72-4422-bf6a-5908381f6307,Becouse of You,Srav3R & USAO,FEFEMZ,S,18,Arcade,175,1023,Brackets; Bracket Twists; Runs Without Twists,Unrecorded,Hard,21.3
385b8e5c-b50c-4bfa-8d3f-ce68c57a4e42,Stardust Overdrive,typeMARS,CONRAD,S,18,Arcade,175,1147,Bracket Drills; Bracket Runs; Staggered Brackets,Unrecorded,Hard,21.26
d03c931a-354b-4177-a732-35271e0bc49e,Moonlight,BanYa,HP,S,18,Arcade,180,999,Anchor Runs; Drills; Side-3 Singles,Unrecorded,Hard,21.23
f264d689-cefd-451a-9709-577dfcf0852c,D Gang,BanYa,BME,D,18,Arcade,150,999,Brackets; Bracket Drills; Bracket Runs,Unrecorded,VeryHard,21.16
97d2e87f-5a39-4944-846a-e46ff843bff8,Heart Attack,DJ Counterforce,NIMGO,S,18,Arcade,148,863,Brackets; Runs; Runs Without Twists,Unrecorded,Hard,21.01
40a4a0eb-2a73-4a8a-a395-2fe003ec8f36,Repeatorment Remix,BanYa,HP,S,18,Remix,150,1142,Anchor Runs; Drills; Runs Without Twists,Unrecorded,VeryHard,20.99
9d1597fc-0772-479c-8b4f-b3db4de74630,Papasito (feat.  KuTiNA),Yakikaze & Cashew feat. KuTiNA,FEFEMZ,D,18,Arcade,128,765,Co-op Pad Transitions; Drills; Jumps,Unrecorded,Hard,20.95
312d8e0a-56af-4d6e-9247-2324ac69e2bf,Magical Vacation,SID-Sound,HUGE,D,18,Arcade,154,796,Bursty; Mid-6 Doubles; Twists,Unrecorded,Hard,20.95
80b8c2d7-296d-4b6d-b07c-98449ea3a072,Clue,Transin,NIMGO,S,18,Arcade,140,1076,Doublesteps; Jumps; Sustained,Unrecorded,VeryHard,20.93
2c43e26d-4ab6-4316-bc8d-52921def8706,Over the Horizon,Yamajet,SUNNY,D,18,Arcade,190,819,Mid-4 Doubles; Mid-6 Doubles; Twists,Unrecorded,Hard,20.88
179c9b62-736f-42b3-b8cc-37b6a4b140c6,Allegro Con Fuoco,DM Ashura,HP,D,18,Arcade,156,999,Bracket Jumps; Jumps; Staggered Brackets,Unrecorded,Hard,20.81
235dc9d1-5d19-4b57-9594-6c4f7f74f17d,DUEL,Cashew & D_AAN,FEFEMZ,D,18,Arcade,155,953,Anchor Runs; Bursty; Runs Without Twists,Unrecorded,Hard,20.79
b62454cc-2fb8-46d7-a496-1e6c7e02b8c0,DUEL,Cashew & D_AAN,FEFEMZ,S,18,Arcade,155,1006,Anchor Runs; Runs; Runs Without Twists,Unrecorded,Hard,20.79
8fee30c1-e4e0-4881-a123-cb9643e2812e,NX Opening - SHORT CUT -,Yahpp,ANDAMIRO,D,18,ShortCut,133,940,Bracket Jumps; Runs; Runs Without Twists,Unrecorded,Medium,20.78
3ded5c82-007e-4ef7-9514-10f0be515106,Conflict,Siromaru + Cranky,SPHAM,D,18,Arcade,160,1008,Anchor Runs; Runs; Runs Without Twists,Unrecorded,Hard,20.76
c41bb39c-4be3-4d66-bcf4-8cec263bcf4d,Heart Rabbit Coaster,Nato,FEFEMZ,D,18,Arcade,200,987,Bursty; Co-op Pad Transitions; Jacks,Unrecorded,Hard,20.76
dcb010ef-80bb-4788-986d-55af129b8deb,Jupin,Sobrem,DulKi,D,18,Arcade,173,891,Co-op Pad Transitions; Drills; Jacks,Unrecorded,Medium,20.75
fe54ef49-e3e9-49f2-acdc-2279d8818874,Halcyon,xi,NIMGO,S,18,Arcade,40 ~ 40,1059,Bursty; Doublesteps; Drills,Unrecorded,Medium,20.68
b2b7d3e4-2ad7-4fb2-8828-28d64d51738e,D,MAX,BPM,S,18,Arcade,180,789,5-Stairs; Bracket Jumps; Bracket Twists,Unrecorded,Hard,20.63
331e5cb6-0fbc-42db-90f6-5921ec342589,CHAOS AGAIN,NAOKI underground -Ω-,SPHAM,S,18,Arcade,150 ~ 150,800,5-Stairs; Side-3 Singles; Twists,Unrecorded,Hard,20.61
0e83e0d3-4ad5-4ef7-adfd-d9e5ef7ba5ce,Rock the house - SHORT CUT -,Matduke,EXC,S,18,ShortCut,175,805,Bursty; Drills; Footswitches,Unrecorded,Hard,20.59
4377f1b3-a52f-4a39-8c5e-a8a49497d8d4,Chimera,Yahpp,BPM,S,18,Arcade,210,1000,Bursty; Runs; Runs Without Twists,Unrecorded,Hard,19.05
dca799d7-2d8c-41ac-8603-c0ee0880bb87,Reality,SHK,AHGOO,S,18,Arcade,135,701,Footswitches; Runs; Runs Without Twists,Unrecorded,Hard,19.04
62a549f6-246e-4ee2-be55-1c53152fad5c,Phoenix Opening - SHORT CUT -,MAX,JUNARE,S,18,ShortCut,174,737,Brackets; Bracket Jumps; Bracket Twists,Unrecorded,Medium,19.02
ded5c5fe-28d7-4049-84d1-519364a4d1af,Visual Dream II (In Fiction),Aragon,BANNIE,S,18,Arcade,175,994,Bursty; Jumps; Side-3 Singles,Unrecorded,Hard,19
85c25428-0886-46fe-9c7f-f06c1f46e2df,Tek -Club Copenhagen-,BanYa Production,BPM,S,18,Arcade,132,708,5-Stairs; Side-3 Singles; Twists,Unrecorded,VeryHard,18.99
e1bc0d09-7401-4f79-8d9a-28e98320d0af,Switronic,SHK,CONRAD,D,18,Arcade,120 ~ 120,965,Bracket Drills; Runs; Sustained,Unrecorded,Hard,18.99
2c113945-7fa6-47a2-aef2-99fad3713a3f,Slam,Novasonic,ANDAMIRO,S,18,Arcade,131.99,702,Hands; Jumps; Twists,Unrecorded,VeryHard,18.99
ad6ce064-2d46-4036-9724-8fb0268565e7,Beat The Ghost,BanYa Production,HIDDEN PARTS,S,18,Arcade,124,777,Brackets; Jacks; Staggered Brackets,Unrecorded,VeryHard,18.98
e346e341-79ec-47c3-85d3-6b473ea71050,Forgotten Vampire,WyvernP,SUNNY,S,18,Arcade,137,919,5-Stairs; Side-3 Singles; Twists,Unrecorded,Hard,18.97
cc46ba2d-e721-4a75-95d9-2043ebea959f,Ghroth - SHORT CUT -,Nato,JUNARE,S,18,ShortCut,212,904,Anchor Runs; Bursty; Twists,Unrecorded,Hard,18.96
d5022fd2-6f49-4702-850b-5ba651d744a5,Set Up Me2 Mix,BanYa Production,BPM,S,18,Remix,122,977,5-Stairs; Jumps; Twists,Unrecorded,Hard,18.95
6ac8159f-0d64-4853-a711-5fee762e80cd,Poppin' Shower,P*Light,FEFEMZ,S,18,Arcade,175,894,Anchor Runs; Bracket Jumps; Bursty,Unrecorded,Hard,18.93
89785052-3bdc-4698-86ca-302bd078b98a,Accident,MAX,BPM,S,18,Arcade,183,930,Drills; Jumps; Twists,Unrecorded,Hard,18.91
106ba860-cbd0-4d73-9022-8c9088039337,CROSS SOUL,HyuN feat. Syepias,NIMGO,D,18,Arcade,200,1039,Anchor Runs; Bursty; Twists,Unrecorded,Medium,18.91
7763148c-d178-4572-9e1e-1628214c8e04,Carmen Bus,StaticSphere & FUGU SUISAN,NIMGO,S,18,Arcade,170,1054,Anchor Runs; Drills; Runs Without Twists,Unrecorded,Hard,18.9
435ebf97-425a-485a-9c5a-040634e76823,Murdoch vs Otada - SHORT CUT -,ESPITZ vs WONDERTRAVELER Project,DIESEL,S,18,ShortCut,180,850,Anchor Runs; Bursty; Doublesteps,Unrecorded,Hard,18.9
1071b24a-ffe4-4aa8-a59c-e87abe7a3581,BLAZOR,WONDERTRAVELER Project,GGWANG,D,18,Arcade,161,888,10-Stairs; Cross-pad Transitions; Jumps,Unrecorded,VeryHard,18.89
a37f6c3e-f5b3-4445-b394-49f43841cecf,Hyperion,M2U,OSING,D,18,Arcade,145,886,Cross-pad Transitions; Mid-6 Doubles; Sustained,Unrecorded,Medium,18.88
52c11a5b-e67b-4ea8-9c4c-ddecb68ce7d1,Leather,Doin,WINDFORCE,S,18,Remix,200,1168,Doublesteps; Drills; Sustained,Unrecorded,Medium,18.87
0bea10d3-bfc1-41fd-a1a2-630a7f3f1bf0,Interference,Doin,BPM,S,18,Arcade,180.4,1000,Side-3 Singles; Sustained; Twists,Unrecorded,Medium,18.87
b1dc3365-9d6d-450b-bffb-292df5874f6f,BOOOM!!,RiraN,DulKi,D,18,Arcade,160,850,Brackets; Bracket Jumps; Bracket Runs,Unrecorded,Hard,18.85
b4319564-0351-41d7-b8d4-a5107c7b0020,Imperium,sakuzyo,EXC,S,18,Arcade,174,999,Bracket Runs; Drills; Jacks,Unrecorded,Hard,18.84
cb51b11f-3951-4e4d-9d18-76930d244590,wither garden,uma feat. Kanon Tachibana,CONRAD,D,18,Arcade,168,929,Anchor Runs; Jumps; Mid-6 Doubles,Unrecorded,Hard,18.82
994e4fb8-5d8c-4791-9286-7f7588432fca,Deca Dance,Yooh,FEFEMZ,S,18,Arcade,160,952,Brackets; Bracket Runs; Bracket Twists,Unrecorded,Medium,18.79
54eb8976-7223-4217-8e1b-a548feec6426,Life is PIANO,Junk,CONRAD,D,18,Arcade,133,780,Co-op Pad Transitions; Mid-6 Doubles; Sustained,Unrecorded,Medium,18.78
4976c111-354c-43dd-817b-49c819b8cf86,Pop The Track,J-Mi & Midi-D Ft. Hanna Stockzell,ENVYtic,S,18,Arcade,160,1048,Drills; Runs Without Twists; Side-3 Singles,Unrecorded,Hard,18.73
d8869b91-e2b2-477e-b5a3-fcc91d80fa3d,What Are You Doin?,Doin & MAX,SANDSTORM,S,18,Remix,200,1240,Bracket Jumps; Side-3 Singles; Twists,Unrecorded,Hard,18.72
eb1d22ed-5a09-49b5-88fd-15e8223b5585,Smells Like A Chocolate,Vospi,BPM,D,18,Arcade,175.9,844,Anchor Runs; Bursty; Runs Without Twists,Unrecorded,Hard,18.72
59848412-05c4-4c1b-8e1c-c7bfd64c673f,We Got 2 Know,MAX,BPM,D,18,Arcade,128,863,Mid-4 Doubles; Runs; Twists,Unrecorded,Medium,18.71
daebf606-ae9f-4920-9e44-2dedc8009ed5,Log In,SHK,BPM,S,18,Arcade,140,913,Anchor Runs; Brackets; Drills,Unrecorded,Medium,18.71
16621092-de43-4530-9dc8-874c4a770737,The Festival of Ghost2 (Sneak),Brandy,EXC,S,18,Arcade,136,858,Drills; Jumps; Runs,Unrecorded,Hard,18.69
4a68ad30-d3c1-4a66-a718-2ff627b397dc,Gargoyle,Sanxion7,AHGOO,S,18,Arcade,150,1055,Anchor Runs; Runs; Runs Without Twists,Unrecorded,Hard,18.69
ca9b69fe-43e4-4276-804f-3b9730092eae,Super Akuma Emperor,REDALiCE,DIESEL,S,18,Arcade,240,888,Jacks; Jumps; Twists,Unrecorded,Hard,18.68
22c45ad2-a62f-47cc-8772-e6c0779251d6,Wedding Crashers,SHK,FEFEMZ,S,18,Arcade,165,1001,Bracket Jumps; Drills; Side-3 Singles,Unrecorded,Hard,18.67
f6825cfa-ea02-4c5c-a4d7-ffa0d9a8efff,Kill Them!,Archefluxx,NIMGO,S,18,Arcade,170,1192,Bursty; Doublesteps; Side-3 Singles,Unrecorded,VeryHard,18.67
19a9d8b9-c3ce-47a7-a226-32204ba0bcfe,Fires of Destiny,Jehezukiel,BME,S,18,Arcade,155,893,Drills; Jumps; Runs Without Twists,Unrecorded,Hard,18.65
caf88d44-8d6b-4b16-baa4-de43eeac4210,Slapstick Parfait,t+pazolite,SUNNY,D,18,Arcade,160,825,Bracket Jumps; Co-op Pad Transitions; Jacks,Unrecorded,Hard,18.64
ee88cf6a-d63b-45c0-8f30-122755d5e6db,Nemesis,M2U,EXC,S,18,Arcade,160,956,Bracket Jumps; Bracket Twists; Runs Without Twists,Unrecorded,Hard,18.64
d71308d5-8c58-4288-b3de-b885ddd7988b,Hymn of Golden Glory - SHORT CUT -,Essbee,GGWANG,S,18,ShortCut,244,850,Footswitches; Runs; Twists,Unrecorded,Easy,18.63
fbd42145-b953-4b17-8e33-6daec77903b1,L (PIU Edit),Ice,EXC,S,18,Arcade,155,1100,Doublesteps; Runs; Runs Without Twists,Unrecorded,Hard,18.63
3230b0c5-8d2e-42b5-9c02-8c36ef244df6,Paved Garden,Ginkiha,OSING,D,18,Arcade,187,978,Bracket Runs; Bracket Twists; Mid-4 Doubles,Unrecorded,Medium,18.62
8bc185c4-5ba5-42f9-8dcf-90a15cefc758,Dual Racing <RED vs BLUE>,Nato & r300k,CONRAD,S,18,Arcade,165,1021,Doublesteps; Runs Without Twists; Twists,Unrecorded,Medium,18.61
69ca680e-86db-4629-bc09-62590d098c8a,Stardream (feat. Romelon),Cashew & Rorychesell (SID-SOUND),BME,S,18,Arcade,160,1122,Anchor Runs; Runs; Runs Without Twists,Unrecorded,Medium,18.59
48eab3ba-8db3-4894-a602-fdc054800bff,Adrenaline Blaster,QWertism & Quree & WyvernP,FEFEMZ,S,18,Arcade,150,839,Bracket Jumps; Runs Without Twists; Side-3 Singles,Unrecorded,Hard,18.59
6e6acaf1-c3f6-4a6b-9246-2c797d13147e,Silhouette Effect - SHORT CUT -,Nato,EXC,S,18,ShortCut,167,1055,Bursty; Runs; Runs Without Twists,Unrecorded,Hard,18.58
15653381-c069-4359-87f0-6e731623ed6f,Imagination,SHK,SUNNY,S,18,Arcade,180,721,Hold Footswitches; Sustained; Twists,Unrecorded,Hard,18.58
365264df-8ff3-4410-9c23-d372fd197e44,Pop The Track,J-Mi & Midi-D Ft. Hanna Stockzell,WINDFORCE,D,18,Arcade,160,889,Brackets; Bracket Jumps; Runs Without Twists,Unrecorded,Medium,18.58
60a5e693-c728-4741-b2bd-e1e9af135871,Queen of the Red,ETIA.,BANNIE,S,18,Arcade,188,992,Anchor Runs; Bursty; Staggered Brackets,Unrecorded,Medium,18.57
6da92105-277b-4ec0-8171-cc60dd8fd596,Imaginarized City,Reku Mochizuki,GGWANG,D,18,Arcade,156,850,Doublesteps; Jumps; Mid-6 Doubles,Unrecorded,Medium,18.57
f6a8420b-67ba-4293-9af8-9b6e8cfcd489,Escape,D_AAN,BME,S,18,Arcade,220,1082,5-Stairs; Brackets; Bracket Jumps,Unrecorded,Medium,18.57
d089e9c0-522f-46ee-b31c-ae6431676c72,Dead End,Cosmograph,DulKi,S,18,Arcade,212,1000,Doublesteps; Jacks; Jumps,Unrecorded,Medium,18.56
06e41c63-aaa2-4ff8-833e-ac3007b4cffa,Goodtek,EBIMAYO,FEFEMZ,S,18,Arcade,190,995,Anchor Runs; Bracket Jumps; Bursty,Unrecorded,Medium,18.56
075ada44-755e-4385-adb4-7e8e521a1190,Fly High,Dreamcatcher,BME,S,18,Arcade,154,951,Brackets; Bracket Drills; Bracket Jumps,Unrecorded,Medium,18.54
f552d241-3011-49e9-ae40-e5d2f7b11091,Travel to Future,Neutral Moon,CONRAD,D,18,Arcade,160,998,Drills; Runs; Runs Without Twists,Unrecorded,Hard,18.54
9e4e871f-5ded-4dc2-b8ca-74b021c8dd7b,Hellfire,Memme,NIMGO,S,18,Arcade,170,1192,Bursty; Jacks; Runs Without Twists,Unrecorded,VeryHard,18.54
89f7eeb1-3347-41d5-8c3e-0a764ff43c10,U Got 2 Know,MAX,BPM,D,18,Arcade,127,888,Runs; Runs Without Twists; Twists,Unrecorded,Medium,18.53
7e36b15d-a9d5-4dec-839a-468cfd66241c,Can-can ~Orpheus in The Party Mix~,Sr. Lan Belmont,OSING,D,18,Arcade,195,950,Bracket Drills; Bracket Runs; Bracket Twists,Unrecorded,Medium,18.53
ef573db9-379d-4b9e-9dbe-3b4bedbb36d8,Fires of Destiny,Jehezukiel,BME,D,18,Arcade,155,890,Anchor Runs; Co-op Pad Transitions; Jumps,Unrecorded,VeryHard,18.52
65e675fc-727a-4b3d-b1ec-9c0a1a20612b,INFiNiTE ENERZY -Overdoze-,Reku Mochizuki,refos,S,18,Arcade,180,1000,Anchor Runs; Jacks; Jumps,Unrecorded,Hard,18.52
c571e276-5ebe-4cb6-8bf2-5488fbd04e3e,INVASION,D_AAN,SPHAM,D,18,Arcade,220,963,Bracket Jumps; Doublesteps; Hold Footslides,Unrecorded,Medium,18.52
7af37cfc-d982-44f1-8ec0-57bd59cf48c3,Extreme Music School 1st period feat. Nanahira,Massive New Krew & RoughSketch,NIMGO,S,18,Arcade,210,1010,5-Stairs; Jumps; Side-3 Singles,Unrecorded,Medium,18.52
a94d3656-567e-43a9-a0a6-be5f9277593f,Kokugen Kairou Labyrinth,A:llhα & ANE & 2riA,CONRAD,D,18,Arcade,215,900,Bracket Drills; Bracket Runs; Mid-4 Doubles,Unrecorded,Medium,18.51
cdf93070-89f1-4c3b-9a67-72860c7c2eb9,Bad Apple!! feat. Nomico,Masayoshi Minoshima feat. Nomico,NIMGO,D,18,Arcade,138,1084,Mid-4 Doubles; Mid-6 Doubles; Twists,Unrecorded,Medium,18.51
c2d8362d-47f4-4f2d-80a6-c24c278bc57f,Glimmer Gleam,Doin,SPHAM,S,18,Arcade,85,936,5-Stairs; Anchor Runs; Twists,Unrecorded,Medium,18.51
cdebe92f-5ddf-489a-85d6-2c2b2c99d5c4,Gothique Resonance,P4Koo,EXC,S,18,Arcade,174,868,Jacks; Runs Without Twists; Sustained,Unrecorded,Hard,18.51
c2992f97-555e-4b5c-88e7-0e2d0cad2517,Allegro Con Fuoco - FULL SONG -,DM Ashura,SUNNY,S,18,FullSong,156,2300,Bracket Twists; Doublesteps; Jumps,Unrecorded,Medium,18.51
e276585c-b391-4063-abd9-6bcd3be9bd9e,Cross Over feat. LyuU,HyuN feat. LyuU,NIMGO,S,18,Arcade,200,1026,Bracket Twists; Bursty; Doublesteps,Unrecorded,Hard,18.5
724be563-9b2b-46d5-b245-450224e9f549,Blaze emotion (Band version),Yahpp,NIMGO,D,18,Arcade,170,,Brackets; Bracket Drills; Bracket Jumps,Unrecorded,,
15a8ad6e-b919-460e-831d-1a523367ab00,Ignis Fatuus(DM Ashura Mix),BanYa & DM Ashura,HP,D,18,Arcade,220,,Co-op Pad Transitions; Splits; Staggered Brackets,Unrecorded,,
d8cc2261-0d63-4110-9fc3-4dd93396c010,Red Snow,Cashew,FEFEMZ,D,18,Arcade,170,,Brackets; Bracket Twists; Bursty,Unrecorded,,
1a734bc9-013d-43e6-b9de-e0cc4b4ee7dc,Requiem,MAX,EXC,D,18,Arcade,160,,10-Stairs; Staggered Brackets; Yog Walks,Unrecorded,,
96ea04c8-0ffe-4b44-a16c-16c8a0879e81,Toccata,BanYa Production,BPM,D,18,Arcade,104,,10-Stairs; Cross-pad Transitions; Twists,Unrecorded,,
cdc11074-3607-48ed-9c5d-8a28d000a233,E.O.N,HiTECH NINJA,CONRAD,D,18,Arcade,165,1071,Bursty; Mid-4 Doubles; Mid-6 Doubles,Unrecorded,Medium,18.5
121e4d04-8185-4fa2-ab57-d8d53f9407d0,Desaparecer,Applesoda vs MAX,SPHAM,S,18,Remix,174,1132,Drills; Jumps; Runs Without Twists,Unrecorded,Medium,18.49
322e5747-1fcd-4e86-a4c4-fc434908e276,Altale,sakuzyo,FEFEMZ,S,18,Arcade,90,1086,Brackets; Bracket Twists; Doublesteps,Unrecorded,Medium,18.48
066903cb-77c1-4a30-bb0f-8c2fc99dec33,Baroque Virus,Zircon,BPM,D,18,Arcade,135,915,10-Stairs; Anchor Runs; Cross-pad Transitions,Unrecorded,Hard,18.46
2afcbf2c-aec9-43a9-85a2-ee54d47b0698,PRiMA MATERiA - SHORT CUT -,xi,refos,S,18,Arcade,187,888,,Unrecorded,Medium,18.46
9a391650-c4fb-4d4f-a5f2-fd0e5b41fa95,Wedding Crashers - SHORT CUT -,SHK,EXC,S,18,ShortCut,165,800,Drills; Side-3 Singles; Twists,Unrecorded,Hard,18.42
3ad95a8a-529a-4eee-947c-888be2a887fb,Macaron Day,HyuN,SPHAM,D,18,Arcade,173,997,Brackets; Bracket Jumps; Bursty,Unrecorded,VeryHard,18.42
7f0819aa-07ab-4089-8362-cfe0caa924f7,Rush-More,litmus*,SPHAM,S,18,Arcade,160,900,5-Stairs; Sustained; Twists,Unrecorded,Medium,18.41
22a0d6c3-34ee-47b1-a632-fa6f7947995b,Lacrimosa,Fiverwater,SUNNY,D,18,Arcade,210,830,Bracket Jumps; Bracket Twists; Jacks,Unrecorded,Hard,18.39
61eae593-aeb7-4555-9460-5a4ee3e51a78,Bad Apple!! feat. Nomico - FULL SONG -,Masayoshi Minoshima feat. Nomico,NIMGO,D,18,FullSong,138,1490,Brackets; Bracket Jumps; Bracket Twists,Unrecorded,VeryHard,18.38
b3b188ff-3ac2-490e-8609-d3162e25808f,D Gang,BanYa,ANDAMIRO,S,18,Arcade,150,735,Doublesteps; Jumps; Twists,Unrecorded,Medium,18.37
de7e4edd-5468-4988-a781-efef938fa3d0,Jogging,LUCY,NIMGO,S,18,Arcade,138,910,Bracket Twists; Doublesteps; Twists,Unrecorded,Medium,18.36
f44e14b2-c02c-422f-8cde-a86a230e6234,My Way,BanYa,CONRAD,D,18,Arcade,118,654,Bracket Jumps; Runs; Twists,Unrecorded,Hard,18.35
989bdc8c-0d12-4378-8d3f-658a8443570d,Destr0yer,Unknown,EXC,S,18,Arcade,90,999,Brackets; Bracket Jumps; Bracket Runs,Unrecorded,Medium,18.34
bff39572-57f0-48ae-9b79-601ba82d1bb6,Mahika,The Musical Ghost,CONRAD,D,18,Arcade,188,930,Bursty; Drills; Mid-6 Doubles,Unrecorded,Medium,18.33
3db22ee6-a538-4685-a71e-59e7e51c8fac,B2,MAX,HP,S,18,Arcade,158,1188,Bursty; Runs Without Twists; Twists,Unrecorded,Medium,18.28
0f6b004b-9fa4-462a-b96c-934629cdf291,Beethoven Virus,BanYa,BPM,D,18,Arcade,162,930,Bursty; Cross-pad Transitions; Twists,Unrecorded,Medium,18.28
43ac92fc-de78-4858-b2e8-7b920ce2eea4,Jogging,LUCY,NIMGO,D,18,Arcade,138,908,Doublesteps; Mid-4 Doubles; Twists,Unrecorded,Medium,18.28
8e2240dc-c832-4890-a016-5037112963f0,Le Grand Bleu,KIEN,BANNIE,D,18,Arcade,165,914,Cross-pad Transitions; Drills; Runs Without Twists,Unrecorded,Hard,18.27
23f2b84c-590f-4e56-9f93-5a3b51e79e59,1948,SLAM,EXC,S,18,Arcade,240,1000,5-Stairs; Jacks; Sustained,Unrecorded,Medium,18.27
a3b6e48c-2b58-4b7a-ae16-f10e0ad811d2,Chinese restaurant,Memme,EXC,S,18,Arcade,175,950,5-Stairs; Bursty; Sustained,Unrecorded,Medium,18.25
54a2e800-588b-4609-b0a3-83c0ea7bd1f9,Utopia,Smiley,HP,D,18,Arcade,166,792,Anchor Runs; Drills; Mid-4 Doubles,Unrecorded,Hard,18.25
acd26d5b-0ca3-417c-80a7-8e959a66f759,Move That Body! - FULL SONG -,DM Ashura feat. Skizzo & Hanna Stockzell,CRISSQLIAO,S,18,FullSong,145,2415,Doublesteps; Footswitches; Jacks,Unrecorded,Hard,18.25
4ff6c53b-4571-4424-9407-eef78bc393c9,We Love Your Step,EmoCosine,refos,S,18,Arcade,205,888,,Unrecorded,Medium,18.22
f53ee48c-1be2-492e-8a5f-4b8563df5ce0,Baroque Virus - FULL SONG -,Zircon,NIMGO,S,18,FullSong,135,2100,Doublesteps; Jacks; Sustained,Unrecorded,Medium,18.2
1fe82348-bb2c-4302-a337-b47cda6337d6,Your Mind,Roy Mikelate,WINDFORCE,D,18,Arcade,180,1000,Brackets; Bracket Drills; Bracket Runs,Unrecorded,Medium,18.2
a67443ee-4be8-4b5b-a3d9-1f99ae79af7d,About The Universe,SOTUI & MIssionary,OSING,S,18,Arcade,180,1074,Bracket Drills; Bracket Runs; Doublesteps,Unrecorded,Medium,18.19
71cf8ce4-69e6-4080-8e32-12be32be675e,Goodbounce,EBIMAYO,SUNNY,D,18,Arcade,180,1027,Jacks; Mid-4 Doubles; Mid-6 Doubles,Unrecorded,Medium,18.19
46899c5c-186a-4e1a-8538-cd55e6db77bc,MURDOCH,WONDERTRAVELER Project,NIMGO,S,18,Arcade,179,1018,Anchor Runs; Bursty; Runs Without Twists,Unrecorded,Medium,18.18
edf2b01d-8a82-434d-85c7-19c113f6de44,Timing,HIGHTEEN,OSING,S,18,Arcade,164,996,Bracket Jumps; Bracket Twists; Doublesteps,Unrecorded,Medium,18.16
3ec2636b-6bc1-4b97-a34a-07e91b4569f5,Deca Dance,Yooh,FEFEMZ,D,18,Arcade,160,996,Bursty; Mid-4 Doubles; Mid-6 Doubles,Unrecorded,Medium,18.15
46141389-caaf-4b7a-949a-6c5b6b43ab70,You Got Me Crazy,MAX,EXC,D,18,Arcade,128,943,Brackets; Jumps; Twists,Unrecorded,Medium,18.14
2271dcdc-028e-4bbf-ae7b-69fdc940ee23,iRELLiA,HyuN,CONRAD,S,18,Arcade,204,1034,Brackets; Bursty; Drills,Unrecorded,Medium,18.13
2185f796-a200-462a-8ab0-969ca4a3e362,Yog-Sothoth,Nato,EXC,D,18,Arcade,200,1051,10-Stairs; Anchor Runs; Yog Walks,Unrecorded,Hard,18.12
223a0a38-7983-48d6-a272-009db720d91b,ALiVE,REDALiCE,SPHAM,S,18,Arcade,170,1100,Brackets; Doublesteps; Sustained,Unrecorded,Medium,18.12
da54e8a3-2982-442e-8542-dd8a151979c0,Katkoi,M2U,CONRAD,S,18,Arcade,180,1114,Brackets; Bracket Runs; Bursty,Unrecorded,Medium,18.11
77f6590c-df45-4c5d-ae90-58a1fef2a687,See,Doin,DulKi,D,18,Arcade,293,800,Drills; Mid-4 Doubles; Mid-6 Doubles,Unrecorded,Medium,18.1
40a7243f-da7f-465c-8932-6a2be6a08351,U Got Me Rocking,MAX,BPM,D,18,Arcade,128,917,Brackets; Bracket Twists; Jacks,Unrecorded,Medium,18.1
ed48a8bd-8df6-4d85-8c92-cef7934a9ba8,Clue,Transin,NIMGO,D,18,Arcade,140,856,Mid-4 Doubles; Mid-6 Doubles; Twists,Unrecorded,Medium,18.1
b7aa0249-7fb8-466b-8f45-62846f0697ae,SWEET WONDERLAND,MAX feat. ankimo,CONRAD,D,18,Arcade,170,1087,Bursty; Co-op Pad Transitions; Mid-6 Doubles,Unrecorded,Hard,18.09
d2c2dbe4-f319-43e0-a830-0f5e6b06a471,Tropicanic,SHK,SUNNY,D,18,Arcade,145,918,Jacks; Runs Without Twists; Twists,Unrecorded,Medium,18.09
d2509f77-a9c2-4d3f-a949-b583f96ed03c,Sugar Conspiracy Theory,MAX,NIMGO,S,18,Arcade,170,1089,Bracket Twists; Jumps; Twists,Unrecorded,Hard,18.08
8f77df56-96d1-4a89-9f76-d56f5b64569a,Underworld ft. Skizzo (PIU Edit.),MonstDeath vs Neutral Moon,CONRAD,D,18,Arcade,190,838,Bursty; Jumps; Mid-4 Doubles,Unrecorded,Medium,18.08
dc36694e-5f56-4ca3-81a2-9b3b18398b8d,Alice in Misanthrope,LeaF,CONRAD,D,18,Arcade,154 ~ 154,942,Drills; Jumps; Mid-6 Doubles,Unrecorded,Medium,18.08
fb62a3c2-3e57-40de-bb5b-3b6f926ff5d8,Orbit Stabilizer,DM Ashura,NIMGO,D,18,Arcade,155,,Bursty; Runs; Runs Without Twists,Unrecorded,Medium,18.06
6400c6f2-9567-40d1-9d6d-382762487316,Shub Niggurath,Nato,EXC,D,18,Arcade,220,1071,Bursty; Mid-4 Doubles; Staggered Brackets,Unrecorded,Hard,18.05
126f66a2-cf59-4401-bab9-fd70bea4a09d,The Apocalypse,HyuN feat. Elika,CONRAD,D,18,Arcade,171,1050,Bursty; Drills; Staggered Brackets,Unrecorded,Medium,18.05
b31df2ae-ac68-4150-a5a7-4f5e37396e89,Danger & Danger,Cranky,FEFEMZ,D,18,Arcade,155,795,Jacks; Mid-4 Doubles; Mid-6 Doubles,Unrecorded,Medium,18.04
628385e8-fa33-4b80-bb4a-00d371822459,Jump,BanYa,FEFEMZ,D,18,Arcade,96,650,Co-op Pad Transitions; Jumps; Twists,Unrecorded,Easy,18.02
f1899ed5-8709-45cd-be4f-f9d7d44b0136,Dement ~After Legend~,Lunatic Sounds,CONRAD,S,18,Arcade,210,1191,Brackets; Bracket Jumps; Bursty,Unrecorded,Medium,18.01
ad5ff5e6-4789-40b7-84dd-c49253d7565e,GLORIA,Croire,CONRAD,D,18,Arcade,245,976,Co-op Pad Transitions; Runs; Runs Without Twists,Unrecorded,Medium,17.99
6882bb4e-1e26-4d74-abb5-84e19bf4dd2b,God Mode 2.0 feat. Skizzo,Nato feat. Skizzo,NIMGO,D,18,Arcade,155,849,Anchor Runs; Doublesteps; Twists,Unrecorded,Easy,17.98
d4a27855-1476-4932-bf26-a68997682d06,Stardream -Eurobeat Remix-,MAX x Cashew x Dave Rodgers,CONRAD,D,18,Arcade,160,996,Bursty; Jacks; Mid-6 Doubles,Unrecorded,Hard,17.97
0e99b22a-8c53-474f-8351-3d80e2523c78,About The Universe,SOTUI & MIssionary,CONRAD,D,18,Arcade,180,929,Anchor Runs; Drills; Runs Without Twists,Unrecorded,Medium,17.95
47ea73a8-9fdd-46d3-b39d-29280461a0cb,* this game does not exist *,litmus* x Ester,DulKi,D,18,Arcade,40 ~ 40,777,10-Stairs; Cross-pad Transitions; Jumps,Unrecorded,Medium,17.94
fbaf64d2-559f-4ec1-9ab0-8a8cbe9b0e5d,Crimson Hood,Springhead,NIMGO,S,18,Arcade,190,1026,Bursty; Doublesteps; Side-3 Singles,Unrecorded,Medium,17.94
bddf2e11-bf00-4808-ba79-9011cc4a1d05,Last Rebirth,SHK,CONRAD,D,18,Arcade,120,866,Doublesteps; Jacks; Jumps,Unrecorded,Medium,17.93
33e44fc2-3ac9-4e9f-ae01-eb2e5b5cf1ad,Yog-Sothoth - SHORT CUT -,Nato,CONRAD,S,18,ShortCut,200,1019,Anchor Runs; Drills; Runs Without Twists,Unrecorded,Medium,17.93
c069487e-8507-4046-a75f-aa57b829e255,Rise Up (feat. Miori Celesta),memme,CONRAD,S,18,Arcade,190,990,,Unrecorded,Medium,17.92
f7dd1864-e95f-4022-a09b-38a960f108a8,Human Extinction (PIU Edit.),MonstDeath,OSING,S,18,Arcade,199,910,Bursty; Doublesteps; Drills,Unrecorded,Medium,17.92
974ad435-a952-496e-915f-ca22ea3136ff,Super Akuma Emperor,REDALiCE,DIESEL,D,18,Arcade,240,888,Cross-pad Transitions; Jacks; Jumps,Unrecorded,Medium,17.92
06adb86f-2e26-4c4e-9539-839585b82bf8,Showdown,litmus*,CONRAD,D,18,Arcade,130,804,Doublesteps; Jumps; Twists,Unrecorded,Easy,17.9
978638e0-316a-4a69-85f0-241249cc5f9f,Hardkore of the North,Diclonius Kid,SUNNY,S,18,Arcade,190,926,Bracket Jumps; Jacks; Side-3 Singles,Unrecorded,Medium,17.9
7fc05a97-54e1-4f6f-acf1-bec8cc5e5acd,Punishment Restaurant,memme,JUNARE,D,18,Arcade,175,1026,Jacks; Mid-4 Doubles; Mid-6 Doubles,Unrecorded,Medium,17.88
6bf99669-8346-4181-b95d-3363533c42b0,Up & Up (Produced by AWAL),Skizzo ProducedBy AWAL,WINDFORCE,D,18,Arcade,150,1000,Bracket Twists; Footswitches; Mid-6 Doubles,Unrecorded,Medium,17.87
50388030-2da1-4f0b-9b9f-02ec976b7e7b,Cross Time,Brandy,CONRAD,S,18,Arcade,160,1103,Brackets; Doublesteps; Jacks,Unrecorded,Hard,17.87
3409c9c8-190f-4ae0-a3bd-44bff08b2634,Chase Me,Dreamcatcher,NIMGO,D,18,Arcade,200,1015,Drills; Jumps; Twists,Unrecorded,Medium,17.87
f3060cf4-3b32-45ff-97df-c2ffa3526da3,Re:End of a Dream,uma vs. Morimori Atsushi,FEFEMZ,D,18,Arcade,212,940,Bracket Jumps; Footswitches; Staggered Brackets,Unrecorded,Easy,17.86
34fbf2bf-6e91-4a4c-9124-c5d0bdecd2ae,Vanish 2 - Roar of the invisible dragon,Applesoda,SPHAM,D,18,Arcade,190,830,Bracket Twists; Bursty; Drills,Unrecorded,Medium,17.85
68544705-b307-44d0-bec0-addedf1c852a,Heliosphere,BlackY,NIMGO,S,18,Arcade,182,1261,Bursty; Jumps; Side-3 Singles,Unrecorded,Medium,17.84
4c4bfbe4-247d-4977-b49b-73ac5ebcbcab,SONIC BOOM,USAO,SUNNY,D,18,Arcade,205,783,Doublesteps; Jacks; Jumps,Unrecorded,Medium,17.84
dfa2b325-cdf1-4448-9f69-ba387605f5cc,Nostalgia,Woody,CONRAD,D,18,Arcade,100,883,Cross-pad Transitions; Doublesteps; Twists,Unrecorded,Medium,17.84
cc58f6e3-84f7-4636-9c8e-a96aa16f2bb2,Etude OP 10-4,MAX,SUNNY,D,18,Arcade,176,1047,Bursty; Doublesteps; Mid-4 Doubles,Unrecorded,Medium,17.84
395ee5bd-46b3-4b92-8472-84fe3f711438,Rock the house,Matduke,AYAPPING,D,18,Arcade,175,979,Footswitches; Mid-4 Doubles; Yog Walks,Unrecorded,Medium,17.83
08ec17f5-d964-4673-b74d-55416a7f0d5f,Darkside of The Mind,DJ Myosuke & Laur,refos,D,18,Arcade,220,1111,Bursty; Jacks; Mid-4 Doubles,Unrecorded,Medium,17.83
a3269e52-ce6b-4cff-89aa-2510494f55a1,Good Night - FULL SONG -,Dreamcatcher,EXC,S,18,FullSong,196,1171,Bursty; Drills; Twists,Unrecorded,Easy,17.82
228dc85a-594f-42ca-a0d8-f96bdb22357a,T.B.H,QWER,NIMGO,D,18,Arcade,178,1073,Co-op Pad Transitions; Jumps; Mid-4 Doubles,Unrecorded,Medium,17.8
dfe9815b-d4a1-4b3b-adb5-3682a79a1ee5,Highway Chaser,Cosmograph,SUNNY,D,18,Arcade,155,706,Anchor Runs; Mid-4 Doubles; Mid-6 Doubles,Unrecorded,VeryHard,17.8
b5b07da7-64de-4a19-940d-70a996a74366,Tales of Pumpnia,Applesoda,CONRAD,D,18,Arcade,200,1052,Doublesteps; Mid-4 Doubles; Sustained,Unrecorded,Medium,17.8
44c44271-eed8-4849-bc89-43a6a9237e6f,Euphorianic,SHK,,D,18,Arcade,140,897,Anchor Runs; Runs Without Twists; Sustained,Unrecorded,Easy,17.78
25cd10af-3147-463d-b8c1-2dc76c11a174,Antique Serenade,Abel,GGWANG,S,18,Arcade,214,900,,Unrecorded,Medium,17.77
d9b9ec9b-d221-454e-b698-29359202594f,Doppelganger,MonstDeath,CONRAD,D,18,Arcade,210,864,Bracket Drills; Bracket Runs; Mid-4 Doubles,Unrecorded,Medium,17.77
cc5fd5c5-3350-4c72-868f-6aaf7a91a5df,Kugutsu,onoken,CONRAD,S,18,Arcade,220,993,Anchor Runs; Drills; Runs Without Twists,Unrecorded,Medium,17.77
714c4985-1bf3-4e2d-8394-84755198377f,Bluish Rose,WyvernP,SUNNY,D,18,Arcade,130,706,Anchor Runs; Runs; Runs Without Twists,Unrecorded,Medium,17.76
40d372cc-f596-47e1-b3ce-8070c74bc809,You Got Me Crazy,MAX,EXC,S,18,Arcade,128,1026,Brackets; Bracket Jumps; Twists,Unrecorded,Hard,17.76
915a1759-ce19-4540-9829-4dea8fd673ed,Love is a Danger Zone pt. 2,BanYa,BPM,D,18,Arcade,162,978,10-Stairs; Mid-4 Doubles; Twists,Unrecorded,Hard,17.76
83097c17-4dea-44f8-8e71-7785bafb8a8e,Catastrophe,rareguy & MonstDeath,CONRAD,S,18,Arcade,202,850,Jacks; Runs Without Twists; Twists,Unrecorded,Medium,17.75
9d1f603e-4434-49f8-91e5-3bd98ab94e1b,Odin,Gram,SPHAM,D,18,Arcade,200,999,Brackets; Bracket Twists; Jacks,Unrecorded,Medium,17.75
1d219250-1eea-4154-ac0d-8dc00b3a9b1d,Moment Day,MAX,OSING,S,18,Arcade,155,1150,Brackets; Bracket Jumps; Bursty,Unrecorded,Medium,17.75
bc4cadc2-f00d-4b4e-9664-1055592cefb3,Ragnarok,SynthWulf,CONRAD,S,18,Arcade,170,962,Bursty; Drills; Runs Without Twists,Unrecorded,Hard,17.73
605abe77-44e9-40da-88b9-940cb43b108f,The Reverie,uma,CONRAD,D,18,Arcade,150,935,Drills; Runs; Runs Without Twists,Unrecorded,Medium,17.72
2852bf33-74bb-4a3f-afae-2bb0c48c01e7,NightTheater,*wakadori,FEFEMZ,S,18,Arcade,151,1058,Bracket Jumps; Bracket Twists; Sustained,Unrecorded,Hard,17.72
9a2a3fc8-9f33-41cc-a232-29d9588d1e71,Pump Jump,BanYa,AHGOO,D,18,Arcade,106,693,Bracket Twists; Mid-4 Doubles; Twists,Unrecorded,Medium,17.72
7a57b3dd-fdcd-4c41-b00d-cff2c2ad2d17,Airplane,TYPHOON,NIMGO,D,18,Arcade,120,1088,Brackets; Bracket Twists; Doublesteps,Unrecorded,Medium,17.72
4ff81024-2077-4108-bdd8-9d89f9e6516b,Soldiers (TANO*C W TEAM RED ANTHEM),DJ Noriken,SUNNY,S,18,Arcade,170,842,Bracket Jumps; Jacks; Jumps,Unrecorded,Medium,17.72
62c4005b-f849-4a94-9136-1ac3f0fa1c1b,PRiMA MATERiA,Unknown,EXC,S,18,Arcade,187,1100,Bracket Twists; Bursty; Side-3 Singles,Unrecorded,Medium,17.72
06bc11d8-5d8b-4b86-abf0-10d1bec54e86,With My Lover,BanYa,OSING,D,18,Arcade,124,834,Mid-4 Doubles; Splits; Twists,Unrecorded,Medium,17.71
5b8c938a-a84d-47be-868f-f38f12ca7d17,HELIX,ESTi,MINAMI,S,18,Arcade,175,997,Doublesteps; Jumps; Twists,Unrecorded,VeryHard,17.7
34257e9d-ea45-4c61-a6ef-4bdbc447b8e1,Le Nozze di Figaro ~Celebrazione Remix~,Unknown,,D,18,Arcade,172,830,Bracket Twists; Co-op Pad Transitions; Cross-pad Transitions,Unrecorded,Easy,17.68
b6dd8e33-15c3-4ede-9eb5-677a054dc653,Xenesis,BanYa Production,BPM,S,18,Arcade,152,873,Bursty; Side-3 Singles; Twists,Unrecorded,Medium,17.68
3eb90130-a3de-4747-8cba-b99ac0c171ae,After a thousand years,Toto,NIMGO,S,18,Arcade,180,1144,Bursty; Side-3 Singles; Twists,Unrecorded,Easy,17.68
59c05bf7-f573-4e44-9117-9246b0dc9799,SUPER☆HARAGURO☆POP,Zekk,refos,S,18,Arcade,160,1004,Brackets; Bracket Jumps; Jacks,Unrecorded,Medium,17.66
7730b6d5-4f36-4df5-8b60-8359b7db5e05,Yo! Say!! Fairy!!!,MYUKKE.,SUNNY,D,18,Arcade,150,773,Bracket Jumps; Doublesteps; Twists,Unrecorded,Medium,17.66
a34a5ccd-0664-40cd-b50d-351a4842c82e,Vector,Zekk,SPHAM,S,18,Arcade,178,921,Bursty; Jacks; Side-3 Singles,Unrecorded,Medium,17.65
767ab910-c644-4c36-895d-fb77862a592f,Fracture Temporelle,Kurokotei,SUNNY,D,18,Arcade,232,736,Mid-6 Doubles; Sustained; Twists,Unrecorded,Medium,17.65
8b9e9385-d74d-489a-a6f1-9b4e224fc1b8,Further,Doin,WINDFORCE,S,18,Arcade,194,918,Drills; Jacks; Sustained,Unrecorded,Medium,17.64
68651452-2a2d-454b-86af-7789b46dfbea,Meteorize,Paul Bazooka,CONRAD,S,18,Arcade,136,850,Brackets; Bracket Twists; Twists,Unrecorded,Medium,17.63
5bb96af5-0be5-424a-b4ad-0d886bfc1c2b,INFINITY,Lunatic Sounds,NIMGO,S,18,Arcade,175,1025,Anchor Runs; Runs Without Twists; Side-3 Singles,Unrecorded,Medium,17.62
08d0b7a8-8117-4590-8e6a-1faf4ecc714b,Dance with me,BanYa,HP,D,18,Arcade,122,761,Bracket Jumps; Bracket Twists; Jumps,Unrecorded,Medium,17.61
d34d7a18-21a1-454d-ac12-508714eed73a,Shub Niggurath - SHORT CUT -,Nato,NIMGO,S,18,ShortCut,220,814,Bursty; Side-3 Singles; Twists,Unrecorded,Medium,17.61
4c1e6a24-b1dd-4ecf-9ae7-98b657c0ba67,%X (Percent X),Pory,AEVILUX,S,18,Arcade,150,1169,5-Stairs; Doublesteps; Runs Without Twists,Unrecorded,Medium,17.6
652650d8-b4cb-4d0d-ab8d-04caa9a7653f,All I Want For X-mas,BanYa,SUNNY,D,18,Arcade,130,830,Brackets; Bracket Jumps; Bracket Twists,Unrecorded,Medium,17.6
690604bf-74df-46e5-8979-8e2120665088,Lucky Star,INFX feat. Miori Celesta,CONRAD,D,18,Arcade,180,1012,,Unrecorded,Medium,17.59
ff0efc5a-bca2-4090-9791-86dfdf8d3b82,Giselle,Sobrem a.k.a. Widowmaker,DulKi,S,18,Arcade,128 ~ 128,1024,Bursty; Drills; Twists,Unrecorded,Medium,17.58
c521a18b-ccd3-4c0c-b55b-332613263173,Cynical,RiraN ft. Negoto Bunnyla,CONRAD,S,18,Arcade,155,945,,Unrecorded,Medium,17.55
160bb01b-a182-4641-ade9-26202b994291,FLVSH OUT,Getty,SUNNY,S,18,Arcade,160,1033,Brackets; Doublesteps; Jacks,Unrecorded,Medium,17.54
4a508e15-568d-4e4d-a4c5-822a0986cc4e,Extreme Music School 2nd period feat. Nanahira,Massive New Krew & RoughSketch,NIMGO,S,18,Arcade,210,1004,5-Stairs; Drills; Side-3 Singles,Unrecorded,Medium,17.53
99bb6946-8e12-43b5-8801-5f0b3452544f,Windmill,Yak Won,BPM,D,18,Arcade,246,882,Drills; Runs; Runs Without Twists,Unrecorded,Easy,17.53
56364cd7-089e-4179-a591-b01c4d5f9bbf,8 6,Dasu,EXC,D,18,Arcade,167,1550,Bracket Twists; Doublesteps; Mid-4 Doubles,Unrecorded,Medium,17.53
2a767f1a-4609-4e7e-a24e-265994f3190d,Keep On!,AmamoriP,OSING,S,18,Arcade,185,1071,Brackets; Bracket Drills; Bracket Runs,Unrecorded,Medium,17.52
e80152c1-7554-44d7-b8e4-7368e8437e0d,The Apocalypse,HyuN feat. Elika,CONRAD,S,18,Arcade,171,1050,Bracket Twists; Bursty; Jumps,Unrecorded,Medium,17.52
7fb064f8-b646-47c9-98cb-088d1ab1b02e,B3,MAX,CONRAD,D,18,Arcade,160,950,Anchor Runs; Bracket Runs; Mid-6 Doubles,Unrecorded,Medium,17.52
36b0fc76-626e-4c9b-afb5-9f0d7e2e02cd,Feel My Happiness,3R2,NIMGO,D,18,Arcade,175,912,Anchor Runs; Co-op Pad Transitions; Mid-4 Doubles,Unrecorded,Hard,17.5
5718fb5f-4287-43c0-84ce-583a3a549544,"Dizzy Dance, Street Light",WyvernP,NIMGO,D,18,Arcade,128,1082,,Unrecorded,Easy,17.5
70b8c42e-b9e3-40c5-ba9b-fc8b06403451,Curiosity Overdrive,t+pazolite,DulKi,S,18,Arcade,192,1029,Bracket Jumps; Bursty; Drills,Unrecorded,Easy,17.44
76a78685-c216-4a7c-89b6-f8bde84aa924,Fracture Temporelle,Kurokotei,BME,S,18,Arcade,232,851,Brackets; Bracket Jumps; Sustained,Unrecorded,Medium,17.38
d41f5050-2475-4e82-a3dc-def33b3ec834,Clematis Rapsodia,Jehezukiel,BME,S,18,Arcade,260,1000,Bracket Twists; Footswitches; Sustained,Unrecorded,Medium,17.34
c2aac17c-9a09-4a1a-ab75-71bc51f2b82b,Kasou Shinja,MAX,NIMGO,S,18,Arcade,170,1083,Bursty; Drills; Side-3 Singles,Unrecorded,Medium,17.33
2b8e1508-dfdf-4fef-8704-7899d3fdb08d,PRIME,TatshMusicCircle,NIMGO,D,18,Arcade,165,1035,Anchor Runs; Runs Without Twists; Twists,Unrecorded,Medium,17.32
5374e45e-3a7a-4b61-8826-a7e17354d6c9,That Kitty (PIU Edit.),MonstDeath,SPHAM,D,18,Arcade,190,930,Mid-4 Doubles; Mid-6 Doubles; Twists,Unrecorded,Easy,17.32
a2ade335-820a-453b-8a97-1afc473cf1bd,"Simon Says, EURODANCE!! (feat. Sara☆M)",Jehezukiel?KAZEMURA?Hideky,,S,18,Arcade,180,938,Doublesteps; Jumps; Sustained,Unrecorded,Easy,17.28
f4915494-3137-4e65-be54-270730bf6444,BANG BANG,IVE (아이브),CONRAD,D,18,Arcade,152,825,Anchor Runs; Mid-6 Doubles; Runs Without Twists,Unrecorded,Medium,17.19
62ff1e31-67e3-4563-95d5-6675d478ae39,Crossing Delta,t+pazolite + Ginkiha + Hommarju,SPHAM,D,18,Arcade,180,888,Doublesteps; Jacks; Mid-6 Doubles,Unrecorded,Medium,17.18
35d36f52-e1f9-443e-ab19-67f7696f4a4b,Nihilism - Another Ver.-,Nato,NIMGO,S,18,Arcade,190,1147,Anchor Runs; Bursty; Side-3 Singles,Unrecorded,Easy,17.14
c262a48e-4a5a-408b-8feb-11bedabc24b4,Poseidon - SHORT CUT -,Quree,EXC,S,18,ShortCut,160,805,Anchor Runs; Runs; Runs Without Twists,Unrecorded,Medium,16.99
6d0de5d3-aafd-456f-ab40-57bb9208c61d,Flavor Step!,EmoCosine,SPHAM,S,18,Arcade,150,899,Runs; Runs Without Twists; Twists,Unrecorded,Medium,16.93
0fd50d96-1f0c-4cb0-a179-9282132ef9bb,BEDLAM,SANY-ON,NIMGO,S,18,Arcade,183,843,Bursty; Drills; Side-3 Singles,Unrecorded,Medium,16.88
c8923794-1224-4b0e-8710-5d46a3820f8a,Anguished Unmaking,void,NIMGO,S,18,Arcade,170,937,Brackets; Footswitches; Jacks,Unrecorded,VeryHard,16.85
790358f6-8e68-4cf3-98de-7fd437531d29,Barber's Madness,Klass E,,S,18,Arcade,,893,Bracket Jumps; Bracket Twists; Drills,Unrecorded,Medium,16.84
4f74d045-9d14-403f-8249-8478f7dd9679,Unique - SHORT CUT -,SHK,ANDAMIRO,S,18,ShortCut,145,961,Bracket Jumps; Doublesteps; Twists,Unrecorded,Medium,16.77
ad3e691c-aada-477c-b07f-ef82e60d8f4f,Come to Me,BanYa,EHNE,S,18,Arcade,100 ~ 100,786,Bracket Jumps; Hands; Jumps,Unrecorded,Easy,16.77
80b02920-5d82-46a8-8294-d3242fedc11c,Enjoy The Show,RiraN ft. Negoto Bunnyla,NIMGO,S,18,Arcade,160,1025,Doublesteps; Jumps; Runs Without Twists,Unrecorded,Medium,16.76
44cef8cd-7ac6-4d76-89fa-918612b4742f,Spooky Macaron,Sobrem,CONRAD,D,18,Arcade,201,922,Mid-4 Doubles; Mid-6 Doubles; Sustained,Unrecorded,Easy,16.75
7a84ddcf-4dd3-4145-a91a-c6678b2bb0b0,TRICKL4SH 220,Lite Show Magic,CONRAD,S,18,Arcade,220,1011,Bracket Runs; Bracket Twists; Jumps,Unrecorded,Medium,16.72
c15e69d5-3e33-4616-b4b4-9dc123235c03,DISTRICT V,Zekk vs MAX,SUNNY,S,18,Remix,178,1232,Bursty; Drills; Jacks,Unrecorded,Medium,16.7
b916e958-c9fb-4c4f-99ed-99520b7bbd12,BANG BANG,IVE (아이브),CONRAD,S,18,Arcade,152,867,Doublesteps; Runs; Runs Without Twists,Unrecorded,Medium,16.64
5647823f-3f08-4c36-9316-2e6ea49d6645,ESP,Nato,CONRAD,S,18,Arcade,175,900,Anchor Runs; Runs; Runs Without Twists,Unrecorded,Medium,16.64
f6ed1d9c-4da7-4eb9-8c01-03858a8db2c0,Solve My Hurt,Doin,SPHAM,S,18,Arcade,234,945,5-Stairs; Doublesteps; Sustained,Unrecorded,Easy,16.63
23e546dc-bd73-4f08-ad9b-0b5ca27a5b88,Super Stylin',Warak,AYAPPING,D,18,Arcade,146,851,Cross-pad Transitions; Jumps; Twists,Unrecorded,Medium,16.59
1f484239-9330-4113-b245-8f994c997f37,†DOOF†SENC†,Kobaryo,CONRAD,S,18,Arcade,200,922,Brackets; Bracket Jumps; Jacks,Unrecorded,Easy,16.57
6c2b668c-8a12-45d9-bc3a-83cb765eb869,Break Through Myself feat. Risa Yuzuki,DJ Myosuke & Laur,CONRAD,S,18,Arcade,200,1000,Anchor Runs; Bracket Runs; Runs Without Twists,Unrecorded,Easy,16.54
ef3c474e-c9a1-47eb-accf-5c577519a72a,OVERNIGHT FLOWER,P*Light,CONRAD,D,18,Arcade,210,919,Cross-pad Transitions; Mid-6 Doubles; Twists,Unrecorded,Medium,16.49
f2c60c62-4177-4cc9-b059-7818e3c352e6,Stardream -Eurobeat Remix- - SHORT CUT -,MAX x Cashew x Dave Rodgers,GGWANG,S,18,ShortCut,160,800,Doublesteps; Jumps; Sustained,Unrecorded,Medium,16.46
df21f946-3d72-475e-bdb8-527ee07cf0fc,Digitalis,NeLiME,SPHAM,S,18,Arcade,160,1133,Anchor Runs; Bursty; Drills,Unrecorded,Easy,16.37
74964050-4665-46a8-b5a3-08e35d69087b,404 (New Era),KiiiKiii (키키),NIMGO,S,18,Arcade,127,1072,Doublesteps; Jumps; Twists,Unrecorded,Easy,16.36
7d39a6a0-d7d1-45a5-9dd2-c917921c992e,King’s Tomb,r300k,refos,D,18,Arcade,113,1000,,Unrecorded,Medium,16.35
81515104-308e-4306-82be-a06af62a963d,Winter,BanYa,ANDAMIRO,D,18,Arcade,168,600,Anchor Runs; Bursty; Runs Without Twists,Unrecorded,Hard,16.29
ef603e4c-80e6-4266-b80e-469b94d51e09,The Stranger,ONF (온앤오프),CONRAD,S,18,Arcade,116,890,Jumps; Runs; Runs Without Twists,Unrecorded,Medium,16.26
bfdd67d7-49b7-43bb-b1ca-69ce0d0cd8b5,Crimson Hood,Springhead,NIMGO,D,18,Arcade,190,1047,Anchor Runs; Mid-4 Doubles; Twists,Unrecorded,Easy,16.25
347c7e77-a070-470b-9c9f-f00d7286dc22,Pumptris Quattro,Yahpp,BPM,S,18,Arcade,153,1660,Brackets; Bracket Jumps; Bracket Twists,Unrecorded,Easy,16.18
89a014cb-fed2-4dd3-b767-5584cf892f15,Rise Up (feat. Miori Celesta),memme,CONRAD,D,18,Arcade,190,900,,Unrecorded,Easy,16.08
77bdf7f9-e89f-42c1-b105-291b989181d5,Do the Dance,ILLIT (아일릿),CONRAD,D,18,Arcade,130,945,Doublesteps; Jumps; Sustained,Unrecorded,Easy,16.07
aeb8826e-04fb-4c3b-979b-982928638dba,"Phalanx ""RS2018 edit""",Cranky vs kors k,SPHAM,D,18,Arcade,145,920,Runs Without Twists; Sustained; Twists,Unrecorded,Medium,16.03
91c14443-47cf-4999-9f21-981ebbec445d,MEGAHEARTZ,DJ Noriken,DulKi,D,18,Arcade,200,850,Cross-pad Transitions; Jumps; Mid-6 Doubles,Unrecorded,Easy,16.01
e856fff6-46d9-4198-af28-ba995ad3cc70,CALL ME BACK,TNX,SUNNY,D,18,Arcade,128,846,Bracket Jumps; Doublesteps; Sustained,Unrecorded,Medium,16
dce4e540-1177-483b-86b7-46553ee8a134,Ercitite,Doin x neur6sia,FEFEMZ,S,18,Arcade,135,944,,Unrecorded,Easy,15.99
1a5fc463-4d95-4dd4-9ae5-0bc2f98478f3,Move That Body!,DM Ashura feat. Skizzo & Hanna Stockzell,NIMGO,D,18,Arcade,145,1028,Bursty; Co-op Pad Transitions; Doublesteps,Unrecorded,Hard,15.97
5d9ce368-1c5a-4f09-a549-7fb8b0f07e7f,"Dizzy Dance, Street Light",WyvernP,NIMGO,S,18,Arcade,128,1070,,Unrecorded,Easy,15.93
5a6eeb1c-9fa9-4092-9359-73a6761d55bd,Energy Synergy Matrix,Tanchiky,DulKi,S,18,Arcade,160,1113,Bracket Jumps; Drills; Jumps,Unrecorded,Easy,15.86
33dc577b-3b03-478a-8f8a-c01616b5b207,EMOMOMO,Ras,SUNNY,D,18,Arcade,145,1067,Bracket Twists; Doublesteps; Hold Footslides,Unrecorded,Medium,15.81
74f37ee7-71e0-404e-943c-a2fc71c4217e,Ghost Bloody Train,Fiverwater,CONRAD,S,18,Arcade,192,1100,Bracket Jumps; Bursty; Drills,Unrecorded,Easy,15.8
3a2ef53f-b731-48a7-9b52-eeaaa137415a,Perpetual,Qu-ail,CONRAD,D,18,Arcade,180,942,Bursty; Mid-4 Doubles; Mid-6 Doubles,Unrecorded,Easy,15.79
6de1f5b1-da88-4a7f-8270-f7d4376b8663,STAGER,Ras,CONRAD,D,18,Arcade,146,728,Jacks; Jumps; Sustained,Unrecorded,Easy,15.76
97cb3d06-209e-419c-8925-9c0fa8a5e04f,Pop The Track - SHORT CUT -,J-Mi & Midi-D Ft. Hanna Stockzell,SANDSTORM,S,18,ShortCut,160,864,Anchor Runs; Runs; Runs Without Twists,Unrecorded,Easy,15.66
7a52c0d4-b824-41af-b379-0507250f559b,B3,MAX,CONRAD,S,18,Arcade,160,950,Brackets; Doublesteps; Runs Without Twists,Unrecorded,Medium,15.59
24117e9d-cdba-46b2-996b-707061fcb2e2,Another Truth,Novasonic,KANG2,D,18,Arcade,136,653,Brackets; Bracket Jumps; Twists,Unrecorded,Hard,15.55
09f2f733-329a-4c82-8131-01d32109551b,Silver Beat feat. ChisaUezono,Tatsh feat. ChisaUezono,NIMGO,S,18,Arcade,153,1199,Bursty; Jumps; Runs,Unrecorded,Medium,15.5
2718754b-4902-4db4-ae3a-f444d0473c67,Cutie Song,Memme,BME,D,18,Arcade,174,856,Brackets; Bracket Jumps; Co-op Pad Transitions,Unrecorded,Medium,15.49
288aa6cd-a264-42ae-9c1b-fe86a86237b8,Antique Serenade,Abel,GGWANG,D,18,Arcade,214,850,,Unrecorded,Easy,15.49
30f4ad1d-3630-4115-a2e7-65f7f447372b,Cygnus,Nato,SUNNY,D,18,Arcade,188,936,Anchor Runs; Jacks; Mid-4 Doubles,Unrecorded,Easy,15.49
a3ea746f-57dc-4ac4-91cf-2ed189ae94fc,Halloween Party ~Multiverse~ - SHORT CUT -,SHK,JUNARE,D,18,ShortCut,160,999,Mid-4 Doubles; Mid-6 Doubles; Twists,Unrecorded,Easy,15.49
8f8b2330-4fe6-402a-9f32-1f756a4b68f1,Time Attack <BLUE>,r300k,WINDFORCE,S,18,Arcade,119,1195,Jacks; Sustained; Twists,Unrecorded,Medium,15.49
1e236743-6296-4790-a36e-0bc54cfb352a,"The People didn't know ""Pumping up""",BanYa Production,BPM,D,18,Remix,134,1083,10-Stairs; Co-op Pad Transitions; Twists,Unrecorded,Easy,15.48
57fdf9c7-1b43-4172-a154-aede2e1fa3fa,Ugly Dee,BanYa Production,EHNE,D,18,Arcade,92,1001,Brackets; Bracket Twists; Hold Footslides,Unrecorded,Medium,15.48
d6d76dda-c73d-4d27-8573-59b2323aef12,Stardream -Eurobeat Remix- - SHORT CUT -,MAX x Cashew x Dave Rodgers,GGWANG,D,18,ShortCut,160,800,Cross-pad Transitions; Mid-4 Doubles; Mid-6 Doubles,Unrecorded,Medium,15.48
cddf632a-d105-4f6d-9bce-f9f22a1b9193,Transacaglia in G-minor,ATAS,SUNNY,D,18,Arcade,158,840,Cross-pad Transitions; Mid-4 Doubles; Twists,Unrecorded,Medium,15.48
b2c27e7f-14aa-4af2-affa-d706e2cf6b18,Le Grand Rouge,KIEN,SPHAM,S,18,Arcade,166,917,Doublesteps; Drills; Sustained,Unrecorded,Easy,15.47
60172ce1-df71-4adc-ae25-c75c1b09b0b3,BLAZOR,WONDERTRAVELER Project,GGWANG,S,18,Arcade,161,900,Bursty; Jumps; Runs Without Twists,Unrecorded,Easy,15.46
1626af83-cbfa-4f25-9b1c-05eeae5b4d19,Hyacinth,Yahpp,NIMGO,S,18,Arcade,193,1147,Bracket Drills; Bracket Runs; Staggered Brackets,Unrecorded,Hard,15.46
2d0c2b0d-dde6-4b2d-8915-08240fc8f206,STEP,SID-Sound,NIMGO,D,18,Arcade,156,979,Bursty; Cross-pad Transitions; Twists,Unrecorded,Easy,15.46
056a44ef-e18a-405f-ad9f-3273ed9fb9f1,Iolite Sky,Doin,WINDFORCE,D,18,Arcade,90,1000,Jacks; Mid-4 Doubles; Mid-6 Doubles,Unrecorded,Easy,15.46
081bd02e-d5a4-42b5-9584-9240fdaff974,Exceed2 Opening - SHORT CUT -,BanYa,ANDAMIRO,D,18,ShortCut,178,647,Brackets; Bracket Jumps; Bracket Twists,Unrecorded,Easy,15.46
0d9c9e47-88dd-4b09-89c5-c80dec6a0713,FFF - SHORT CUT -,Doin,AHGOO,S,18,ShortCut,200,1023,Anchor Runs; Bursty; Drills,Unrecorded,Hard,15.44
e8eeab32-1afb-4a58-978d-31b3394ed2ab,Silhouette Effect,Nato,HP,S,18,Arcade,167,1178,Bursty; Jumps; Runs Without Twists,Unrecorded,Medium,15.41
b4437ade-4848-464f-a85b-1af20e5d0952,Overblow - SHORT CUT -,MAX,WINDFORCE,S,18,ShortCut,155,1200,Bursty; Runs; Runs Without Twists,Unrecorded,Medium,15.38
7ebefe2d-2800-46ce-8fd8-1de73a659b2b,Allegro Furioso,DM Ashura,EXC,S,18,Arcade,176,759,Bracket Twists; Runs; Twists,Unrecorded,VeryHard,0
88da7dfe-e6f0-4b67-982e-dc911bbded08,Amphitryon,Gentle Stick,EXC,S,18,Arcade,155,1118,Doublesteps; Side-3 Singles; Twists,Unrecorded,Hard,0
ca768e49-5e42-4f08-a75c-6898ceef2973,Arch of Darkness,Yahpp,ANDAMIRO & MSGOON,D,18,Arcade,135.9,915,Cross-pad Transitions; Doublesteps; Jumps,Unrecorded,Hard,0
53cbb126-39e6-49b4-8bc3-ca9522e02001,Asterios -ReEntry-,ATAS,NIMGO,D,18,Arcade,148,896,Drills; Runs; Runs Without Twists,Unrecorded,Medium,0
410941f7-2ca3-45f8-816d-e99536017b8e,B.P Classic Remix,BanYa Production,ANDAMIRO,S,18,Remix,164,1212,Brackets; Bracket Jumps; Bracket Twists,Unrecorded,Easy,0
555038c4-b6ba-425f-84d3-dbca316a0b0d,B.P Classic Remix 2,BanYa Production,SANDSTORM,S,18,Remix,180,1193,Bracket Jumps; Doublesteps; Footswitches,Unrecorded,Hard,0
aacd1f8c-361e-4c26-964f-9ddcab789a35,Beat of The War,BanYa,CONRAD,S,18,Arcade,140 ~ 140,1009,Bracket Twists; Bursty; Twists,Unrecorded,Medium,0
8dea1377-41db-4101-b1ec-4866da044288,Blaze Emotion,Yahpp,KANG2,D,18,Arcade,170,918,Bursty; Cross-pad Transitions; Twists,Unrecorded,Hard,0
0dfb5842-e34f-4264-8969-3be7dc28f063,Break Out,Lunatic Sounds,CONRAD,D,18,Arcade,175,841,Anchor Runs; Drills; Jacks,Unrecorded,Hard,0
ea1a9631-03da-4289-a66f-4428cb8eb72a,Chicken Wing,BanYa,HP & BPM,D,18,Arcade,200,879,10-Stairs; Bursty; Drills,Unrecorded,VeryHard,0
38d6c8d6-b9a3-45ba-972f-20b6dadf7759,CO5M1C R4ILR0AD,kanone,FEFEMZ,S,18,Arcade,155,982,Brackets; Bracket Jumps; Bursty,Unrecorded,Medium,0
75ea9978-cec7-4370-9b2b-02d0503c15e4,Dignity - FULL SONG -,Crash,,D,18,FullSong,,890,Runs; Runs Without Twists; Twists,Unrecorded,Medium,0
2aa1c00b-8880-4519-bb48-1dd6585d638f,DUEL - SHORT CUT -,Cashew & D_AAN,GGWANG,D,18,ShortCut,155,850,Anchor Runs; Drills; Runs,Unrecorded,VeryHard,0
ab1cb583-8b8f-47df-9544-f8fc40ac704e,Elise,DM Ashura,HP,S,18,Arcade,162,960,Anchor Runs; Bursty; Runs Without Twists,Unrecorded,Hard,0
77b83481-5e80-439d-a44b-43474c1687b4,Extravaganza,BanYa,KANG2,D,18,Arcade,195,654,Bracket Runs; Cross-pad Transitions; Drills,Unrecorded,Underrated,0
5037e875-e9a9-485d-a620-739f94d756f0,Final Audition,BanYa,ANDAMIRO,S,18,Arcade,130.5,601,Footswitches; Jacks; Twists,Unrecorded,Hard,0
5da8b4fc-96c3-4db9-a0ac-367e364a6fce,Final Audition 2,BanYa,KANG2,D,18,Arcade,130,669,Bracket Runs; Runs; Runs Without Twists,Unrecorded,Hard,0
60ba4ef9-2c6b-4788-b728-ca6b5658a136,Final Audition 2,BanYa,BPM,S,18,Arcade,130,602,Bracket Runs; Runs; Runs Without Twists,Unrecorded,Hard,0
0b779d61-96f7-4625-93a5-24b0ffc97132,Final Audition 3 - SHORT CUT -,BanYa,ESC,S,18,ShortCut,130.5,983,Bursty; Runs; Runs Without Twists,Unrecorded,Medium,0
4b62092e-f252-4e67-8d87-e3a12656dfcd,Final Audition 3 - SHORT CUT -,BanYa,SANDSTORM,D,18,ShortCut,130.5,981,Runs; Runs Without Twists; Yog Walks,Unrecorded,Medium,0
aaebe14f-4945-4fd1-9821-3fd9ee032e9f,Final Audition Ep. 2-2,Yahpp,ANDAMIRO,S,18,Arcade,200,904,Drills; Side-3 Singles; Staggered Brackets,Unrecorded,VeryHard,0
b7a31551-e3ee-42ed-95a0-6ad05137ffb7,Gun Rock,BanYa Production,BPM,D,18,Arcade,104,708,Anchor Runs; Bursty; Drills,Unrecorded,Hard,0
1471722e-35b1-4c74-9ad7-1528d147e84f,Heart Attack,DJ Counterforce,NIMGO,D,18,Arcade,148,768,Anchor Runs; Mid-4 Doubles; Twists,Unrecorded,Hard,0
38170a2a-6aed-4bfb-a7a9-c4411b869601,Hungarian Dance V,BanYa Production,HP,S,18,Arcade,145,1010,Brackets; Bracket Jumps; Bracket Twists,Unrecorded,Medium,0
23f9231b-4fa7-40a4-a60b-3fe5b0262d7e,I Want U,MAX,SUNNY,D,18,Arcade,156,914,Bursty; Mid-4 Doubles; Mid-6 Doubles,Unrecorded,Medium,0
a6ad8aa6-888a-4d2a-b5a2-65e39f0e9129,Idealized Romance,void,CONRAD,S,18,Arcade,140,823,Brackets; Bracket Jumps; Jumps,Unrecorded,Medium,0
7ac83688-bf6f-442a-9a5d-5bbf0891ac71,Interference - FULL SONG -,Doin,HP,D,18,FullSong,180.4,1272,Jacks; Sustained; Twists,Unrecorded,Underrated,0
0452e042-2b95-47c2-901f-e3466f2a0b5a,J Bong,BanYa,ANDAMIRO,D,18,Arcade,140,600,Brackets; Cross-pad Transitions; Doublesteps,Unrecorded,Underrated,0
a44acbad-9fd1-4ab6-8c2a-3aa2b550fa6e,Jonathan's Dream,MAX & Seorryang (SID-SOUND),OSING,S,18,Arcade,140,1100,Runs; Side-3 Singles; Twists,Unrecorded,Medium,0
4761ee00-bcdd-4efe-86e3-f60839c35a9b,K.O.A : Alice in Wonderworld - SHORT CUT -,BanYa Production,ANDAMIRO,D,18,ShortCut,156,973,Bursty; Footswitches; Twists,Unrecorded,Hard,0
3d53595d-fb9e-45b4-9349-7ee1a148cbdd,Le Grand Bleu,KIEN,BANNIE,S,18,Arcade,165,1022,Anchor Runs; Doublesteps; Side-3 Singles,Unrecorded,Hard,0
d2a2c2e6-18ee-4bc8-b007-f5dbf9029bf8,Leakage Voltage,Doin,MINAMI,D,18,Arcade,180,1059,Bracket Jumps; Cross-pad Transitions; Twists,Unrecorded,Medium,0
79d2e5de-4624-427c-90a9-68993648d16c,Love is a Danger Zone - SHORT CUT -,BanYa,SANDSTORM,D,18,ShortCut,140,690,Jacks; Mid-6 Doubles; Twists,Unrecorded,VeryHard,0
adbfa498-101a-4fb9-9a3d-74763800c05f,Love is a Danger Zone pt.2 [Another],BanYa,BPM,S,18,Arcade,162,764,Footswitches; Jacks; Side-3 Singles,Unrecorded,Hard,0
e9bd4364-be44-4429-8d0f-c68ca0a1de22,Magical Vacation,SID-Sound,NIMGO,S,18,Arcade,154,1134,Bursty; Footswitches; Twists,Unrecorded,Hard,0
afe23b53-8afe-4f36-a68c-56af1543c479,Maria,BanYa,IRFANH2,S,18,Arcade,136,1065,5-Stairs; Side-3 Singles; Twists,Unrecorded,Medium,0
029ebda1-2d76-4f92-bcb2-8a45d724bf0d,Meteo5cience (GADGET mix),Paul Bazooka,,S,18,Remix,,1055,Bracket Drills; Bracket Runs; Doublesteps,Unrecorded,Hard,0
6f3c6fbe-7e55-4a37-96f4-c10962cd80e6,Meteo5cience (GADGET mix),Paul Bazooka,,D,18,Remix,,1080,Brackets; Bracket Runs; Bracket Twists,Unrecorded,Hard,0
fe5bef5c-d3e3-471c-a54a-2206375c8a5a,Move That Body! - SHORT CUT -,DM Ashura,EXC,D,18,ShortCut,145,853,Bursty; Runs; Twists,Unrecorded,Medium,0
5ef0fe70-501a-4b0d-9bfc-b7b1d4af37d5,My Dreams,BanYa Production,BPM,S,18,Arcade,136,747,5-Stairs; Jacks; Twists,Unrecorded,Hard,0
9be665d4-1bd8-4262-ab1f-0d1c18ef1740,Obliteration,ATAS,AEVILUX,S,18,Arcade,150,1042,Anchor Runs; Brackets; Runs Without Twists,Unrecorded,VeryHard,0
eefb4a95-d847-446c-bc0b-1688dceb4f23,Overblow,MAX,BPM,S,18,Arcade,155,1000,Bursty; Jacks; Jumps,Unrecorded,Medium,0
b0d02a89-68a0-408e-8ef0-31a2f3a860f6,Overblow2,MAX,NIMGO,S,18,Arcade,155,992,Bracket Twists; Jacks; Twists,Unrecorded,VeryHard,0
c3750fe2-bca5-4336-9caf-98fde44dccdd,Passacaglia,SynthWulf,SANDSTORM,D,18,Arcade,175,1011,Anchor Runs; Jacks; Mid-4 Doubles,Unrecorded,Hard,0
a0f0958f-03df-4ecd-998f-df6069b16f79,Passacaglia - SHORT CUT -,SynthWulf,WINDFORCE,D,18,ShortCut,175,732,Anchor Runs; Bursty; Drills,Unrecorded,VeryHard,0
1e7dbaff-6bcd-4628-aaf1-ffb1f44f6469,Pump me Amadeus,BanYa,KANG2,S,18,Arcade,170,871,Anchor Runs; Footswitches; Twists,Unrecorded,VeryHard,0
ad44ce4b-0f56-4a70-b8f6-61c6d4b1bc7a,Pumptris 8Bit ver.,Yahpp,BPM,S,18,Arcade,162,948,Anchor Runs; Drills; Side-3 Singles,Unrecorded,Hard,0
6179e103-a9b2-47b3-9b41-b94624026e51,Rage of Fire,MAX,OSING,S,18,Arcade,155,1043,Bracket Runs; Bursty; Runs,Unrecorded,Medium,0
ab0e2478-2c3b-4b2d-bb82-828d52a1f1df,Sarabande,MAX,NIMGO,D,18,Arcade,157,1100,Jumps; Runs Without Twists; Yog Walks,Unrecorded,Hard,0
4e504d3f-b539-49e2-8c97-5633fce0a219,Selfishness - SHORT CUT -,SID-Sound,EXC,D,18,ShortCut,160,,10-Stairs; Footswitches; Mid-4 Doubles,Unrecorded,Medium,0
068b71eb-82c7-4c93-a342-652fa44de9c0,Solitary,BanYa,ANDAMIRO,S,18,Arcade,136,618,Jumps; Staggered Brackets; Sustained,Unrecorded,VeryHard,0
5138d1bd-8f4a-4440-b823-964041cf5e86,Solitary 1.5,Yahpp,EHNE,D,18,Arcade,136,943,Bracket Jumps; Bracket Twists; Runs,Unrecorded,VeryHard,0
9be8c86d-a0f3-4e3b-a5ba-5546f40e0e99,Solitary 2,BanYa,ANDAMIRO,S,18,Arcade,136,717,Bracket Runs; Runs; Runs Without Twists,Unrecorded,Hard,0
62f5be8e-04ee-44e8-9d74-e9b53eacfe4b,Solitary 2 - SHORT CUT -,BanYa,WINDFORCE,D,18,ShortCut,136,,Co-op Pad Transitions; Runs; Twists,Unrecorded,Medium,0
f21dabcd-3167-491b-a0f1-9dfe9d5b1140,Solitary 2 - SHORT CUT -,BanYa,SANDSTORM,S,18,ShortCut,136,911,Bracket Runs; Runs; Runs Without Twists,Unrecorded,Medium,0
4b00d495-9eae-483d-81d9-54ef99bae126,Sorceress Elise,YAHPP,BPM,D,18,Arcade,158,1026,Bursty; Drills; Twists,Unrecorded,Hard,0
d1e740ae-b8fa-440c-94db-4960f3d29767,Sorceress Elise,YAHPP,BPM,S,18,Arcade,158,1122,5-Stairs; Bursty; Twists,Unrecorded,Hard,0
2273595e-6408-4360-b0c0-dabccfbf114d,Super Fantasy - SHORT CUT -,SHK,EXC,D,18,ShortCut,145,831,10-Stairs; Runs; Runs Without Twists,Unrecorded,Hard,0
314c56b3-9683-40e7-81b9-0c763f7b651c,Take Out - SHORT CUT -,SHK,SANDSTORM,S,18,ShortCut,170,806,Bursty; Runs; Runs Without Twists,Unrecorded,Medium,0
5171ac7b-98f7-46db-998b-5aef70316a76,Turkey March,BanYa,DAEGUOSU,D,18,Arcade,150,873,Anchor Runs; Brackets; Drills,Unrecorded,Medium,0
42d04052-4fde-40e0-9db6-ce52bffce56a,Turkey March -Minimal Tunes-,BanYa Production,SANDSTORM,D,18,Arcade,130,999,Runs; Sustained; Twists,Unrecorded,Hard,0
64159d0d-1d0c-478d-999a-831eeeaccf08,Ugly duck Toccata,BanYa Production,ANDAMIRO,D,18,Remix,104,810,Doublesteps; Jumps; Twists,Unrecorded,Medium,0
830fbc64-2d0b-422e-95e3-69ccb2f62ae3,Utsushiyo No Kaze feat. Kana,void feat. Kana,NIMGO,D,18,Arcade,152,,Doublesteps; Jumps; Twists,Unrecorded,VeryHard,0
28514d1c-7d48-4bbe-81f5-75c2361df9ee,V3,Beautiful Day,NIMGO,D,18,Arcade,160,952,Brackets; Bracket Jumps; Bracket Twists,Unrecorded,Medium,0
e020b221-db5c-48eb-a616-0132fbab7416,Vook,BanYa,ANDAMIRO,S,18,Arcade,184,1023,5-Stairs; Drills; Twists,Unrecorded,Underrated,0
9c17375b-0343-454d-a11f-002c68786f75,WI-EX-DOC-VA,Yahpp,BPM,D,18,Remix,195,945,Co-op Pad Transitions; Cross-pad Transitions; Twists,Unrecorded,Hard,0
b9387588-6006-422b-a8cf-5a3b22646ff8,Wicked Legend,D_AAN,WINDFORCE,D,18,Arcade,150,800,Anchor Runs; Bracket Twists; Runs Without Twists,Unrecorded,Medium,0
1380072b-f007-481f-a550-1300c44e0f71,Witch Doctor #1,Yahpp,KANG2,S,18,Arcade,122,784,Footswitches; Jacks; Staggered Brackets,Unrecorded,Medium,0
e0c6a3af-48ad-4627-99ed-63ece1b5e3d7,Witch Doctor - SHORT CUT -,BanYa,ANDAMIRO,D,18,ShortCut,195,,Bursty; Cross-pad Transitions; Drills,Unrecorded,Medium,0
a70ea36d-0fda-4fd2-bee3-45347953bffe,X-Rave - SHORT CUT -,DM Ashura,WINDFORCE,D,18,ShortCut,147,1049,Bursty; Jumps; Staggered Brackets,Unrecorded,Hard,0
2895e4de-6ff0-48ae-80df-9c6699a443f1,X-Tream,BanYa,HP,S,18,Arcade,162,707,Bursty; Jacks; Runs Without Twists,Unrecorded,VeryHard,0
8ace6dda-4813-466a-8086-b9db2f00ece4,Xenesis,BanYa Production,BPM,D,18,Arcade,152,1009,Bracket Jumps; Bursty; Yog Walks,Unrecorded,Medium,0
f7bb00f5-73eb-4807-9d3b-25e0f0e48093,Xeroize,FE,WINDFORCE,D,18,Arcade,200,1046,Bursty; Co-op Pad Transitions; Drills,Unrecorded,Medium,0
b155e012-b3b4-4b65-8c1e-e55988d71aa0,Pumptris 8Bit ver.,Yahpp,BPM,S,17,Arcade,162,523,Drills; Side-3 Singles; Twists,Unrecorded,Underrated,21.89
878e77ba-9075-4b6a-b7ab-fcda12e887db,Beethoven Virus,BanYa,BPM,S,17,Arcade,162,616,Drills; Side-3 Singles; Twists,Unrecorded,VeryHard,21.64
e79d85d4-47ed-4840-bc6b-5dbbe013b679,Tek -Club Copenhagen-,BanYa Production,BPM,S,17,Arcade,132,,Brackets; Bracket Jumps; Twists,Unrecorded,VeryHard,21.56
a77f3033-be34-4f99-8f7d-61a4a74630d2,WI-EX-DOC-VA,Yahpp,BPM,S,17,Remix,195,996,Footswitches; Side-3 Singles; Twists,Unrecorded,VeryHard,21.19
477e5f9d-6d25-4ad7-8b74-41ae93e4d517,Campanella,Cashew,EXC,D,17,Arcade,140,629,Bracket Runs; Runs; Runs Without Twists,Unrecorded,Hard,21.18
dd169272-e7c3-434b-b255-81a3e648ea97,Switronic - SHORT CUT -,SHK,EXC,D,17,ShortCut,120,600,Runs; Runs Without Twists; Twists,Unrecorded,Underrated,21.08
f0e66207-87d7-48dc-b717-56a960a884b8,Witch Doctor,BanYa,BPM,S,17,Arcade,195,668,Brackets; Bursty; Drills,Unrecorded,VeryHard,21.01
adbbf775-7457-4681-929a-2d64c905e3f7,VVV,Zig Zag,HP,D,17,Arcade,310,844,Bracket Twists; Bursty; Jacks,Unrecorded,Hard,20.88
2f2cd8cc-a562-4047-982b-8c2d2879d1f0,Dignity,Crash,ANDAMIRO,D,17,Arcade,195,600,10-Stairs; Cross-pad Transitions; Runs,Unrecorded,Underrated,20.85
5eedaab2-2acb-4a87-a92f-30015f66979f,Twist of Fate (feat. Ruriling),Jehezukiel feat. Ruriling,BME,D,17,Arcade,141,880,10-Stairs; Bracket Twists; Doublesteps,Unrecorded,Underrated,20.82
6c412c59-3ba7-496f-8304-7bc54d94581e,Tribe Attacker,Hi-G,Buirai,S,17,Arcade,150,647,Bracket Jumps; Bracket Twists; Sustained,Unrecorded,VeryHard,20.82
e2da6add-0633-4a95-8c05-b41cd978d5aa,Ignis Fatuus(DM Ashura Mix),BanYa & DM Ashura,H. FELKER & ANDAMIRO,D,17,Arcade,220,,Anchor Runs; Cross-pad Transitions; Twists,Unrecorded,Underrated,20.8
6540941e-bbc7-4fe8-93e5-8421fd63366e,Blazing,BanYa,ANDAMIRO,S,17,Arcade,158,601,Brackets; Bracket Jumps; Jumps,Unrecorded,VeryHard,20.77
7e623911-8b49-4846-937d-1a7e2f6185db,Native,SHK,ANDAMIRO,S,17,Arcade,135,771,Footswitches; Jumps; Twists,Unrecorded,Hard,20.73
97b32f61-20f0-41b5-a1e2-1aac8ca8cb32,Turkey March,BanYa,HIDDEN PARTS,S,17,Arcade,150,790,Anchor Runs; Drills; Side-3 Singles,Unrecorded,Hard,20.69
1dcfdfef-4b14-46dd-88ab-9cfe0d87c342,Xeroize,FE,WINDFORCE,S,17,Arcade,200,1004,5-Stairs; Drills; Twists,Unrecorded,VeryHard,20.66
7bff3065-702d-4659-80d0-1c8b966f006f,Kimchi Fingers,Garlic Squad,EXC,S,17,Arcade,190,931,Brackets; Doublesteps; Drills,Unrecorded,Hard,20.62
161e10b3-1c8e-4ce6-9477-fe2b3f3eab41,Bad Apple!! feat. Nomico - FULL SONG -,Masayoshi Minoshima feat. Nomico,NIMGO,S,17,FullSong,138,1426,Brackets; Bracket Jumps; Bracket Twists,Unrecorded,VeryHard,20.62
2797ce63-4093-440b-b086-6c92e3c0753b,Rolling Christmas,BanYa,KAHRUNYA,D,17,Arcade,142,885,Brackets; Bracket Jumps; Bracket Twists,Unrecorded,VeryHard,20.62
fb8442d0-0528-4d7f-891a-a1dfb8fd6fb2,Hey U,MAZO,NIMGO,D,17,Arcade,162,620,Bursty; Doublesteps; Jumps,Unrecorded,Underrated,20.62
5e1ee9bb-3b1c-47a2-a305-73e564667c7b,Emperor,BanYa,ANDAMIRO,D,17,Arcade,150,708,Brackets; Footswitches; Twists,Unrecorded,VeryHard,20.61
b3cc082c-fa95-42bb-bbbe-62c17bb5e94e,Conflict,Siromaru + Cranky,EXC,S,17,Arcade,160,1000,Anchor Runs; Runs; Runs Without Twists,Unrecorded,Hard,20.61
1d150bc0-f040-486e-95d5-11c1cc5052af,Blaze Emotion,Yahpp,BPM,S,17,Arcade,170,968,Bracket Jumps; Bursty; Side-3 Singles,Unrecorded,Hard,20.6
41b3ebab-5edb-4045-a6f0-f42befad3ec0,Tribe Attacker,Hi-G,KAZEMURA,D,17,Arcade,150,702,Jumps; Splits; Twists,Unrecorded,VeryHard,20.6
692a22c7-0cd3-4b9f-a0b6-b00a00569e2f,Dignity,Crash,ANDAMIRO,S,17,Arcade,195,724,5-Stairs; Brackets; Bracket Jumps,Unrecorded,VeryHard,20.58
d4e1e550-3be0-474e-8333-90baf1711314,Xuxa,Smiley,HP,D,17,Arcade,160,711,Bracket Jumps; Drills; Jacks,Unrecorded,Hard,20.58
25adb801-5efe-4c4f-b082-93488b04e8fd,Canon D - FULL SONG -,BanYa,KANG2,S,17,FullSong,160,888,Bracket Runs; Runs Without Twists; Sustained,Unrecorded,Medium,20.58
900ec620-53d1-4a61-b71c-228cc370fa31,I Want U,MAX,SUNNY,S,17,Arcade,156,842,Bursty; Runs; Runs Without Twists,Unrecorded,Hard,20.58
b8967c33-f709-45f1-bafd-3ef98198dc16,Monkey Fingers,BanYa,ANDAMIRO,D,17,Arcade,186,,Bracket Jumps; Doublesteps; Sustained,Unrecorded,Underrated,20.57
423261fb-5be2-4431-806a-3c019cb3fde3,Allegro Più Mosso,DM Ashura,HP,S,17,Arcade,160,731,Doublesteps; Footswitches; Jumps,Unrecorded,Hard,20.57
2dbf3bd6-87a5-47d5-a666-6043e8d0a7a7,Bring Back The Beat,Lunatic Sounds,HUGE,S,17,Arcade,160,963,Brackets; Bracket Jumps; Runs Without Twists,Unrecorded,Medium,20.57
b6294be4-6dd9-4ba4-8d39-d7378214cb8c,Higgledy Piggledy,BanYa Production,Rune,D,17,Arcade,150,611,Brackets; Bracket Jumps; Bracket Twists,Unrecorded,Hard,20.56
f6a5387e-5c3c-43c6-ae27-e9aaf593ca34,Nyarlathotep,Nato,EXC,S,17,Arcade,200,800,Jacks; Side-3 Singles; Twists,Unrecorded,Hard,20.55
bc23dd51-7363-44ad-b144-9540abdd0433,Hypnosis(SynthWulf Mix),BanYa & SynthWulf,BPM,S,17,Arcade,175,1065,Doublesteps; Drills; Jacks,Unrecorded,Hard,20.55
2812015f-0592-469a-b803-e4c1fb87c297,Caprice of Otada,BanYa Production,EHWA & ANDAMIRO,S,17,Arcade,160,692,Brackets; Bracket Twists; Footswitches,Unrecorded,Hard,20.54
8cc6125a-43ce-4def-a7b2-a80a7e53b680,Super Capriccio,SHK,EXC,S,17,Arcade,150,880,Anchor Runs; Runs Without Twists; Side-3 Singles,Unrecorded,Hard,20.54
d576b879-b5f8-4152-a1c1-970401c38444,Reminiscence,MAX,IMBA,D,17,Arcade,155,795,Doublesteps; Runs Without Twists; Yog Walks,Unrecorded,VeryHard,20.53
ba62fe1a-f038-416e-88e9-c684c8f7ed2e,The People didn't know,BanYa Production,BPM,D,17,Arcade,134,609,Drills; Runs; Twists,Unrecorded,VeryHard,20.53
d9856d58-6fd9-43bc-ad3e-afaff5f5708f,Obelisque,ESTi x M2U,MINAMI,S,17,Arcade,130,991,5-Stairs; Footswitches; Twists,Unrecorded,Hard,20.53
a71d1c7a-4661-474c-a817-e7ef68dc059c,Mr. Larpus,BanYa,Kwon Oh-Seok,D,17,Arcade,190,550,Runs; Runs Without Twists; Twists,Unrecorded,VeryHard,20.52
65789dc4-4cd5-4d36-b6f9-9689b4d7adde,Allegro Con Fuoco,DM Ashura,ESC,S,17,Arcade,156,892,Bracket Jumps; Bursty; Jumps,Unrecorded,VeryHard,20.52
be72b516-deb3-4aab-a31a-448f44eaa663,U Got 2 Know,MAX,BPM,S,17,Arcade,127,900,Runs; Runs Without Twists; Twists,Unrecorded,VeryHard,20.52
4e5861a8-aadf-4c69-9e81-a4d7fec99251,Phantom -Intermezzo-,BanYa Production,KANG2,D,17,Arcade,140,779,Drills; Jacks; Twists,Unrecorded,VeryHard,20.52
c7b5e6b1-ab3a-40a0-ae03-8bc735b158b6,Bullfighter's Song,BanYa Production,EHNE,S,17,Arcade,168,611,Bracket Twists; Drills; Twists,Unrecorded,Hard,20.52
8313fadf-b722-4a7f-acdd-f6503d025323,Passacaglia,SynthWulf,SANDSTORM,S,17,Arcade,175,969,Anchor Runs; Drills; Jacks,Unrecorded,Medium,20.51
e4fdb249-16ad-4811-b093-865fe4e7d85f,Further,Doin,BME,D,17,Arcade,194,900,Brackets; Bracket Jumps; Bracket Twists,Unrecorded,Hard,20.5
0b102009-842f-4dfd-a2d9-e1c84a156e0b,Rising Star,M2U,CONRAD,S,17,Arcade,140,844,Brackets; Bracket Jumps; Bracket Twists,Unrecorded,Hard,20.5
be8175d4-f16c-4cf4-b927-41eec96d5e92,Hymn of Golden Glory - SHORT CUT -,Essbee,GGWANG,D,17,ShortCut,244,700,Jumps; Splits; Sustained,Unrecorded,Hard,20.5
a821eed4-2f3a-4d09-a456-335c4ed43542,Turkey March -Minimal Tunes-,BanYa Production,BPM,S,17,Arcade,130,882,Anchor Runs; Side-3 Singles; Twists,Unrecorded,Hard,18.75
5355da41-0593-46de-b2f2-ce80314c6ef7,Cleaner,Doin,BPM,S,17,Arcade,203,865,Bursty; Footswitches; Twists,Unrecorded,Medium,18.74
11846cc4-ee5d-4034-8327-209bd20e6104,Utsushiyo No Kaze feat. Kana,void feat. Kana,EXC,S,17,Arcade,152,639,Doublesteps; Jacks; Jumps,Unrecorded,VeryHard,18.73
40b6ff7f-805b-4946-8d74-a7302fc331ad,Kimchi Fingers,Garlic Squad,EXC,D,17,Arcade,190,643,Co-op Pad Transitions; Runs; Twists,Unrecorded,VeryHard,18.68
af9a22bd-f6db-4773-99cf-302a372bd178,Rave'til the earth's end,5argon,OSING,S,17,Arcade,160,971,Bracket Jumps; Doublesteps; Jumps,Unrecorded,Medium,18.68
78b9ea74-0347-4a9b-8e69-2966535ecddf,Bee,BanYa,ANDAMIRO,S,17,Arcade,160,830,Drills; Hands; Twists,Unrecorded,Hard,18.66
78aaa17d-0522-4463-a2c4-9adc5db9619a,video out c,Vospi,NIMGO,S,17,Arcade,198,1015,Bursty; Drills; Twists,Unrecorded,Medium,18.66
83ad412b-88c2-4d4f-b91a-8ab5dd1bad0b,Acquire,ryhki,CONRAD,S,17,Arcade,155,843,Brackets; Bracket Drills; Jumps,Unrecorded,Hard,18.65
fbadef6e-9ab6-4061-ba3e-fb6d26c188da,Tepris,Doin,ESC,S,17,Arcade,144.9,781,Runs; Runs Without Twists; Sustained,Unrecorded,Hard,18.63
cc71e6e6-7d22-4f12-8dc4-0e8cb60442b0,Canon D,BanYa,MAXANGEL,D,17,Arcade,160,900,Bursty; Cross-pad Transitions; Twists,Unrecorded,Hard,18.61
ff467787-6483-4a90-9e73-07b1f6b3915f,Up & Up (Produced by AWAL),Skizzo ProducedBy AWAL,WINDFORCE,S,17,Arcade,150,900,5-Stairs; Doublesteps; Jumps,Unrecorded,Hard,18.61
41825f17-70fb-4db3-9c1d-9c4b17c06d52,Switronic - SHORT CUT -,SHK,EXC,S,17,ShortCut,120,602,5-Stairs; Runs; Runs Without Twists,Unrecorded,Hard,18.6
2d977aec-5061-4020-b9dc-986ab478273b,Passacaglia - SHORT CUT -,SynthWulf,ANDAMIRO,S,17,ShortCut,175,817,Anchor Runs; Bursty; Twists,Unrecorded,Hard,18.59
ebab7cb0-7712-4e13-9df8-98455e62c55f,Selfishness,SID-Sound,HP,S,17,Arcade,160,829,Anchor Runs; Bracket Jumps; Jacks,Unrecorded,VeryHard,18.58
7d0cf7f0-4b60-42a2-a298-ef89a6796bf4,Love is a Danger Zone,BanYa,BPM,D,17,Arcade,140,733,Brackets; Runs; Runs Without Twists,Unrecorded,Medium,18.54
e5ba8b61-6a24-4ab1-80d3-72e7cce3b79f,La Cinquantaine,Pory,NIMGO,D,17,Arcade,164,781,Bursty; Drills; Mid-6 Doubles,Unrecorded,VeryHard,18.53
63b16c80-bc5c-4f4c-84b7-153e5d563aa2,Chicken Wing,BanYa,HP,S,17,Arcade,200,835,Bursty; Drills; Jumps,Unrecorded,VeryHard,18.52
6eac7629-580d-44d6-9bb9-593685316bf9,Neo Catharsis,TAG underground overlay,EXC,S,17,Arcade,120 ~ 120,1000,Jacks; Jumps; Side-3 Singles,Unrecorded,Medium,18.52
fd9bba0f-f7ec-45bb-97e9-e13f3794d7d9,Your Mind,Roy Mikelate,WINDFORCE,S,17,Arcade,180,1000,Brackets; Bracket Drills; Bracket Runs,Unrecorded,Medium,18.43
17bd5104-2111-4101-8522-556f318db8fa,Fallen Angel,DM Ashura ft. Ariel,H. FELKER,S,17,Arcade,157,932,Brackets; Bracket Jumps; Runs Without Twists,Unrecorded,Hard,18.4
d0793769-8093-443f-addd-0d28607e560d,Moment Day,MAX,NIMGO,S,17,Arcade,155,,Bursty; Side-3 Singles; Twists,Unrecorded,Hard,18.4
05df9c93-dec0-4aeb-b508-9e94013aae91,The Festival of Ghost2 (Sneak),Brandy,EXC,D,17,Arcade,136,864,Anchor Runs; Runs; Runs Without Twists,Unrecorded,VeryHard,18.33
3f631e8c-73b6-429d-8e68-59f94437915a,Aragami,xi,FEFEMZ,S,17,Arcade,48 ~ 48,942,Bursty; Jacks; Side-3 Singles,Unrecorded,Medium,18.14
b02308ef-d3bc-47c7-9b1b-a9470d4ade0e,BOOOM!!,RiraN,DulKi,S,17,Arcade,160,847,Brackets; Bracket Runs; Bracket Twists,Unrecorded,Hard,18.11
705cd9db-ee42-4b6e-ba9b-ded605f33a45,Imprinting,Sakuzyo,BME,D,17,Arcade,175,884,Bursty; Jacks; Mid-4 Doubles,Unrecorded,Underrated,18.01
9c025b89-69f0-4785-a13e-94b26c33e1be,Monolith,Affinity,CONRAD,D,17,Arcade,196,837,10-Stairs; Bracket Jumps; Yog Walks,Unrecorded,Hard,17.96
013c1259-2f0d-47dd-ab1f-a86c23d85e21,YOU AND I,Dreamcatcher,EXC,S,17,Arcade,194,854,Brackets; Bracket Runs; Bracket Twists,Unrecorded,Medium,17.9
87b759f1-6d25-42a1-a697-b5e157f3bfdc,CROSS SOUL,HyuN feat. Syepias,NIMGO,S,17,Arcade,200,1087,Anchor Runs; Bursty; Side-3 Singles,Unrecorded,Medium,17.89
7ed6e7fb-e1ba-4968-854a-ec3e5edafdbc,Faster Z,Yahpp,HIDDEN PARTS,S,17,Arcade,162,676,Bursty; Runs; Runs Without Twists,Unrecorded,Hard,17.88
53a2158d-190e-431e-be0e-92399236bfa3,Dolly Kiss,SID-Sound,NIMGO,S,17,Arcade,149,1036,Bracket Twists; Staggered Brackets; Twists,Unrecorded,VeryHard,17.82
341dffbe-48dc-4c3b-b39c-57790f1ab8e0,Solitary,BanYa,HIDDEN PARTS,S,17,Arcade,136,713,Bracket Jumps; Staggered Brackets; Twists,Unrecorded,Hard,17.8
7b908771-9bd1-4284-9127-9cefb991feb8,Canon D,BanYa,BU8U,S,17,Arcade,160,766,Drills; Runs; Runs Without Twists,Unrecorded,Hard,17.8
263e807f-f5c3-4958-8003-aa73c6e66004,Love is a Danger Zone,BanYa,ANDAMIRO,S,17,Arcade,140,790,Anchor Runs; Runs; Sustained,Unrecorded,Medium,17.76
b33993a3-4140-469f-b743-3e0bcbc7361e,Darkside of The Mind,DJ Myosuke & Laur,refos,S,17,Arcade,220,999,Bracket Jumps; Footswitches; Jacks,Unrecorded,Medium,17.75
647ffd1d-f46b-41f2-b9df-439de65ee319,JANUS,MAX,CONRAD,S,17,Arcade,174,802,5-Stairs; Bursty; Twists,Unrecorded,Hard,17.72
ba28d18b-724c-459d-a446-035d2df0f13d,Sudden Appearance Image,Blacklolita,DulKi,S,17,Arcade,170,900,Bracket Jumps; Doublesteps; Twists,Unrecorded,Medium,17.7
b916f8ce-11aa-47e5-9810-411ca102c4b3,Death Moon,SHK,NIMGO,D,17,Arcade,160,941,Mid-4 Doubles; Mid-6 Doubles; Twists,Unrecorded,Medium,17.69
d149068c-7f81-413f-8315-396a969aa7e8,Pavane,Doin & V.A.,ANDAMIRO,D,17,Arcade,160,925,Bursty; Drills; Runs Without Twists,Unrecorded,Medium,17.57
42684dfd-7cd0-4fba-9f5e-d5d30234891e,Blaze emotion (Band version),Yahpp,NIMGO,S,17,Arcade,170,,Bracket Drills; Bracket Jumps; Bracket Twists,Unrecorded,,
ca0e8925-9b60-44a0-9d28-dc3b86ce8be7,Chopsticks Challenge - FULL SONG -,Yahpp,ANDAMIRO,S,17,FullSong,128,,5-Stairs; Sustained; Twists,Unrecorded,,
126f656e-47d1-4ad8-a19e-415f7a558e0e,Elise,DM Ashura,BPM,D,17,Arcade,162,,Bracket Jumps; Bursty; Cross-pad Transitions,Unrecorded,,
5fcf8666-dc3f-40fa-8d38-4bfd0a74a81b,Monkey Fingers 2,BanYa Production,MSGOON,S,17,Arcade,180,,Brackets; Bursty; Doublesteps,Unrecorded,,
dde88d22-e34b-49e9-8e9b-3152d9f5b22c,Rage of Fire,MAX,OSING,D,17,Arcade,155,924,Bracket Jumps; Bursty; Mid-4 Doubles,Unrecorded,Medium,17.5
78c73ba5-e8e2-474e-a92c-e3714e4df24c,MilK,Morimori Atsushi,FEFEMZ,S,17,Arcade,155,812,Brackets; Bracket Jumps; Bracket Twists,Unrecorded,Medium,17.49
39b913f2-1339-4d89-9541-b9452a43e3cf,Baroque Virus,Zircon,HP,S,17,Arcade,135,829,5-Stairs; Drills; Twists,Unrecorded,Hard,17.49
8934f968-4986-45d1-8d47-442555347df7,Tek -Club Copenhagen-,BanYa Production,BPM,D,17,Arcade,132,601,Bracket Twists; Jumps; Twists,Unrecorded,VeryHard,17.47
994fb076-3aad-408b-883c-1049b3a32303,Ultimatum,Cosmograph,EXC,S,17,Arcade,202,1000,Doublesteps; Jacks; Runs Without Twists,Unrecorded,Medium,17.44
e2bf158f-96d4-4f9d-9e11-713b749820e5,Alice in Misanthrope,LeaF,CONRAD,S,17,Arcade,154 ~ 154,919,Brackets; Bursty; Jumps,Unrecorded,Hard,17.44
b64078b8-a015-405c-9123-89f98176d539,Silhouette Effect - SHORT CUT -,Nato,EXC,D,17,ShortCut,167,693,Bursty; Drills; Mid-4 Doubles,Unrecorded,Hard,17.44
27f9c867-7194-4499-bd45-085516dc086c,Bad Apple!! feat. Nomico,Masayoshi Minoshima feat. Nomico,NIMGO,S,17,Arcade,138,958,Bracket Jumps; Sustained; Twists,Unrecorded,Medium,17.43
20bfe823-c793-4cea-acb5-5c2e43f6111a,Arcana Force,mzet:-P,OSING,D,17,Arcade,175,926,Bracket Jumps; Mid-4 Doubles; Mid-6 Doubles,Unrecorded,Hard,17.43
00e6d65d-7b72-44f0-8e32-d664c53880fb,Till the end of time,BanYa,MIKEFS,S,17,Arcade,140,1014,5-Stairs; Sustained; Twists,Unrecorded,Medium,17.43
15e248f6-a36e-4d15-aab4-e90576b5e146,Tritium,Memme,OSING,S,17,Arcade,180,1023,Bursty; Drills; Side-3 Singles,Unrecorded,Medium,17.43
ca26ea2e-fb5e-4ba4-8058-6ff79acfa235,Ugly Dee,BanYa Production,EHNE,D,17,Arcade,92,71,Brackets; Bracket Jumps; Bracket Twists,Unrecorded,Medium,17.41
6d6de3e0-b779-440c-82d9-404dffa9f2cd,Mopemope,LeaF,EXC,S,17,Arcade,100,900,Bracket Jumps; Staggered Brackets; Twists,Unrecorded,Hard,17.41
443448ad-7723-4a0a-841c-12e870923ff4,Sorceress Elise,YAHPP,BPM,S,17,Arcade,158,1020,5-Stairs; Bursty; Side-3 Singles,Unrecorded,Medium,17.4
d9cd2010-a134-4c2b-9862-7b8aed8ff3c9,Follow Me,SHK,EXC,D,17,Arcade,155,848,Anchor Runs; Brackets; Bracket Twists,Unrecorded,Medium,17.39
aebadae3-74c8-4f0c-b89d-26127da5e8c8,INVASION,D_AAN,SPHAM,S,17,Arcade,220,963,5-Stairs; Bracket Twists; Doublesteps,Unrecorded,Medium,17.38
8155179a-6a3a-4b65-855b-b73e2632f5c5,Waltz of Doge,Cashew,CONRAD,S,17,Arcade,250,813,Drills; Runs; Runs Without Twists,Unrecorded,Medium,17.37
c5d38762-7cf5-4610-a20e-e3a45f8b1c3b,Nyarlathotep,Nato,EXC,D,17,Arcade,200,700,Runs; Sustained; Twists,Unrecorded,VeryHard,17.36
bb121d06-28ce-446a-9ea0-c11d17f45d3e,F(R)IEND,D_AAN,OSING,D,17,Arcade,200,850,Bursty; Drills; Mid-4 Doubles,Unrecorded,Medium,17.35
c888a1fd-529f-4885-a97a-e9084609d024,Travel to Future,Neutral Moon,CONRAD,S,17,Arcade,160,803,Jacks; Runs; Runs Without Twists,Unrecorded,Medium,17.35
7020533e-a8c1-40e1-ba50-848dc3dc4f9a,Lepton Strike,Nato,OSING,D,17,Arcade,183,904,Co-op Pad Transitions; Drills; Mid-4 Doubles,Unrecorded,Medium,17.35
970e46d9-54cf-4501-9d90-f28dc2958098,Donatello,Triplestar,NIMGO,S,17,Arcade,175,808,5-Stairs; Bursty; Footswitches,Unrecorded,VeryHard,17.35
310c5f07-73d3-4ee3-a771-511bc94e3d66,Death Moon,SHK,NIMGO,S,17,Arcade,160,1089,Anchor Runs; Bracket Twists; Twists,Unrecorded,Medium,17.34
b361b1d6-7fd2-4f10-b2e2-a87c88d1148c,Switronic,SHK,CONRAD,S,17,Arcade,120 ~ 120,913,Runs; Runs Without Twists; Sustained,Unrecorded,Medium,17.33
82d37e01-92c9-49b0-ac58-05adccd62650,Houseplan,Houseplan,SUNNY,S,17,Arcade,128,903,Bracket Jumps; Jacks; Twists,Unrecorded,Hard,17.32
86003fc7-2d49-4aaf-a962-962407c590a0,ASDF,Doin,HP,S,17,Arcade,170,958,5-Stairs; Anchor Runs; Drills,Unrecorded,Medium,17.32
f443fdde-8a03-4584-a158-f902a9901fda,Good Night,Dreamcatcher,NIMGO,S,17,Arcade,196,956,Bursty; Doublesteps; Drills,Unrecorded,Medium,17.31
7796f3e6-f098-4888-ad9c-f95ef999df13,Follow Me,SHK,EXC,S,17,Arcade,155,1013,Anchor Runs; Doublesteps; Drills,Unrecorded,Medium,17.29
2741a4ce-0542-4513-b72c-ee1851cfb3db,Rush-Hour,litmus*,FEFEMZ,D,17,Arcade,112,996,Bursty; Mid-4 Doubles; Mid-6 Doubles,Unrecorded,Medium,17.29
a72c3150-4e4b-49c6-8f5e-01bd31870b7e,Macaron Day,HyuN,SPHAM,S,17,Arcade,173,997,Brackets; Bursty; Jumps,Unrecorded,VeryHard,17.28
90e22009-5940-4f19-b4b6-a6a5cf669b27,Chobit Flavor,aran & t+pazolite,CONRAD,D,17,Arcade,180,787,Anchor Runs; Doublesteps; Mid-6 Doubles,Unrecorded,Hard,17.28
7cea5569-809e-4dd4-a894-64254ed49cce,V3,Beautiful Day,NIMGO,S,17,Arcade,160,851,Bracket Jumps; Bracket Twists; Twists,Unrecorded,Medium,17.28
3a92bba0-3b93-4adf-b624-776dd72704f7,Heart Rabbit Coaster,Nato,FEFEMZ,S,17,Arcade,200,967,Bursty; Doublesteps; Jacks,Unrecorded,Medium,17.27
25c401b6-0ed0-4f39-925a-6d4159819334,Becouse of You,Srav3R & USAO,FEFEMZ,D,17,Arcade,175,954,Bracket Twists; Bursty; Doublesteps,Unrecorded,VeryHard,17.27
0ed7a446-be56-4f35-8dc0-16f70e595461,You Got Me Crazy,MAX,EXC,S,17,Arcade,128,861,5-Stairs; Jumps; Twists,Unrecorded,Medium,17.27
3ee1b982-89b6-441c-8ccd-f6fb798e58cd,We Got 2 Know,MAX,BPM,S,17,Arcade,128,888,5-Stairs; Runs; Twists,Unrecorded,Hard,17.27
0c70bba4-3608-4b80-a838-7f51a61bcf2f,New Rose,Hommarju,CONRAD,D,17,Arcade,190,834,Anchor Runs; Mid-6 Doubles; Runs Without Twists,Unrecorded,Medium,17.26
d84a918f-9a25-41a8-b8e9-b5f6f951e189,Achluoias,D_AAN,EXC,S,17,Arcade,200,1072,Brackets; Bursty; Drills,Unrecorded,Medium,17.25
e0cdf009-67b7-40c3-b1e3-0b7085898511,THE REVOLUTION,MAX & DOOM,CONRAD,S,17,Arcade,160,929,Anchor Runs; Runs; Runs Without Twists,Unrecorded,Medium,17.24
b57fdf0a-92b7-43e3-96ba-2a570b7b7095,Punishment Restaurant,memme,JUNARE,S,17,Arcade,175,1026,Bursty; Jacks; Side-3 Singles,Unrecorded,Hard,17.24
1fb9bffb-44e2-4bfc-b9dd-8f650079ed92,Big Daddy,USAO,FEFEMZ,D,17,Arcade,190,885,Brackets; Doublesteps; Mid-4 Doubles,Unrecorded,Hard,17.23
0f38c971-0cb6-4b23-80e1-5eefb1fd4a74,Smile Diary,you,NIMGO,D,17,Arcade,175,928,Bracket Jumps; Bursty; Yog Walks,Unrecorded,Medium,17.21
29318994-51d6-47bf-bf69-8c386e77edb4,Storm,KOYOTE,CONRAD,D,17,Arcade,139,660,Bursty; Drills; Twists,Unrecorded,Medium,17.2
509d05af-6b42-49e8-8198-fda27bf570e2,Stardust Overdrive - SHORT CUT -,typeMARS,EXC,D,17,ShortCut,175,847,Bracket Drills; Bracket Runs; Staggered Brackets,Unrecorded,Hard,17.2
9696fbc6-cf4d-4d0e-8c87-7db3db101528,Achluoias,D_AAN,EXC,D,17,Arcade,200,932,Co-op Pad Transitions; Cross-pad Transitions; Sustained,Unrecorded,Medium,17.2
f260fd34-40a7-471d-9363-9052b99b0160,CHAOS AGAIN,NAOKI underground -Ω-,SPHAM,D,17,Arcade,150 ~ 150,750,Jacks; Sustained; Twists,Unrecorded,Medium,17.2
07eda091-d405-4dc8-a41e-d8f4474d3035,Lacrimosa,Fiverwater,SUNNY,S,17,Arcade,210,825,Bracket Twists; Footswitches; Jacks,Unrecorded,Medium,17.19
cb2b371b-0aee-41dc-9d68-4db2b4c0bce6,Ice of Death,Fiverwater,CONRAD,D,17,Arcade,172,882,Bursty; Drills; Mid-6 Doubles,Unrecorded,Medium,17.18
986b1a53-4501-47c2-a1f2-841a18d00db3,Storm,KOYOTE,CONRAD,S,17,Arcade,139,955,Anchor Runs; Runs; Runs Without Twists,Unrecorded,Medium,17.17
4bc1a40d-c86e-44de-a5bc-71ec5f55f2a9,VANISH,Applesoda,OSING,S,17,Arcade,174,1067,Anchor Runs; Brackets; Bracket Jumps,Unrecorded,Medium,17.17
d9ada600-a20f-498c-a5ab-76109f6948fa,Crossing Delta,t+pazolite + Ginkiha + Hommarju,SPHAM,S,17,Arcade,180,888,Doublesteps; Jacks; Jumps,Unrecorded,Medium,17.15
ac2446c7-3a22-4449-bc8e-bbc1575ed0dc,District 1,MAX,WINDFORCE,D,17,Arcade,158,907,Brackets; Bracket Jumps; Yog Walks,Unrecorded,Medium,17.15
eb1c33ce-7c29-4f39-b085-c1c5526b8e62,Murdoch vs Otada,ESPITZ vs WONDERTRAVELER Project,FEFEMZ,D,17,Arcade,180,768,Anchor Runs; Bursty; Drills,Unrecorded,Medium,17.14
babb2206-ea37-4b93-8409-f6a7e17a7016,Asterios -ReEntry-,ATAS,NIMGO,S,17,Arcade,148,868,Drills; Runs; Runs Without Twists,Unrecorded,VeryHard,17.11
a068da5c-d607-43ed-8a7f-a5a18e30c121,Super Stylin',Warak,AYAPPING,S,17,Arcade,146,877,Bracket Jumps; Sustained; Twists,Unrecorded,Medium,17.11
1b25a54b-086f-4b11-8292-311170266717,XX OPENING - SHORT CUT -,MAX,SUNNY,D,17,ShortCut,175,712,Bracket Jumps; Bursty; Cross-pad Transitions,Unrecorded,Hard,17.11
80573d26-aaf6-43b5-95c0-9ca8615299a7,Gun Rock,BanYa Production,BPM,S,17,Arcade,104,707,Anchor Runs; Bursty; Side-3 Singles,Unrecorded,Hard,17.11
5e5af637-2c94-4628-8b2f-41c2c8816f38,King’s Tomb,r300k,refos,S,17,Arcade,113,1000,,Unrecorded,Medium,17.11
e758c3bf-4e5b-4069-883a-3acda8908ae7,Hungarian Dance V,BanYa Production,SANDSTORM,D,17,Arcade,145,829,Bursty; Doublesteps; Jumps,Unrecorded,Medium,17.1
b5d897a3-60bf-4a3d-99dc-01a4397aeb31,Hello William,BanYa Production,BPM,S,17,Arcade,170,744,Anchor Runs; Runs; Runs Without Twists,Unrecorded,Hard,17.07
0d9c8317-fb78-4e7f-94fa-36f1670c2424,GLORIA,Croire,CONRAD,S,17,Arcade,245,961,Brackets; Bracket Drills; Bracket Runs,Unrecorded,Easy,17.07
98ac9193-9faa-4d57-9128-ff50cee97a07,Windmill,Yak Won,BPM,S,17,Arcade,246,882,Anchor Runs; Runs; Runs Without Twists,Unrecorded,Medium,17.05
03f4cb9e-34b3-4da6-8e17-79c1ef77cda5,Cross Time,Brandy,CONRAD,D,17,Arcade,160,898,Drills; Mid-4 Doubles; Runs Without Twists,Unrecorded,Hard,17.04
466f904f-e28e-4798-9381-e5541466498f,Feel My Happiness,3R2,NIMGO,S,17,Arcade,175,911,5-Stairs; Side-3 Singles; Twists,Unrecorded,Hard,17.02
f08e6bc0-0ff8-443a-80ec-79243a89c116,Violet Perfume,SHK,BANNIE,S,17,Arcade,145,938,Side-3 Singles; Sustained; Twists,Unrecorded,Medium,17
57d9928e-c687-4485-a2fb-b26c8589924c,YOU AND I,Dreamcatcher,OSING,D,17,Arcade,194,949,Bracket Jumps; Bursty; Mid-4 Doubles,Unrecorded,Medium,16.99
f65fa42f-2a49-4f54-9f3a-723abac56161,Tantanmen,Memme,SUNNY,S,17,Arcade,185,888,Bursty; Doublesteps; Drills,Unrecorded,Medium,16.97
8bd2ab31-69ef-426d-bba6-51ad6950fb34,All I Want For X-mas,BanYa,SUNNY,S,17,Arcade,130,789,Brackets; Bracket Jumps; Twists,Unrecorded,Hard,16.97
9f5b335a-6d3b-428d-a19b-8d50c1c2bae9,Night Duty,A.V.,ANDAMIRO,S,17,Arcade,140,790,5-Stairs; Bracket Jumps; Bracket Twists,Unrecorded,VeryHard,16.96
caff0bce-548a-4158-a8ed-2851b0517821,Yog-Sothoth,Nato,NIMGO,S,17,Arcade,200,1098,Doublesteps; Drills; Side-3 Singles,Unrecorded,Medium,16.95
134259a0-2523-4505-acd1-a1d21ac515c0,U Got Me Rocking - SHORT CUT -,MAX,WINDFORCE,D,17,ShortCut,128,673,Bracket Jumps; Doublesteps; Twists,Unrecorded,Medium,16.95
38306996-301a-46a1-8a6c-de206eabce76,Burn Out,WyvernP,BME,S,17,Arcade,190,826,Brackets; Bracket Jumps; Jumps,Unrecorded,Medium,16.94
7cc098d7-1445-402c-a92b-f2a3aa0cff3e,Unfelicitas,Fiverwater,SUNNY,S,17,Arcade,192,800,,Unrecorded,Medium,16.93
4603099c-a520-4085-a7d5-5bd6529e611f,Over the Horizon,Yamajet,FEFEMZ,S,17,Arcade,190,861,Bracket Jumps; Jumps; Side-3 Singles,Unrecorded,Easy,16.93
d8f6470a-fdf0-418b-b3d1-9dfb572a4405,Ragnarok,SynthWulf,CONRAD,D,17,Arcade,170,926,Bracket Jumps; Cross-pad Transitions; Twists,Unrecorded,Medium,16.93
d83fe7b7-b344-4f64-8df6-7b8b6259e5c6,QUATTUORUX,打打だいず Vs. Tanchiky Vs. からめる,FEFEMZ,D,17,Arcade,220,995,Doublesteps; Jacks; Twists,Unrecorded,Hard,16.92
43556853-01a9-4657-858d-f9d38cbeb5c5,U Got Me Rocking,MAX,HP,S,17,Arcade,128,967,Jacks; Side-3 Singles; Twists,Unrecorded,Hard,16.92
6ce119a2-0d92-414d-a0ee-955df42569e7,Chase Me,Dreamcatcher,NIMGO,S,17,Arcade,200,1100,Anchor Runs; Drills; Jumps,Unrecorded,Easy,16.92
6836c30a-1c4b-48c5-9c88-0db92e8d6045,Showdown,litmus*,CONRAD,S,17,Arcade,130,795,Bracket Jumps; Doublesteps; Jumps,Unrecorded,Medium,16.91
686ed5d2-a359-4014-a911-053105407642,"Phalanx ""RS2018 edit""",Cranky vs kors k,SPHAM,S,17,Arcade,145,885,Jacks; Runs Without Twists; Sustained,Unrecorded,Medium,16.91
1aa83f73-6517-4270-88cc-f715e2bb3e04,ALiVE,REDALiCE,SPHAM,D,17,Arcade,170,793,Co-op Pad Transitions; Cross-pad Transitions; Sustained,Unrecorded,Medium,16.9
0f03d9a6-d7a6-4a72-a364-e00055f3614a,Will-O-The-Wisp,BanYa,ANDAMIRO,D,17,Arcade,210,550,Anchor Runs; Co-op Pad Transitions; Jacks,Unrecorded,Medium,16.9
cbfac1bb-1e4c-4b99-9ba7-3ace18da1ea5,Odin,Gram,SPHAM,S,17,Arcade,200,999,5-Stairs; Jacks; Twists,Unrecorded,Medium,16.9
2c24f864-4bf5-452c-9e95-3db6190547a7,Little Munchkin,Castellia,OSING,D,17,Arcade,180,910,Bursty; Co-op Pad Transitions; Doublesteps,Unrecorded,Medium,16.89
9fe08e9f-931b-4729-9b30-7e609383a9a7,STEP,SID-Sound,NIMGO,S,17,Arcade,156,930,Bracket Jumps; Doublesteps; Jumps,Unrecorded,Medium,16.89
99f4ba13-bfe1-44e0-b8f3-5b8772c0f5d5,Euphorianic - SHORT CUT -,SHK,,S,17,ShortCut,,711,Runs; Runs Without Twists; Sustained,Unrecorded,Medium,16.88
6aebe679-88e9-4d06-bc71-e4169f6317cb,wither garden,uma feat. Kanon Tachibana,CONRAD,S,17,Arcade,168,906,Bursty; Jumps; Runs Without Twists,Unrecorded,Medium,16.87
2c918104-9041-4ea4-8251-3ef3e32aea98,Freedom Dive,xi,EXC,S,17,Arcade,222.22,950,Hold Footslides; Jacks; Sustained,Unrecorded,Medium,16.87
b56870d0-fd45-42b0-9411-40b9652b7a1b,Vacuum,Doin,DulKi,D,17,Arcade,200,627,Anchor Runs; Jacks; Jumps,Unrecorded,Medium,16.87
3366b497-c3cb-4087-8838-c6c730c3bf8c,Rolling Christmas,BanYa,SUNNY,S,17,Arcade,142,935,Bursty; Side-3 Singles; Twists,Unrecorded,Medium,16.86
354c5097-59d5-419f-a99a-240922fb4773,DIE ANOTHER DAY,TNX,NIMGO,S,17,Arcade,98,1090,Brackets; Bracket Runs; Doublesteps,Unrecorded,Medium,16.86
c08e5b6e-49d0-4332-a8d4-48e08fc33507,Ice of Death,Fiverwater,CONRAD,S,17,Arcade,172,908,Anchor Runs; Bursty; Drills,Unrecorded,Easy,16.84
821e6719-8712-4e1a-b52c-0c74020f437d,Binary star,SYNTHWULF,NIMGO,S,17,Arcade,170,1014,Brackets; Doublesteps; Sustained,Unrecorded,Medium,16.83
bc2ca2e5-9e74-470e-ac37-0cdd9bc9d23a,Awakening,typeMARS,OSING,D,17,Arcade,150,926,Bursty; Co-op Pad Transitions; Mid-6 Doubles,Unrecorded,Hard,16.82
2408335f-6e7d-4c24-bd96-a73e1cb20d9a,Move That Body!,DM Ashura feat. Skizzo & Hanna Stockzell,NIMGO,S,17,Arcade,145,900,Bursty; Doublesteps; Jumps,Unrecorded,Hard,16.82
d9779b6f-9c9c-479e-bd5e-f22d37b5f8fb,U Got Me Rocking - SHORT CUT -,MAX,SANDSTORM,S,17,ShortCut,128,814,5-Stairs; Side-3 Singles; Twists,Unrecorded,Medium,16.81
0c9b0f62-5b61-4b9d-a75f-9bc05158a76d,BATTLE NO.1,TANO*C Sound Team,DulKi,S,17,Arcade,200,921,Drills; Jacks; Jumps,Unrecorded,Easy,16.8
583fac91-27a8-4068-8462-9f969be53219,Earendel,Palami feat.neur6sia,SUNNY,S,17,Arcade,180,802,Anchor Runs; Bursty; Jacks,Unrecorded,Medium,16.79
1c2f0cf4-ac39-4679-a862-c832d8710799,Pupa,Morimori Atsushi,DulKi,S,17,Arcade,202,853,Jumps; Sustained; Twists,Unrecorded,Easy,16.78
e6e8e857-7731-4d16-85fd-f567563103f9,Cygnus,Nato,SUNNY,S,17,Arcade,188,933,Bracket Jumps; Jacks; Side-3 Singles,Unrecorded,Medium,16.78
6baeb750-f80b-4a28-92af-2dc9cd354a35,The End of the World ft. Skizzo,MonstDeath feat. Skizzo,SUNNY,D,17,Arcade,150,800,Bracket Jumps; Bracket Twists; Twists,Unrecorded,Hard,16.78
f854e8e7-5b05-4b53-ad74-0c3a6bc47e85,Rising Star,M2U,CONRAD,D,17,Arcade,140,792,Anchor Runs; Drills; Mid-6 Doubles,Unrecorded,Hard,16.77
f5ecc3b0-9a83-4e37-96ca-d71376bf464a,Stardream -Eurobeat Remix-,MAX x Cashew x Dave Rodgers,CONRAD,S,17,Arcade,160,959,Bursty; Jacks; Runs Without Twists,Unrecorded,Easy,16.75
079dc34d-b8a1-4c15-ace4-556b4dedf910,E.O.N,HiTECH NINJA,CONRAD,S,17,Arcade,165,1005,Bursty; Runs Without Twists; Side-3 Singles,Unrecorded,Easy,16.75
b3b72c22-5968-4e0c-a354-841e0a0a05d0,Kokugen Kairou Labyrinth,A:llhα & ANE & 2riA,CONRAD,S,17,Arcade,215,1000,Brackets; Bursty; Doublesteps,Unrecorded,Easy,16.73
fed5a483-8506-4527-a0d8-2e0453b999ce,God Mode 2.0 feat. Skizzo,Nato feat. Skizzo,NIMGO,S,17,Arcade,155,971,Anchor Runs; Drills; Runs Without Twists,Unrecorded,Medium,16.72
42e35d39-e613-46f5-b98f-1c0723751694,Arch of Darkness,Yahpp,ANDAMIRO,S,17,Arcade,135.9,813,Bursty; Jumps; Side-3 Singles,Unrecorded,VeryHard,16.71
45888741-3aa4-47a0-8b86-01b7ae6b969a,Headless Chicken,r300k,AEVILUX,D,17,Arcade,90.5,800,Drills; Footswitches; Jacks,Unrecorded,Medium,16.7
6ef8651d-8552-4aae-8445-830aefd058bf,T.B.H,QWER,NIMGO,S,17,Arcade,178,1024,Doublesteps; Jumps; Side-3 Singles,Unrecorded,Medium,16.69
2aca65df-3a88-42f1-af2e-d33b959c469a,Demon of Laplace,Quree,NIMGO,S,17,Arcade,144,1014,Anchor Runs; Runs; Runs Without Twists,Unrecorded,Easy,16.68
407776ab-4079-4a26-a3c9-b167dc9a0713,Can I friend you on Bassbook? lol,Camellia & Nanahira,DulKi,S,17,Arcade,128,877,Doublesteps; Jumps; Twists,Unrecorded,Medium,16.66
4075b642-81f5-492d-8e55-679c7f699805,Nyan-turne (feat. KuTiNA),Cashew & Castellia,SUNNY,D,17,Arcade,202.1,778,Footswitches; Jacks; Jumps,Unrecorded,Medium,16.65
47d1154d-38af-4d60-9001-366f929ed6b5,Telling Fortune Flower,Koharu feat. Renyata,NIMGO,S,17,Arcade,200,1076,Bursty; Drills; Sustained,Unrecorded,Medium,16.65
4d653fab-509e-415f-b7f4-2535cbbf1f17,Sudden Appearance Image,Blacklolita,DulKi,D,17,Arcade,170,777,Bracket Jumps; Bracket Twists; Hold Footslides,Unrecorded,Medium,16.64
446453d1-f014-494e-afb3-ba273815439f,Imprinting,Sakuzyo,EXC,S,17,Arcade,175,1000,Anchor Runs; Bursty; Jacks,Unrecorded,Easy,16.62
3d21c057-159e-4baa-9d2c-ec8a702a7754,Cosmical Rhythm,SID-Sound,SUNNY,S,17,Arcade,128,1027,Footswitches; Jumps; Sustained,Unrecorded,Medium,16.62
c72439b8-409a-4f58-b8a3-d429f5900d44,Indestructible,Matduke,SUNNY,S,17,Arcade,174,900,5-Stairs; Anchor Runs; Side-3 Singles,Unrecorded,Medium,16.61
e3627eac-e2c3-4be1-9140-2436627806e9,Can-can ~Orpheus in The Party Mix~ - SHORT CUT -,Sr. Lan Belmont,EXC,D,17,ShortCut,195,678,Cross-pad Transitions; Splits; Twists,Unrecorded,Easy,16.6
e4f1bd97-9da6-4e20-919c-355e9362f216,Last Rebirth,SHK,BANNIE,D,17,Arcade,120,907,Brackets; Bracket Jumps; Bracket Twists,Unrecorded,Medium,16.6
4e48f139-1c13-46de-bff6-4798ab17adbc,Etude OP 10-4,MAX,SUNNY,S,17,Arcade,176,1033,Bursty; Doublesteps; Twists,Unrecorded,Easy,16.59
d4265872-03d7-4de6-b4cf-cb0d95609f08,That Kitty (PIU Edit.),MonstDeath,SPHAM,S,17,Arcade,190,930,Side-3 Singles; Sustained; Twists,Unrecorded,Medium,16.58
e3819f94-91a7-4006-93fd-1814772c5d31,Airplane,TYPHOON,NIMGO,S,17,Arcade,120,1100,5-Stairs; Doublesteps; Twists,Unrecorded,Medium,16.57
7893c6b2-53f2-43e6-b029-40db33db66ab,Vanish 2 - Roar of the invisible dragon,Applesoda,SPHAM,S,17,Arcade,190,830,Brackets; Bursty; Drills,Unrecorded,Medium,16.56
a37c1fae-ca42-40f7-85ab-5d330215f046,SWEET WONDERLAND,MAX feat. ankimo,CONRAD,S,17,Arcade,170,1034,Bursty; Doublesteps; Twists,Unrecorded,Medium,16.56
9c13fefa-e9eb-4dfd-aa85-b9d4825f79cd,Jupin,Sobrem,DulKi,S,17,Arcade,173,888,Bursty; Drills; Jacks,Unrecorded,Medium,16.56
a5052b74-1262-4052-8882-876253eb0313,Till the end of time,BanYa,BU8U,D,17,Arcade,140,726,Bracket Twists; Mid-6 Doubles; Twists,Unrecorded,Medium,16.55
c6c02464-8098-452f-9921-8a0aee8264b9,Club Night,Matduke,AEVILUX,S,17,Arcade,170,968,5-Stairs; Anchor Runs; Sustained,Unrecorded,Medium,16.55
478b198b-49ca-43fc-8738-537f97048069,Force of Ra,Memme,NIMGO,S,17,Arcade,180,1002,Side-3 Singles; Sustained; Twists,Unrecorded,Medium,16.53
8324867e-9d6a-4f57-bf8d-a5734d655576,Crash-Landing Rendezvous,Xyris,FEFEMZ,D,17,Arcade,128 ~ 128,979,Bursty; Mid-4 Doubles; Mid-6 Doubles,Unrecorded,Medium,16.52
c5d385b8-5745-4b3d-971e-3d047384a084,Repentance,Abel,WINDFORCE,D,17,Arcade,240,800,Runs Without Twists; Sustained; Yog Walks,Unrecorded,Easy,16.52
4ab3ed26-840c-4415-9eed-1ad3064bf826,Money,BanYa Production,MSGOON,D,17,Arcade,130,601,Drills; Runs; Runs Without Twists,Unrecorded,Hard,16.52
5a7d75c8-a38c-4453-ab90-4de6aae58fc1,Hyperion,M2U,OSING,S,17,Arcade,145,1161,Bracket Jumps; Doublesteps; Twists,Unrecorded,Easy,16.51
cd0c4cbb-15a2-4a55-8cdd-b8c5250e88a1,Lucky Star,INFX feat. Miori Celesta,CONRAD,S,17,Arcade,180,985,,Unrecorded,Medium,16.5
473be674-581f-4597-bc97-f9f10325d189,Rush-More,litmus*,SPHAM,D,17,Arcade,160,750,Jumps; Sustained; Twists,Unrecorded,Medium,16.49
563aecb4-574a-46ea-b904-5ad17d874adb,Butterfly,MAX & Rorychesell (SID-SOUND),BPM,D,17,Arcade,128,834,Anchor Runs; Mid-6 Doubles; Twists,Unrecorded,Hard,16.46
915559de-83f8-4d7d-a943-ae9ef946e11d,Point Zero One,SynthWulf,NIMGO,D,17,Arcade,170,857,Anchor Runs; Mid-4 Doubles; Mid-6 Doubles,Unrecorded,Easy,16.45
36269e11-55a6-4879-8655-0a5ad0151de6,Ghroth,nato,DulKi,D,17,Arcade,212,777,10-Stairs; Anchor Runs; Runs Without Twists,Unrecorded,Easy,16.42
eda33d32-5a2c-49c2-bbf5-0fcdc9b3e0bb,Black Dragon,Memme,MINAMI,D,17,Arcade,162,765,Bursty; Cross-pad Transitions; Mid-4 Doubles,Unrecorded,Medium,16.34
d89b0725-6e42-452d-83d5-ad6f3fd41d95,Keep On!,AmamoriP,OSING,D,17,Arcade,185,933,Anchor Runs; Doublesteps; Mid-4 Doubles,Unrecorded,Hard,16.33
a0e0a3db-5a4e-4137-a6fb-2ad8ab1f5e23,The Reverie,uma,CONRAD,S,17,Arcade,150,907,Jumps; Runs; Runs Without Twists,Unrecorded,Medium,16.31
cb9a6bb3-5174-48ce-8621-74801c09cc52,TRICKL4SH 220,Lite Show Magic,CONRAD,D,17,Arcade,220,853,Bursty; Jumps; Mid-6 Doubles,Unrecorded,Easy,16.27
0091f764-91a7-43a9-b599-aa5ed01c4e4e,Break Through Myself feat. Risa Yuzuki,DJ Myosuke & Laur,CONRAD,D,17,Arcade,200,950,Anchor Runs; Mid-6 Doubles; Runs Without Twists,Unrecorded,Easy,16.18
a47e2f7e-b01d-4ed1-b3b3-7aebc3ecf4e8,Dreamchasers,s-don,GGWANG,D,17,Arcade,155,1000,Bursty; Drills; Mid-4 Doubles,Unrecorded,Medium,16.01
78a5d7b2-7a3d-405e-84c3-7e7c782c5ef9,Le Nozze di Figaro ~Celebrazione Remix~,Unknown,,S,17,Arcade,172,830,Brackets; Bracket Twists; Twists,Unrecorded,Easy,15.96
617a8173-71af-4a3c-9382-956191157bd3,Halloween Party ~Multiverse~,SHK,,D,17,Arcade,160,871,Co-op Pad Transitions; Cross-pad Transitions; Twists,Unrecorded,Hard,15.94
582e3144-852c-4e30-bed6-dfa7e89039c8,Nostalgia,Woody,CONRAD,S,17,Arcade,100,870,Doublesteps; Sustained; Twists,Unrecorded,Easy,15.93
f53d2a92-875b-411c-b94f-81c3cde618ee,SUPER☆HARAGURO☆POP,Zekk,refos,D,17,Arcade,160,888,Bracket Jumps; Drills; Jacks,Unrecorded,Medium,15.93
b6858621-faf5-484c-b2ea-9cc1420d25c3,Forgotten Vampire,WyvernP,SUNNY,D,17,Arcade,137,790,Bursty; Mid-6 Doubles; Twists,Unrecorded,Medium,15.91
7182b8ed-ec8c-4041-bc9a-526381eeb6ab,Smells Like A Chocolate,Vospi,ESC,S,17,Arcade,175.9,837,Anchor Runs; Runs; Runs Without Twists,Unrecorded,Medium,15.88
9d384138-e2ea-4e5d-82a9-238fea747f86,Aragami,xi,FEFEMZ,D,17,Arcade,48 ~ 48,746,10-Stairs; Runs; Staggered Brackets,Unrecorded,Easy,15.84
1c3a1f26-0cd4-4b9e-bc83-9054708145b1,Latino Virus,Warak,HP,S,17,Arcade,170,910,Anchor Runs; Bursty; Twists,Unrecorded,Hard,15.84
e13414f1-bcf6-4f01-9005-07f39cb2f682,Mopemope,LeaF,EXC,D,17,Arcade,100,777,Brackets; Bracket Jumps; Mid-4 Doubles,Unrecorded,Easy,15.84
79cd362c-6735-4a66-81e9-c0cf1d7a51d4,Do the Dance,ILLIT (아일릿),CONRAD,S,17,Arcade,130,900,Doublesteps; Jumps; Sustained,Unrecorded,Medium,15.77
5053ec16-3d2c-4e46-a4c9-740c10e58c26,Imagination,SHK,EXC,D,17,Arcade,180,897,Bracket Runs; Bracket Twists; Mid-4 Doubles,Unrecorded,Medium,15.76
32e170f3-7118-4028-9d53-6169f3bd9b76,Sugar Plum,Mr. Weq,SUNNY,D,17,Arcade,170,789,Jacks; Mid-4 Doubles; Twists,Unrecorded,Easy,15.72
fb779a59-9e3a-4228-8d8d-0d918b9374d9,404 (New Era),KiiiKiii (키키),NIMGO,D,17,Arcade,127,1006,Bursty; Doublesteps; Jumps,Unrecorded,Medium,15.71
7b01febb-dcfa-4961-bf8b-c161e5390584,Tales of Pumpnia,Applesoda,CONRAD,S,17,Arcade,200,1023,Doublesteps; Sustained; Twists,Unrecorded,Easy,15.68
30df709e-459a-4ce9-9728-e6ec072bbd15,Spooky Macaron,Sobrem,CONRAD,S,17,Arcade,201,907,5-Stairs; Sustained; Twists,Unrecorded,Easy,15.59
abeea11c-1a82-4854-99b6-7404ebd0b60e,Butterfly,MAX & Rorychesell (SID-SOUND),BPM,S,17,Arcade,128,847,5-Stairs; Runs; Twists,Unrecorded,Medium,15.45
a594c5f4-6b37-4bcf-9677-84d2a4f6bd70,PRiMA MATERiA,Unknown,EXC,D,17,Arcade,187,888,Cross-pad Transitions; Runs Without Twists; Twists,Unrecorded,Easy,15.42
8bfd74f0-0514-4f6b-a7d6-7928a0458524,DJ Otada,BanYa Production,SUNNY,S,17,Arcade,180,1045,Bracket Jumps; Bursty; Doublesteps,Unrecorded,Easy,15.33
04de11c1-84b7-48f9-9100-2f8f09fb931f,K.O.A : Alice In Wonderworld,BanYa Production,BPM,S,17,Arcade,156,878,5-Stairs; Bursty; Staggered Brackets,Unrecorded,Hard,15.29
3a6d4582-778d-4320-bdc3-c046eb52664b,Obelisque,ESTi x M2U,MINAMI,D,17,Arcade,130,846,Bursty; Mid-4 Doubles; Twists,Unrecorded,Medium,15.19
fe3400a6-4ced-468d-a91a-f0e2565a7133,Dancing,Said,DulKi,D,17,Arcade,151,900,Bracket Jumps; Jumps; Twists,Unrecorded,Easy,15.06
aaf459bc-d84b-4c7f-947b-672657f03a0b,Uranium,Memme,WINDFORCE,D,17,Arcade,170,700,Anchor Runs; Drills; Runs Without Twists,Unrecorded,Easy,15.01
dd23dfbf-664e-4b2c-a96c-96dce70bb2f7,Nihilism - Another Ver.-,Nato,NIMGO,D,17,Arcade,190,912,Mid-4 Doubles; Twists; Yog Walks,Unrecorded,Medium,14.98
52894133-2822-418b-8026-473a71572881,Pull me up (Feat. Monya),Applesoda,SUNNY,D,17,Arcade,160,825,,Unrecorded,Medium,14.94
0d14850b-ea8f-4c49-9e0a-6a59230bb1b1,Pavane,Doin & V.A.,ANDAMIRO,S,17,Arcade,160,1092,Anchor Runs; Runs; Runs Without Twists,Unrecorded,Easy,14.89
0ec1a3b0-8129-4065-af38-be8e2a7b577c,Get Up (and go),BanYa Production,BPM,S,17,Arcade,164,1025,Jacks; Side-3 Singles; Twists,Unrecorded,Hard,14.7
951e4bd2-633f-4027-974c-e99269fc7725,MEGAHEARTZ,DJ Noriken,DulKi,S,17,Arcade,200,800,5-Stairs; Jumps; Sustained,Unrecorded,Easy,14.69
3b02bbfd-ec96-437a-85ee-172361d12c46,Leakage Voltage,Doin,MINAMI,S,17,Arcade,180,1037,Bracket Jumps; Bracket Runs; Bracket Twists,Unrecorded,VeryHard,14.61
07f624f9-da54-420a-a492-05e3dab6e6ed,HTTP,Quree,CONRAD,S,17,Arcade,147,1030,Bursty; Runs; Runs Without Twists,Unrecorded,VeryHard,14.6
4029030e-6376-4d76-a07f-d89dcf1409fc,Dreamchasers,s-don,GGWANG,S,17,Arcade,155,1000,Bursty; Doublesteps; Jumps,Unrecorded,Easy,14.52
dea18e00-3081-44cf-8725-969562dcb56d,Set me up,BanYa,OSING,D,17,Arcade,120,824,Bracket Jumps; Mid-4 Doubles; Twists,Unrecorded,Easy,14.5
57309f6d-020c-42bf-bcfb-654c0f955ecd,Ghost Bloody Train,Fiverwater,CONRAD,D,17,Arcade,192,950,Co-op Pad Transitions; Mid-4 Doubles; Mid-6 Doubles,Unrecorded,VeryEasy,14.5
0d7b7d44-a520-435c-a6ad-3f71d2847feb,Final Audition,BanYa,KANG2,D,17,Arcade,130.5,645,Jacks; Runs; Runs Without Twists,Unrecorded,Easy,14.5
8dec0213-0352-44a8-9601-cdf9e9a052a9,Ugly Dee,BanYa Production,HP,S,17,Arcade,92,597,5-Stairs; Sustained; Twists,Unrecorded,Easy,14.5
803ae674-a88d-4e9c-bb1d-29d9c33470a7,STAGER,Ras,CONRAD,S,17,Arcade,146,712,Jacks; Jumps; Sustained,Unrecorded,Easy,14.48
a393aca0-07a9-4394-82c2-0b5479db4815,Sarabande - SHORT CUT -,MAX,EXC,S,17,ShortCut,157,808,Anchor Runs; Runs; Runs Without Twists,Unrecorded,Easy,14.45
fb7ad3d2-9de8-451f-ac63-d301000febf4,Witch Doctor #1,Yahpp,EHNE,S,17,Arcade,122,723,Brackets; Footswitches; Twists,Unrecorded,Medium,14.44
a99e2b5e-7d3e-4811-a78e-2c1250b529c4,ASDF,Doin,HP,D,17,Arcade,170,,Anchor Runs; Cross-pad Transitions; Drills,Unrecorded,VeryEasy,0
5064617b-9a35-4e98-a1bb-f217a5a6e4c7,Beat of The War 2,BanYa,ANDAMIRO,S,17,Arcade,120 ~ 120,1067,Bracket Jumps; Drills; Footswitches,Unrecorded,Underrated,0
8a8273b2-7df5-41bc-bb06-560713dc8d3d,Betrayer,BanYa,NIMGO,D,17,Arcade,92,784,Jumps; Mid-6 Doubles; Twists,Unrecorded,VeryHard,0
0d51b684-2b19-4b18-b60f-42aaaff6fc31,Black Dragon,Memme,MINAMI,S,17,Arcade,162,717,Runs; Runs Without Twists; Side-3 Singles,Unrecorded,Medium,0
9299e2f9-5300-473b-bf6c-c4ebf999f647,Break it Down,MAZO,NIMGO,D,17,Arcade,176,,Brackets; Cross-pad Transitions; Hold Footslides,Unrecorded,Underrated,0
74e8e644-81ec-4a30-9a4a-db901bfc8066,Chopsticks Challenge,Yahpp,BPM,S,17,Arcade,128,733,5-Stairs; Runs; Twists,Unrecorded,VeryHard,0
c5fffa07-493e-4092-8227-9da5e0ab333d,Destination,SHK,BPM,S,17,Arcade,150,1004,Bracket Jumps; Bursty; Twists,Unrecorded,Medium,0
ae10afc4-836c-4b59-bde7-cd2f51316ecd,Do U Know That-Old School,BanYa Production,JKD,S,17,Arcade,120,555,5-Stairs; Bracket Jumps; Jumps,Unrecorded,Medium,0
604ed470-4527-4b77-a89f-1d9074e69917,Extravaganza - SHORT CUT -,BanYa,ANDAMIRO,D,17,ShortCut,195,820,Cross-pad Transitions; Jumps; Twists,Unrecorded,Medium,0
64513e9e-fc20-4266-a78b-66193e8da036,Final Audition 2 - SHORT CUT -,BanYa,ANDAMIRO,S,17,ShortCut,130,931,Brackets; Bracket Drills; Bracket Twists,Unrecorded,Medium,0
7b454af6-9fa3-45f0-b0c4-a6cc43905786,Final Audition 3,BanYa,NIMGO,S,17,Arcade,130.5,,Doublesteps; Runs; Twists,Unrecorded,VeryHard,0
61b5fe77-04a8-49cb-9eb2-de8ebb589a6e,Final Audition Ep. 1,BanYa,ANDAMIRO,S,17,Arcade,189,606,Footswitches; Sustained; Twists,Unrecorded,VeryHard,0
e4113fc7-fa10-477c-b7a2-e59f398ead0a,Final Audition Ep. 2-2,Yahpp,EHNE,S,17,Arcade,200,831,Drills; Side-3 Singles; Twists,Unrecorded,Hard,0
7a36afc2-31ae-4c7b-a2b3-3e28b4400da4,God Mode feat. skizzo,Nato & Skizzo,MINAMI,D,17,Arcade,152,944,Bursty; Mid-4 Doubles; Mid-6 Doubles,Unrecorded,Medium,0
77cbdc11-ea0b-4851-8fe6-3d8e93d68f6b,Hello,BanYa,ANDAMIRO,S,17,Arcade,140,725,5-Stairs; Jacks; Twists,Unrecorded,Hard,0
a01fe989-ee8e-407a-b009-1ee2cfc12d80,Hungarian Dance V,BanYa Production,WINDFORCE,S,17,Arcade,145,1006,Doublesteps; Side-3 Singles; Twists,Unrecorded,VeryHard,0
fbf0f18c-b8fd-485d-9d56-85b9d7024fd5,Hypercube,MAX,NIMGO,S,17,Arcade,145,836,Anchor Runs; Runs; Runs Without Twists,Unrecorded,Hard,0
1c769054-9afd-433c-be5e-3cd812063f22,Karyawisata,Vesuvia x REDSHiFT,CONRAD,D,17,Arcade,150 ~ 150,,Bursty; Drills; Runs Without Twists,Unrecorded,Medium,0
cc1b03c9-4da4-4c11-828c-00c3e20a626c,Love is a Danger Zone 2 Try To B.P.M,BanYa,,D,17,Remix,,932,Footswitches; Jacks; Twists,Unrecorded,Hard,0
357c274d-30ce-452e-8d1a-5499373f62de,Love is a Danger Zone pt.2 [Another],BanYa,BPM,S,17,Arcade,162,977,5-Stairs; Side-3 Singles; Twists,Unrecorded,VeryHard,0
6531a9de-811f-47d3-948c-c0330c1d983a,Love is a Danger Zone(Cranky Mix),BanYa & Cranky,CANNON,S,17,Arcade,155,1027,Bracket Jumps; Side-3 Singles; Twists,Unrecorded,Medium,0
5dcc07d7-d1e6-4459-bff9-26a5b8edc5f8,Meteorize,Paul Bazooka,ENVYtic,D,17,Arcade,136,749,Cross-pad Transitions; Jacks; Twists,Unrecorded,Medium,0
7136d37d-ccf8-4b1c-b4d6-765634e1c4c8,Money Fingers,BanYa Production,HIDDEN PARTS,S,17,Remix,170,828,Doublesteps; Footswitches; Sustained,Unrecorded,Underrated,0
2a871693-7c19-48c8-8e7c-e51622e69c9c,Move That Body! - SHORT CUT -,DM Ashura,EXC,S,17,ShortCut,145,824,5-Stairs; Side-3 Singles; Twists,Unrecorded,Medium,0
fd42753b-7610-4e37-b9ab-cf8db471aafd,Overblow - SHORT CUT -,MAX,SANDSTORM,D,17,ShortCut,155,669,Bursty; Runs; Runs Without Twists,Unrecorded,VeryHard,0
bcb2b0ef-6a4e-489c-bc30-e3c5cffff4f8,Pine Nut,Doin,HP,D,17,Arcade,200,696,Cross-pad Transitions; Sustained; Twists,Unrecorded,Overrated,0
8bf95ce8-bcdb-4457-a9fb-2180ead2a8c3,PRIME2 Opening - SHORT CUT -,MAX,NIMGO,S,17,ShortCut,145,794,Anchor Runs; Bursty; Runs,Unrecorded,Medium,0
e6a200eb-2c59-4f33-9933-baa67ed3bfa9,Pumping Jumping,BanYa Production,BPM,S,17,Arcade,116,652,Runs; Side-3 Singles; Sustained,Unrecorded,Medium,0
9220e786-52a2-428c-83e4-f634fcef082e,Radetzky Can Can,BanYa,ANDAMIRO,S,17,Arcade,197,713,5-Stairs; Runs; Twists,Unrecorded,Medium,0
297e0e88-83a3-4942-84ed-024951953da2,Selfishness - SHORT CUT -,SID-Sound,EXC,S,17,ShortCut,160,,5-Stairs; Bracket Jumps; Twists,Unrecorded,Easy,0
c64656fa-1be8-411b-92fd-c442a99eeff9,Solitary,BanYa,KANG2,D,17,Arcade,136,,Bracket Jumps; Jacks; Staggered Brackets,Unrecorded,Underrated,0
5ea4fec6-469e-43cd-97f6-4f95894efb47,Take Out,SHK,BPM,S,17,Arcade,170,1074,Bracket Runs; Drills; Runs Without Twists,Unrecorded,VeryHard,0
ad17e8bb-35b6-4242-90a0-fcf459439257,Toccata,BanYa Production,BPM,S,17,Arcade,104,,5-Stairs; Footswitches; Twists,Unrecorded,Hard,0
0df23dc2-3234-43eb-bf05-d2db039de256,Tream Vook of the war,BanYa,BPM,D,17,Remix,184 ~ 184,930,Anchor Runs; Co-op Pad Transitions; Drills,Unrecorded,Medium,0
d9692b91-9cb8-4ad5-9014-1b9a64f90560,Ugly duck Toccata,BanYa Production,ANDAMIRO,S,17,Remix,104,888,5-Stairs; Side-3 Singles; Twists,Unrecorded,Hard,0
56d0dcf9-65d1-436e-9a3d-38c838c0cbc2,Utopia,Smiley,BPM,S,17,Arcade,166,975,5-Stairs; Anchor Runs; Bursty,Unrecorded,Medium,0
10e36353-3865-4f97-a39e-0acc94407746,What Happened,Throwdown,HP,S,17,Arcade,130,704,Anchor Runs; Jacks; Jumps,Unrecorded,Hard,0
6c2b9e15-e0df-417b-80b6-f9c46574eb15,Winter - SHORT CUT -,BanYa,BPM,D,17,ShortCut,168,808,Bursty; Runs Without Twists; Twists,Unrecorded,Easy,0
7e202164-67b3-4e9b-a663-93688b0ff64f,Witch Doctor #1,Yahpp,BPM,D,17,Arcade,122,623,Bursty; Mid-6 Doubles; Twists,Unrecorded,Hard,0
c19f77e2-c16a-4f33-aa02-a526ad7a2e6b,X-Rave,DM Ashura,ANDAMIRO,S,17,Arcade,147,882,Runs Without Twists; Staggered Brackets; Twists,Unrecorded,Underrated,0
569305e0-ed2b-482d-b4fb-3786bd22c78e,XTREE,Yahpp,BPM,D,17,Arcade,190,,Brackets; Cross-pad Transitions; Twists,Unrecorded,Medium,0
501c88d7-1743-43bb-8dc9-35e26515adf7,Solitary 1.5,Yahpp,EHNE,S,16,Arcade,136,,5-Stairs; Drills; Twists,Unrecorded,Underrated,19.8
b3cadd3b-4b69-486e-bb96-137d8b18048e,Emperor,BanYa,ANDAMIRO,S,16,Arcade,150,713,Bracket Twists; Staggered Brackets; Sustained,Unrecorded,VeryHard,19.63
a5a60a61-d6c7-4b40-a48b-78e52e91af73,Silver Beat feat. ChisaUezono,Tatsh feat. ChisaUezono,NIMGO,S,16,Arcade,153,994,Bursty; Side-3 Singles; Twists,Unrecorded,Hard,19.59
69d207bb-3355-4052-9085-e17d31f891d7,Obliteration,ATAS,AEVILUX,D,16,Arcade,150,761,Brackets; Drills; Yog Walks,Unrecorded,Underrated,19.54
b0fa33e5-1f53-43ef-bf69-062525ac1569,Vook,BanYa,ANDAMIRO,S,16,Arcade,184,552,Brackets; Bursty; Drills,Unrecorded,VeryHard,19.51
a98d961e-f9f2-4258-9e09-ebcf290aca6a,The Festival of Ghost2 (Sneak),Brandy,EXC,S,16,Arcade,136,675,Anchor Runs; Runs; Runs Without Twists,Unrecorded,Underrated,19.5
ddf7395d-5096-4088-8d63-31d690dc13b8,Will-O-The-Wisp,BanYa,ANDAMIRO,S,16,Arcade,210,500,Footswitches; Jacks; Twists,Unrecorded,Medium,19.42
ea1c4e21-6760-45da-8479-30f2f022612f,Phantom -Intermezzo-,BanYa Production,BPM,S,16,Arcade,140,1028,Bursty; Side-3 Singles; Twists,Unrecorded,Hard,19.2
7f74f0aa-6a74-41e2-91a2-0d89de3e7096,Redline,Archefluxx,NIMGO,D,16,Arcade,170,645,Runs; Runs Without Twists; Twists,Unrecorded,VeryHard,19.2
a4db83e7-67e0-430e-a644-4cb7b2952ba9,Heart Attack,DJ Counterforce,NIMGO,S,16,Arcade,148,799,Anchor Runs; Drills; Runs Without Twists,Unrecorded,VeryHard,19.05
63e215a4-b2b6-465a-86ab-dfe737dafe05,Vacuum,Doin,DulKi,S,16,Arcade,200,622,5-Stairs; Footswitches; Jacks,Unrecorded,Hard,18.98
38d87255-6b31-4bce-b869-f341884815bb,Jump,BanYa,BME,S,16,Arcade,96,645,Bracket Jumps; Hands; Twists,Unrecorded,Hard,18.89
23ce54c8-5442-40f0-87c3-86391fcdd0d8,Jonathan's Dream,MAX & Seorryang (SID-SOUND),ANDAMIRO,S,16,Arcade,140,941,Anchor Runs; Runs; Runs Without Twists,Unrecorded,VeryHard,18.88
4a9863c0-86f1-49d4-ab64-b86ec7428a0a,Pumptris 8Bit ver. - SHORT CUT -,Yahpp,SANDSTORM,S,16,ShortCut,162,693,5-Stairs; Bursty; Side-3 Singles,Unrecorded,Hard,18.87
916723bf-d761-4788-a956-e90fafc3f6b2,Higgledy Piggledy,BanYa Production,BPM,S,16,Arcade,150,660,Jacks; Jumps; Twists,Unrecorded,VeryHard,18.82
854a2885-0e30-4ff9-98dd-df30745d1f54,The People didn't know,BanYa Production,BPM,S,16,Arcade,134,573,Runs; Side-3 Singles; Twists,Unrecorded,VeryHard,18.8
98829e06-7fd4-4d07-b73a-94dbd2965014,Redline,Archefluxx,NIMGO,S,16,Arcade,170,685,Brackets; Runs; Runs Without Twists,Unrecorded,Hard,18.8
884e9ae7-3e30-4070-aba2-05f99600a5b4,Life is PIANO,Junk,CONRAD,S,16,Arcade,133,765,Runs; Runs Without Twists; Sustained,Unrecorded,VeryHard,18.77
b0ae71d5-bd96-4c0d-9ced-e47f26dc6eff,Poseidon,Quree,SUNNY,D,16,Arcade,160,822,Drills; Mid-4 Doubles; Twists,Unrecorded,Hard,18.67
7b55bc2f-83f4-4995-ab9e-674b23c23d25,Queen of the Red,ETIA.,BANNIE,D,16,Arcade,188,716,Bracket Jumps; Bursty; Drills,Unrecorded,Underrated,18.61
2292c641-f920-41b8-86bb-f856e30fcf2b,Dancing,Said,NIMGO,S,16,Arcade,151,920,Bursty; Doublesteps; Jumps,Unrecorded,Hard,18.6
c19407a5-0106-49af-8e32-c78651066bcc,Scorpion King,r300k,NIMGO,D,16,Arcade,113,810,Bursty; Runs; Runs Without Twists,Unrecorded,Hard,18.59
dd0e005a-79eb-4396-8183-9f1f71639b62,Magical Vacation,SID-Sound,HUGE,S,16,Arcade,154,,Brackets; Bracket Jumps; Bursty,Unrecorded,Hard,18.57
ccda38f5-60cd-47b5-accc-c615d2318056,Naissance,BanYa,ANDAMIRO,D,16,Arcade,136,,Brackets; Cross-pad Transitions; Twists,Unrecorded,Hard,18.56
6384f847-9940-479c-8fb2-f790a35add50,Napalm,Doin,BPM,D,16,Arcade,185,615,Anchor Runs; Footswitches; Sustained,Unrecorded,Hard,18.55
cf99bc04-c23e-4869-9e50-2d463cbcecba,Winter,BanYa,ANDAMIRO,S,16,Arcade,168,540,Bursty; Runs; Runs Without Twists,Unrecorded,Underrated,17.33
f6127b9d-2653-4809-8526-d00cdc2a4d55,Break it Down,MAZO,NIMGO,S,16,Arcade,176,743,Brackets; Hold Footslides; Jumps,Unrecorded,Hard,17.33
af8564b3-a50e-4505-950e-e5dce883e449,Another Truth,Novasonic,BPM,S,16,Arcade,136,500,Brackets; Bracket Jumps; Bracket Twists,Unrecorded,VeryHard,17.31
30d6d0c5-27a3-4045-af33-41b4cb25810c,Reminiscence,MAX,IMBA,S,16,Arcade,155,765,Bracket Jumps; Doublesteps; Runs Without Twists,Unrecorded,Medium,17.23
7c4753b8-08b8-4cf2-b5f5-ebd40bbb5e30,Passing Rider,mzet:-P,NIMGO,S,16,Arcade,175,764,Anchor Runs; Doublesteps; Jumps,Unrecorded,Hard,17.21
22d96d06-dd36-4adc-8d77-0c698dbea0d9,Reality,SHK,JKD,S,16,Arcade,135,500,Runs; Runs Without Twists; Twists,Unrecorded,Hard,17.18
02f4c2ef-51a4-4e3e-b757-b803864d94b8,Naissance 2,BanYa,KANN,D,16,Arcade,129,553,Bracket Jumps; Bracket Twists; Hands,Unrecorded,VeryHard,17.18
428ce80c-d00f-4eca-8577-d421f9cfcfe7,Galaxy Collapse,Kurokotei,SUNNY,D,16,Arcade,150 ~ 150,722,Doublesteps; Jacks; Mid-4 Doubles,Unrecorded,VeryHard,17.17
743ba468-741f-4bdc-b454-06b39de238cf,Just Hold On (To All Fighters),void,NIMGO,S,16,Arcade,170,918,Anchor Runs; Runs; Twists,Unrecorded,Medium,17.15
407b0616-c1e2-480b-8a0f-784ad5585ba1,Street show down,BanYa,ANDAMIRO,D,16,Arcade,124,504,Brackets; Bracket Jumps; Bursty,Unrecorded,Hard,17.15
cbe8f478-2646-4ac7-bfd1-1d71b3018fac,Yoropiku Pikuyoro !,Bakusute Sotokanda Icchome,EXC,D,16,Arcade,198,774,Brackets; Bracket Jumps; Twists,Unrecorded,Hard,17.14
27b22b33-0166-40ee-a793-620c49e9234c,Maria,BanYa,WINDFORCE,D,16,Arcade,136,602,Drills; Runs Without Twists; Yog Walks,Unrecorded,Hard,17.12
4f2d0dd8-a5d5-4354-8273-61d0792f57d5,Sarabande,MAX,NIMGO,S,16,Arcade,157,1007,Drills; Runs; Runs Without Twists,Unrecorded,VeryHard,17.09
8143207e-56c0-4c59-aa24-3b85f39e77b6,A Site De La Rue,STREME REVERIE,EXC,S,16,Arcade,186,838,Bursty; Drills; Jacks,Unrecorded,Hard,17.08
e5fc82a0-9e65-408a-90d7-b364c5340f7f,Stardust Overdrive,typeMARS,CONRAD,D,16,Arcade,175,854,Bracket Runs; Bursty; Drills,Unrecorded,Hard,17.08
431bfad2-8ce9-4dff-9c8c-07b52fede964,Pupa,Morimori Atsushi,DulKi,D,16,Arcade,202,706,Anchor Runs; Drills; Mid-6 Doubles,Unrecorded,Hard,17.06
ffe1813b-3acd-4818-86c1-7dfb5c3bd3df,1949,SLAM,FEFEMZ,S,16,Arcade,220,830,Bursty; Jacks; Side-3 Singles,Unrecorded,VeryHard,17.06
2383ffb5-125c-41c3-966a-f40fab82cc38,1950,SLAM,DAEGUOSU,S,16,Arcade,200,984,Bursty; Jacks; Twists,Unrecorded,Hard,17.05
26abaf4f-e1c7-4a32-9992-66ba63af4749,Csikos Post,BanYa,ANDAMIRO,D,16,Arcade,180,550,Anchor Runs; Bursty; Drills,Unrecorded,VeryHard,17.04
157692d3-a0f2-4148-b912-164a6a736f5e,Yog-Sothoth - SHORT CUT -,Nato,CONRAD,D,16,ShortCut,200,842,Anchor Runs; Bursty; Twists,Unrecorded,VeryHard,17.03
556b1d1d-77cd-4f94-ad86-7675b0545b48,DUEL - SHORT CUT -,Cashew & D_AAN,GGWANG,S,16,ShortCut,155,750,Bursty; Runs; Runs Without Twists,Unrecorded,Hard,17.03
22e2a494-405d-47e6-93ac-674e64574c7b,Extravaganza - SHORT CUT -,BanYa,ANDAMIRO,S,16,ShortCut,195,806,Brackets; Bracket Runs; Runs,Unrecorded,Medium,17
98b1ad68-4ccb-489f-b94f-792d3ae928bc,Chopsticks Challenge,Yahpp,EHNE,D,16,Arcade,128,561,Bursty; Drills; Yog Walks,Unrecorded,Hard,17
7cb4c1c5-b0a1-4a35-9833-27a8894613b9,R.I.P,eicateve,EXC,S,16,Arcade,192,1000,Doublesteps; Jacks; Side-3 Singles,Unrecorded,Hard,16.99
f4951223-9afd-455d-a8b8-f2e471180bdb,Requiem,MAX,EXC,S,16,Arcade,160,900,Anchor Runs; Bursty; Staggered Brackets,Unrecorded,Medium,16.96
4aafa625-01e9-4d6b-b600-0efb8d1fb314,Nakakapagpabagabag,Dasu feat. Kagamine Len,EXC,D,16,Arcade,145,848,Doublesteps; Mid-4 Doubles; Sustained,Unrecorded,Hard,16.96
4193b555-ccc5-4682-812a-152945c77884,Start On Red,Nato,CONRAD,S,16,Arcade,160,836,Bursty; Drills; Runs Without Twists,Unrecorded,Hard,16.96
7bfb7bab-27f0-4bd5-93b0-1c5e030ca385,Reality,SHK,ESC,D,16,Arcade,135,501,Drills; Mid-6 Doubles; Twists,Unrecorded,Hard,16.95
a2e0393f-d3cc-46a8-a085-e00ee07564d2,Arcana Force,mzet:-P,OSING,S,16,Arcade,175,1024,5-Stairs; Bursty; Drills,Unrecorded,Medium,16.93
5d060a57-e3f6-4f52-999a-cabb34d6386b,Becouse of You,Srav3R & USAO,FEFEMZ,S,16,Arcade,175,993,Brackets; Bursty; Doublesteps,Unrecorded,Medium,16.92
250f0e3a-717b-46fe-9bb2-c71d344bb1d7,Barber's Madness,Klass E,,S,16,Arcade,,662,Anchor Runs; Jacks; Twists,Unrecorded,Hard,16.88
f2a444a3-5709-450c-baf0-0344b3773bba,Hyperion - SHORT CUT -,M2U,EXC,S,16,ShortCut,145,793,5-Stairs; Runs; Runs Without Twists,Unrecorded,Medium,16.88
006a9ea4-5bce-4ab3-b2ed-14ee93acada1,Slapstick Parfait,t+pazolite,SUNNY,S,16,Arcade,160,800,Bracket Jumps; Bracket Twists; Jacks,Unrecorded,Medium,16.87
b69998df-5936-4b3f-b362-d205cda1a0b8,Fly High,Dreamcatcher,BME,D,16,Arcade,154,728,Bracket Jumps; Bursty; Jumps,Unrecorded,VeryHard,16.86
a5850126-117d-4e33-a6df-900f9b22c090,Hypnosis(SynthWulf Mix),BanYa & SynthWulf,E. HOLNIKER & ANDAMIRO,D,16,Arcade,175,585,Brackets; Bracket Twists; Twists,Unrecorded,Hard,16.85
6221c138-7067-4356-a511-77604975b078,Cross Time,Brandy,CONRAD,S,16,Arcade,160,905,Anchor Runs; Footswitches; Runs Without Twists,Unrecorded,Hard,16.84
2275dc41-3927-474b-a885-42659dfba232,Love is a Danger Zone(Cranky Mix),BanYa & Cranky,ANDAMIRO,D,16,Arcade,155,879,Jacks; Mid-4 Doubles; Twists,Unrecorded,Medium,16.84
2e9f8b7b-90c1-405a-a85b-fe0e935fa389,K.O.A : Alice in Wonderworld - SHORT CUT -,BanYa Production,ANDAMIRO,S,16,ShortCut,156,757,Brackets; Bracket Jumps; Bracket Runs,Unrecorded,Hard,16.84
80c9bbab-3057-41c3-b4fb-10882836fc96,Big Daddy,USAO,FEFEMZ,S,16,Arcade,190,871,Brackets; Doublesteps; Drills,Unrecorded,Medium,16.84
2d14c227-559a-4e2a-b424-bc0cd4ad28de,R.I.P,eicateve,EXC,D,16,Arcade,192,700,Jacks; Runs Without Twists; Twists,Unrecorded,Medium,16.81
71396b39-f8c2-4f0f-8b6b-3f2ff25823f3,Love is a Danger Zone pt. 2,BanYa,BPM,S,16,Arcade,162,815,5-Stairs; Bursty; Twists,Unrecorded,Hard,16.78
1e27a37a-737a-4030-b003-927480d53925,INFiNiTE ENERZY -Overdoze-,Reku Mochizuki,refos,S,16,Arcade,180,888,Jacks; Side-3 Singles; Sustained,Unrecorded,Hard,16.78
62e9f217-d74d-426a-8717-e658d5608a02,Pump me Amadeus,BanYa,SUNNY,S,16,Arcade,170,,5-Stairs; Bracket Jumps; Side-3 Singles,Unrecorded,Medium,16.77
f5fbe024-e230-40c7-8d9e-2e19813f1f80,BRAIN POWER,NOMA,SUNNY,S,16,Arcade,170 ~ 170,789,Anchor Runs; Side-3 Singles; Twists,Unrecorded,Medium,16.75
44de2e16-d3b8-46c0-9f27-82a02328405a,Horang Pungryuga,Sangnoksu feat. HANANA,EXC,S,16,Arcade,160,773,Anchor Runs; Bursty; Jumps,Unrecorded,Medium,16.75
885802d2-e20e-42c6-81d2-b44e92972bbf,Mad5cience,Paul Bazooka,ENVYtic,D,16,Arcade,130,652,Brackets; Bracket Jumps; Bracket Twists,Unrecorded,Hard,16.75
3f3c57cd-64bb-467a-ada2-032e145207ba,Altale,sakuzyo,FEFEMZ,D,16,Arcade,90,878,Brackets; Bracket Jumps; Bracket Twists,Unrecorded,Hard,16.75
621d7cc1-fa67-4254-a322-467ab97626a3,Switronic,SHK,CONRAD,D,16,Arcade,120 ~ 120,892,Anchor Runs; Mid-4 Doubles; Twists,Unrecorded,Hard,16.74
058eef25-86db-4cdf-b751-872a4685e4ea,Le Grand Bleu,KIEN,BANNIE,S,16,Arcade,165,904,Drills; Runs; Runs Without Twists,Unrecorded,Medium,16.74
899a24f9-51cb-428a-ab1f-9d27e17c9391,Extreme Music School 2nd period feat. Nanahira,Massive New Krew & RoughSketch,NIMGO,S,16,Arcade,210,975,5-Stairs; Runs; Runs Without Twists,Unrecorded,Hard,16.74
4161b6b1-f2fe-4308-b899-78659246b5a0,Papasito (feat.  KuTiNA),Yakikaze & Cashew feat. KuTiNA,FEFEMZ,S,16,Arcade,128,628,Drills; Jumps; Sustained,Unrecorded,Medium,16.72
331989c3-531c-44f1-931f-9cb7397933e8,MilK,Morimori Atsushi,FEFEMZ,D,16,Arcade,155,902,Bursty; Mid-4 Doubles; Mid-6 Doubles,Unrecorded,Hard,16.72
80360e6b-81c4-4b44-a66c-c72c9689326b,Sugar Conspiracy Theory,MAX,NIMGO,D,16,Arcade,170,900,Brackets; Bursty; Co-op Pad Transitions,Unrecorded,Hard,16.7
b975d074-d9e8-430a-b7c2-cec9d1732aba,Nyan-turne (feat. KuTiNA),Cashew & Castellia,SUNNY,S,16,Arcade,202.1,774,Footswitches; Jacks; Side-3 Singles,Unrecorded,Medium,16.69
74e2ac95-fe12-4d08-bba8-6fe9a9e81c33,Can-can ~Orpheus in The Party Mix~,Sr. Lan Belmont,OSING,S,16,Arcade,195,721,Anchor Runs; Side-3 Singles; Twists,Unrecorded,Medium,16.69
2a64422e-67ae-4579-82ca-a1a6dcdf2906,Acquire,ryhki,CONRAD,D,16,Arcade,155,812,Bursty; Doublesteps; Jumps,Unrecorded,Hard,16.68
cbac0ba2-ce29-45b2-bb22-289182b0d8d4,Highway Chaser,Cosmograph,SUNNY,S,16,Arcade,155,702,5-Stairs; Anchor Runs; Runs Without Twists,Unrecorded,Hard,16.63
f8c83021-44b9-4d43-a0d7-0c0697666ad9,Unique,SHK,SANDSTORM,S,16,Arcade,145,972,Footswitches; Jacks; Runs Without Twists,Unrecorded,Medium,16.63
60a5b04e-b095-453c-a6cb-ac64b2db937f,Beethoven Virus,BanYa,BPM,S,16,Arcade,162,905,5-Stairs; Bursty; Twists,Unrecorded,VeryHard,16.63
9dcb3386-bbd1-48a5-99a4-4540ccda19dc,Free Style,BanYa,ANDAMIRO,D,16,Arcade,99,500,Co-op Pad Transitions; Doublesteps; Jumps,Unrecorded,Hard,16.62
e0e0ec67-63b5-4bbd-b739-abfc88b94550,Iolite Sky,Doin,WINDFORCE,S,16,Arcade,90,856,Drills; Jacks; Jumps,Unrecorded,Hard,16.62
f0407758-c15f-4a7f-8f20-086efd2fb32d,BOOOM!!,RiraN,DulKi,D,16,Arcade,160,783,Jacks; Mid-4 Doubles; Mid-6 Doubles,Unrecorded,Hard,16.61
8439166e-fc8c-4666-8d9f-310c58e30dd1,STAGER,Ras,CONRAD,D,16,Arcade,146,662,Doublesteps; Jumps; Twists,Unrecorded,Medium,16.6
9ac10a3b-e8ae-4bd0-a9c7-e0613b0bf704,Halloween Party ~Multiverse~,SHK,,S,16,Arcade,160,871,Bracket Twists; Runs; Twists,Unrecorded,Medium,16.59
27cca1a4-1f86-4ad7-8c2b-4fd4bb093018,Rock the house,Matduke,AYAPPING,S,16,Arcade,175,917,Drills; Side-3 Singles; Twists,Unrecorded,Medium,16.59
7a4ade6f-c989-48cb-ab38-fefdadf01ff6,FFF,Doin,ANDAMIRO,D,16,Arcade,200,590,Co-op Pad Transitions; Drills; Twists,Unrecorded,Hard,16.59
daac32c9-8ab7-4f1e-a6ca-d0b53916a76d,Stardream (feat. Romelon),Cashew & Rorychesell (SID-SOUND),BME,D,16,Arcade,160,777,Bursty; Mid-4 Doubles; Mid-6 Doubles,Unrecorded,Hard,16.58
01b845e2-3907-437f-b5e3-0499c5802b72,Rush-Hour,litmus*,FEFEMZ,S,16,Arcade,112,982,Bursty; Side-3 Singles; Twists,Unrecorded,Medium,16.56
8bd430f9-8218-4e63-87aa-2ffcfffdb5ad,Wedding Crashers,SHK,EXC,S,16,Arcade,165,900,5-Stairs; Drills; Side-3 Singles,Unrecorded,VeryHard,16.55
e30bd205-471d-4941-98dd-bd3667791b14,The End of the World ft. Skizzo,MonstDeath feat. Skizzo,SUNNY,S,16,Arcade,150,777,Bracket Jumps; Bracket Twists; Twists,Unrecorded,Hard,16.55
a9af1fea-5d66-499e-9f30-6bf588f5c3ed,Barber's Madness,Klass E,,D,16,Arcade,,688,Jacks; Mid-4 Doubles; Twists,Unrecorded,Hard,16.55
e877c296-a50a-4e3c-9b55-7df6cabf9129,Appassionata,Cashew x D_AAN x Jehezukiel,EXC,S,16,Arcade,160 ~ 160,1000,Brackets; Bracket Jumps; Jacks,Unrecorded,Medium,16.53
9136eb1d-acc0-4f3a-a91f-7df16a478115,SONIC BOOM,USAO,SUNNY,S,16,Arcade,205,773,Footswitches; Jacks; Jumps,Unrecorded,Medium,16.53
11e26c74-a9aa-4c4f-bc40-d1377d64d27a,Death Moon - SHORT CUT -,SHK,EXC,S,16,ShortCut,160,823,Anchor Runs; Drills; Runs Without Twists,Unrecorded,Hard,16.53
e7dd8b83-e7f0-4e68-a595-ddd627a7a2e2,Goodbounce,EBIMAYO,SUNNY,S,16,Arcade,180,1019,Bracket Jumps; Jacks; Side-3 Singles,Unrecorded,Hard,16.51
396eead3-b30e-4603-b491-7abda81a4123,Ghroth,nato,DulKi,S,16,Arcade,212,888,5-Stairs; Anchor Runs; Twists,Unrecorded,Medium,16.51
3fe26ba1-10ac-4740-ba3a-3a2460b04987,Phoenix Opening - SHORT CUT -,MAX,JUNARE,D,16,ShortCut,174,564,Brackets; Doublesteps; Jacks,Unrecorded,VeryHard,16.5
302baffe-be62-4fc1-a39f-ecc183966272,Final Audition 3,BanYa,ANDAMIRO,S,16,Arcade,130.5,511,Anchor Runs; Runs; Twists,Unrecorded,Easy,16.5
6f6598a6-01c3-4dfd-ac6e-7109a331f57b,Lucid(PIU Edit),Yak Won,BME94,S,16,Arcade,40 ~ 40,,5-Stairs; Brackets; Bracket Jumps,Unrecorded,,
a6c45e86-9688-4a96-9af4-121d146805db,Overblow,MAX,BPM,S,16,Arcade,155,,Anchor Runs; Bursty; Jacks,Unrecorded,,
1d876123-34e2-4e93-8bda-0199cbf11fde,Twist of Fate (feat. Ruriling),Jehezukiel feat. Ruriling,BME,S,16,Arcade,141,851,5-Stairs; Brackets; Doublesteps,Unrecorded,Hard,16.5
e8b14e63-fa85-4fde-8915-1b3af608dfa9,Bluish Rose,WyvernP,SUNNY,S,16,Arcade,130,690,Anchor Runs; Runs; Runs Without Twists,Unrecorded,Medium,16.49
981d30c2-5283-47c7-b76f-e7029a5fae4c,Deca Dance,Yooh,FEFEMZ,S,16,Arcade,160,924,Bursty; Doublesteps; Drills,Unrecorded,Medium,16.47
1cf78526-218f-4e0f-b141-0bc0a4e8b276,My Way,BanYa,ANDAMIRO,S,16,Arcade,118,507,Brackets; Bracket Jumps; Twists,Unrecorded,Hard,16.45
f26765fa-3afb-437d-b122-f3f2cc52505b,MATADOR,Cranky,MOONFLOWER,D,16,Arcade,168,736,Anchor Runs; Bracket Jumps; Drills,Unrecorded,Medium,16.43
3f853efe-dddf-403f-9ecd-d81806dede82,Moment Day,MAX,OSING,D,16,Arcade,155,860,Bursty; Mid-4 Doubles; Mid-6 Doubles,Unrecorded,Medium,16.42
7307d1a5-2ed2-4bda-8d78-e82bcc7f2df3,New Rose,Hommarju,CONRAD,S,16,Arcade,190,797,Anchor Runs; Brackets; Twists,Unrecorded,Medium,16.4
e05420c7-09ce-429d-9f6c-40b9dd9e6b51,Phoenix Opening - SHORT CUT -,MAX,JUNARE,S,16,ShortCut,174,615,Brackets; Side-3 Singles; Sustained,Unrecorded,Medium,16.39
d8614267-086a-47ea-9b3a-b597d6ae21d2,The Quick Brown Fox Jumps Over The Lazy Dog,Doin,NIMGO,D,16,Arcade,200,702,10-Stairs; Runs; Twists,Unrecorded,Hard,16.39
addadf7a-921d-4327-b760-95ad100952aa,Harmagedon,HyuN vs lixound,SUNNY,S,16,Arcade,194,777,5-Stairs; Bracket Jumps; Twists,Unrecorded,Medium,16.37
a9ea93c3-887c-4a10-911e-8f442feec46d,Ragnarok,SynthWulf,CONRAD,S,16,Arcade,170,788,Bursty; Drills; Runs Without Twists,Unrecorded,Medium,16.35
319d23ad-dca6-4805-a721-87df2aae6795,We Love Your Step,EmoCosine,refos,D,16,Arcade,205,777,,Unrecorded,Hard,16.34
d5c8a901-67f1-4629-8dc7-1e72bafe6f2c,Ignis Fatuus(DM Ashura Mix),BanYa & DM Ashura,HP,S,16,Arcade,220,804,Bracket Drills; Bracket Runs; Bursty,Unrecorded,Hard,16.32
bfdd1d24-893e-4531-87c3-065305b589d5,DUEL,Cashew & D_AAN,FEFEMZ,S,16,Arcade,155,868,Bursty; Drills; Runs Without Twists,Unrecorded,Medium,16.32
bf2337fa-8612-47c5-b6f6-f2c07e3b3684,Dolly Kiss,SID-Sound,MINAMI,D,16,Arcade,149,,Bursty; Mid-4 Doubles; Twists,Unrecorded,Easy,16.29
4cced648-2fb5-4309-bae7-25e02eeaa1a1,Timing,HIGHTEEN,OSING,D,16,Arcade,164,874,Brackets; Bursty; Doublesteps,Unrecorded,Medium,16.29
8f5961b8-9f68-4c3f-9503-32dd9f4c0090,Loki,Lotze,EXC,S,16,Arcade,140,964,Drills; Runs; Runs Without Twists,Unrecorded,Medium,16.28
42b730f1-628c-411b-aa0a-183804ac2a02,Jogging,LUCY,NIMGO,D,16,Arcade,138,782,Co-op Pad Transitions; Cross-pad Transitions; Doublesteps,Unrecorded,Medium,16.27
eb21532a-2634-451c-9552-74bc5b6205fb,Idealized Romance,void,CONRAD,S,16,Arcade,140,807,Anchor Runs; Jumps; Runs Without Twists,Unrecorded,Hard,16.26
38d2bc52-a350-4be8-bd3d-2d6aef4cc715,Yo! Say!! Fairy!!!,MYUKKE.,SUNNY,S,16,Arcade,150,770,Bracket Jumps; Doublesteps; Twists,Unrecorded,Hard,16.26
9860b54c-1ec7-4a45-a3ee-c2766d3ac9eb,Chinese restaurant,Memme,EXC,S,16,Arcade,175,794,Anchor Runs; Bursty; Side-3 Singles,Unrecorded,Medium,16.25
ac3864a7-3cf2-44dd-9700-bb3a456bfb11,Full Moon,Dreamcatcher,NIMGO,S,16,Arcade,190,1018,5-Stairs; Side-3 Singles; Twists,Unrecorded,Medium,16.23
511a0c9b-9ba7-4f9f-a662-596cffc64377,NightTheater,*wakadori,FEFEMZ,D,16,Arcade,151,833,Brackets; Bracket Jumps; Mid-4 Doubles,Unrecorded,Hard,16.22
ef0b3927-28e2-480b-8d02-d2a00f1779df,La Cinquantaine,Pory,NIMGO,S,16,Arcade,164,864,Bursty; Drills; Side-3 Singles,Unrecorded,Medium,16.21
9a336ea8-b4f4-4079-9188-725f5867d3df,Murdoch vs Otada,ESPITZ vs WONDERTRAVELER Project,FEFEMZ,S,16,Arcade,180,822,Anchor Runs; Bursty; Drills,Unrecorded,Medium,16.19
0aeb52de-808a-47f6-81ba-bd5a54fc2271,Broken Karma (PIU Edit),Quree,NIMGO,S,16,Arcade,180,1078,Bursty; Drills; Side-3 Singles,Unrecorded,Hard,16.13
1ac2f377-2bf3-43e2-a4a0-d70a23a6f122,Houseplan,Houseplan,SUNNY,D,16,Arcade,128,704,Bursty; Jacks; Mid-4 Doubles,Unrecorded,Medium,16.13
4e8ee4f3-f701-45f9-80c5-f7cc0b968041,Legendary Dominion,Laur,EXC,S,16,Arcade,210,1000,5-Stairs; Runs; Runs Without Twists,Unrecorded,Hard,16.12
cae304c7-4ebd-4503-9a8b-afea648fdf97,Shub Niggurath,Nato,EXC,S,16,Arcade,220,906,5-Stairs; Anchor Runs; Side-3 Singles,Unrecorded,Medium,16.11
628e3657-4f4a-4052-a3ac-2ea282bf858f,See,Doin,DulKi,S,16,Arcade,293,789,5-Stairs; Drills; Twists,Unrecorded,Hard,16.11
9b9e6c6b-50d7-4bb2-acbf-39939eae578b,Mahika,The Musical Ghost,CONRAD,S,16,Arcade,188,890,Brackets; Bracket Twists; Bursty,Unrecorded,Medium,16.09
a592f81d-0f5e-4a13-bf29-57e00c8264ce,Imperium,sakuzyo,EXC,D,16,Arcade,174,750,Jacks; Runs; Runs Without Twists,Unrecorded,Easy,16.07
a095c64d-b667-495e-932b-467d1b445849,Dual Racing <RED vs BLUE>,Nato & r300k,CONRAD,S,16,Arcade,165,935,Jumps; Side-3 Singles; Sustained,Unrecorded,Medium,16.07
6ca656e1-f50a-4816-acab-91a8bddebbb1,Hi Bi,BanYa,KANG2,S,16,Arcade,145,634,Bursty; Runs; Runs Without Twists,Unrecorded,Hard,16.06
38bc164c-3179-4902-acc8-bc059926f64b,Goodtek,EBIMAYO,FEFEMZ,D,16,Arcade,190,685,Runs; Runs Without Twists; Twists,Unrecorded,Medium,16.04
1db95dc2-9317-4c27-8253-32c40e67c2ab,Papasito (feat.  KuTiNA),Yakikaze & Cashew feat. KuTiNA,FEFEMZ,D,16,Arcade,128,658,Anchor Runs; Bursty; Doublesteps,Unrecorded,Medium,16.03
87d9ca8c-3cfe-4446-a508-8d4440ab4dc0,GLORIA,Croire,CONRAD,D,16,Arcade,245,711,Anchor Runs; Jacks; Mid-4 Doubles,Unrecorded,Hard,16.03
591650d3-1fce-4c3a-8be5-5d6056b4f2ec,BSPower Explosion,Memme,OSING,S,16,Arcade,180,910,Anchor Runs; Brackets; Bracket Jumps,Unrecorded,Medium,16.02
5d3cfc67-0a4a-4338-9fd9-12d96463823e,BANG BANG,IVE (아이브),CONRAD,S,16,Arcade,152,822,Bracket Jumps; Runs; Runs Without Twists,Unrecorded,Medium,16.01
67ce80c9-38cb-4934-ab30-169e9f9c877c,Cynical,RiraN ft. Negoto Bunnyla,CONRAD,S,16,Arcade,155,852,,Unrecorded,Medium,15.97
67a7684a-cc6b-4e68-8b59-471a8f738e46,Interference - FULL SONG -,Doin,BPM,D,16,FullSong,180.4,1084,10-Stairs; Jacks; Sustained,Unrecorded,Medium,15.97
c53f90bc-edff-4121-9ac0-a20005f7efd5,Carmen Bus,StaticSphere & FUGU SUISAN,NIMGO,S,16,Arcade,170,753,Anchor Runs; Brackets; Side-3 Singles,Unrecorded,Medium,15.95
4855b579-3b04-4960-864f-f1fceab42ef1,4NT,PODA,OSING,S,16,Arcade,180,750,Bursty; Side-3 Singles; Twists,Unrecorded,Medium,15.92
e2b398b0-605e-4d7d-a8bb-f1afe5405f59,About The Universe,SOTUI & MIssionary,OSING,S,16,Arcade,180,918,Anchor Runs; Bursty; Doublesteps,Unrecorded,Easy,15.91
05c25ed0-de4a-4c4f-887e-17553c3fade4,Yog-Sothoth,Nato,PBTO90,S,16,Arcade,200,841,Drills; Side-3 Singles; Sustained,Unrecorded,Medium,15.9
cf5b928c-2b70-4e6b-bcb2-a337c2adcc6f,Pumping Jumping,BanYa Production,ANDAMIRO,S,16,Arcade,116,690,Brackets; Bracket Jumps; Bracket Runs,Unrecorded,Hard,15.87
3f7dc74c-90c7-4212-a957-a2b14a41fd69,"Simon Says, EURODANCE!! (feat. Sara☆M)",Jehezukiel?KAZEMURA?Hideky,,S,16,Arcade,180,874,Jumps; Runs Without Twists; Sustained,Unrecorded,Medium,15.86
7b4e483c-4bdc-4304-8df2-faa58c1c8a67,Giselle,Sobrem a.k.a. Widowmaker,DulKi,S,16,Arcade,128 ~ 128,981,Bursty; Drills; Twists,Unrecorded,Easy,15.86
0d300f2d-8e75-4ce7-a844-5e60afca5a4e,Euphorianic,SHK,CONRAD,S,16,Arcade,140,874,Runs; Runs Without Twists; Twists,Unrecorded,Medium,15.86
61b88ff9-8afc-48db-8042-38e2e00ee2e8,Nemesis,M2U,EXC,S,16,Arcade,160,1000,Brackets; Bracket Jumps; Jumps,Unrecorded,Medium,15.85
051b6379-5f92-4b04-8d2c-83dd2f4f8ad6,Fallen Angel,DM Ashura ft. Ariel,KAHRUNYA,D,16,Arcade,157,800,10-Stairs; Co-op Pad Transitions; Cross-pad Transitions,Unrecorded,Medium,15.85
f8923f1d-8b7f-4501-bf52-11e07bef707e,Cycling!,Yamajet feat. あまね (COOL&CREATE),MINAMI,D,16,Arcade,220,823,Doublesteps; Jumps; Mid-4 Doubles,Unrecorded,Medium,15.85
50ace720-b74d-4da6-ab25-23b1f1368b1d,Super Fantasy,SHK,EXC,S,16,Arcade,145,1000,Runs; Runs Without Twists; Sustained,Unrecorded,Medium,15.84
3b3adcd4-729f-4cdb-975b-8d61b2d89405,Viyella's Nightmare,Laur,,S,16,Arcade,,853,Doublesteps; Jumps; Sustained,Unrecorded,Easy,15.83
3f8e20da-a6d2-4853-97b9-ec9710f9032c,Removable Disk0,Doin,NIMGO,D,16,Arcade,130,731,Bracket Jumps; Doublesteps; Jumps,Unrecorded,Medium,15.82
e69409d6-7e0b-4c1f-947f-7bdd13747ed6,Repentance,Abel,WINDFORCE,S,16,Arcade,240,774,5-Stairs; Sustained; Twists,Unrecorded,Medium,15.79
fddb66ef-4d9a-47fa-a94e-a6c6b546eeef,Ultimate Eyes,HyuN,SUNNY,S,16,Arcade,185,825,5-Stairs; Jacks; Side-3 Singles,Unrecorded,Medium,15.78
8bd408e9-2e6a-4275-9abd-cff200cfa726,Annihilator Method,DM Ashura,EXC,D,16,Arcade,192,543,Cross-pad Transitions; Jacks; Twists,Unrecorded,Hard,15.77
5bf4fd68-b9ca-4bc3-a508-dc17d605d69e,Visual Dream II (In Fiction),Aragon,BANNIE,S,16,Arcade,175,,Anchor Runs; Bursty; Runs Without Twists,Unrecorded,Hard,15.76
1383bbac-0bcc-481e-a791-59b7b500914c,†DOOF†SENC†,Kobaryo,CONRAD,D,16,Arcade,200,811,Brackets; Bracket Jumps; Mid-4 Doubles,Unrecorded,Medium,15.76
e652974b-9055-4f0e-8a49-13a6cc1e10ca,iRELLiA,HyuN,CONRAD,D,16,Arcade,204,632,Runs; Runs Without Twists; Sustained,Unrecorded,Medium,15.75
6143a6f8-33cf-4b7f-98ae-197dfb1591af,Paved Garden,Ginkiha,OSING,S,16,Arcade,187,954,Brackets; Bracket Runs; Footswitches,Unrecorded,Medium,15.75
b736eec3-6abd-44ee-a934-250f7bfa2680,Jogging,LUCY,NIMGO,S,16,Arcade,138,798,5-Stairs; Doublesteps; Twists,Unrecorded,Easy,15.73
ab00d739-584c-4dc5-98d3-185561bea3b3,Jupin - SHORT CUT -,Sobrem,SPHAM,D,16,ShortCut,173,666,Cross-pad Transitions; Runs; Runs Without Twists,Unrecorded,Medium,15.72
0842b4b5-c53f-4c08-9269-03f49187f8fa,N,BanYa,BPM,S,16,Arcade,106,602,Brackets; Bracket Runs; Bracket Twists,Unrecorded,Hard,15.72
a0656b4d-73e0-41a1-b479-e35a4d51cc48,SUPER☆HARAGURO☆POP,Zekk,refos,S,16,Arcade,160,888,Brackets; Bracket Jumps; Jacks,Unrecorded,Medium,15.71
0d4e84a3-f1d9-41df-af46-79a2bdf88282,Point Zero One,SynthWulf,NIMGO,S,16,Arcade,170,978,Bursty; Drills; Jacks,Unrecorded,Easy,15.71
79eac677-8f41-477b-878b-b5ff61b7f37f,* this game does not exist *,litmus* x Ester,DulKi,S,16,Arcade,40 ~ 40,800,5-Stairs; Doublesteps; Jumps,Unrecorded,Medium,15.66
c458f159-b5e6-4aec-9767-7a5376510348,Unique,SHK,BPM,D,16,Arcade,145,873,Bursty; Mid-4 Doubles; Twists,Unrecorded,Medium,15.66
c9c4a4d2-2d29-4e41-87b4-3be8af837238,Versailles,HyuN & MIIM,CONRAD,S,16,Arcade,160 ~ 160,864,Anchor Runs; Bursty; Drills,Unrecorded,Medium,15.66
58de2187-5673-450a-8e9b-1fee411089a9,Cross Ray,HyuN,SUNNY,S,16,Arcade,176,998,Doublesteps; Jacks; Side-3 Singles,Unrecorded,Medium,15.63
bbfae2c3-274e-4be3-a023-9bb1060f9cec,HELIX,ESTi,MINAMI,S,16,Arcade,175,717,5-Stairs; Runs; Twists,Unrecorded,Easy,15.62
28c39c69-2535-44ec-8e2c-c76292df1814,Hardkore of the North,Diclonius Kid,HP,D,16,Arcade,190,764,Bursty; Co-op Pad Transitions; Twists,Unrecorded,Medium,15.59
9b09b4e3-5171-4946-abc3-bec7ae083c15,Solfeggietto,Unknown,WINDFORCE,D,16,Arcade,157,844,Bursty; Drills; Mid-4 Doubles,Unrecorded,Hard,15.56
35841ef6-436d-44d6-9937-8f0c18cbbb1d,Crash-Landing Rendezvous,Xyris,FEFEMZ,S,16,Arcade,128 ~ 128,1039,Bursty; Drills; Jacks,Unrecorded,Medium,15.56
fb0de0b0-8d71-4d02-8376-f99230601b10,Nade Nade,Doin,NIMGO,D,16,Arcade,100,902,Brackets; Runs; Twists,Unrecorded,Easy,15.55
817c8efb-fa0f-4e0f-80d9-b500cac0fa29,Doppelganger,MonstDeath,CONRAD,S,16,Arcade,210,780,5-Stairs; Brackets; Sustained,Unrecorded,Medium,15.54
42e98012-7228-4f96-8cf3-5d3202069c13,Maria,BanYa,WINDFORCE,S,16,Arcade,136,641,5-Stairs; Runs; Runs Without Twists,Unrecorded,Medium,15.53
9fdbcd7d-6cf4-402b-9f0d-5f2e9ef8e9be,Pull me up (Feat. Monya),Applesoda,SUNNY,S,16,Arcade,160,800,,Unrecorded,Easy,15.53
a51b6992-56d6-434f-baed-3ee8d6caa241,POINT ZERO 2,SynthWulf,FEFEMZ,S,16,Arcade,170,858,5-Stairs; Anchor Runs; Side-3 Singles,Unrecorded,Medium,15.52
75f2b57d-39ea-4fba-91f6-92ecc391ca7d,The Apocalypse,HyuN feat. Elika,CONRAD,S,16,Arcade,171,900,Bursty; Drills; Jumps,Unrecorded,Easy,15.51
9d1be94f-7b86-46a0-8431-8d98bfa2c0bd,Stardream -Eurobeat Remix- - SHORT CUT -,MAX x Cashew x Dave Rodgers,GGWANG,S,16,ShortCut,160,700,Brackets; Doublesteps; Twists,Unrecorded,Medium,15.5
1b5e84db-9928-44a5-a726-335d0ba565d2,BATTLE NO.1,TANO*C Sound Team,DulKi,D,16,Arcade,200,829,Drills; Jacks; Mid-6 Doubles,Unrecorded,Medium,15.47
474c97ff-33da-41e2-a3d0-4c543886b29f,Annihilator Method,DM Ashura,EXC,S,16,Arcade,192,794,5-Stairs; Footswitches; Jacks,Unrecorded,Hard,15.47
613ed1c6-6399-4b33-89c2-290d5e2d3e15,Black Swan,zeron,EXC,S,16,Arcade,175,937,Bursty; Drills; Side-3 Singles,Unrecorded,Medium,15.46
7d8b28fa-9dbd-4d85-a93a-d458373c08f8,The Apocalypse,HyuN feat. Elika,CONRAD,D,16,Arcade,171,800,Brackets; Drills; Mid-4 Doubles,Unrecorded,Medium,15.45
2603f482-eab9-4412-86ec-4d7c54457def,Showdown,litmus*,CONRAD,D,16,Arcade,130,578,Doublesteps; Jacks; Jumps,Unrecorded,Medium,15.45
153b3722-39f0-4865-aa7e-21c04b56f4eb,Horang Pungryuga,Sangnoksu feat. HANANA,EXC,D,16,Arcade,160,755,Co-op Pad Transitions; Runs; Twists,Unrecorded,Medium,15.43
3026672b-fea3-4af9-b149-b93e0c9d8c0d,Lepton Strike,Nato,OSING,S,16,Arcade,183,948,Anchor Runs; Drills; Sustained,Unrecorded,Medium,15.43
e6e87c60-7cc4-4899-9675-c788e5b993eb,Elise,DM Ashura,HP,S,16,Arcade,162,892,Anchor Runs; Brackets; Bracket Jumps,Unrecorded,Medium,15.41
49de5b7c-69ae-4885-8cb2-d44b1e9f6acb,Athena's Shield,Jehezukiel,SUNNY,S,16,Arcade,176,952,5-Stairs; Bursty; Side-3 Singles,Unrecorded,Medium,15.4
834be920-6e24-4d64-a53a-909ca0bd4a91,Crimson Hood,Springhead,NIMGO,S,16,Arcade,190,1016,Brackets; Doublesteps; Drills,Unrecorded,Easy,15.38
16e21479-e22b-4f02-a59b-2d6643579f2f,Wicked Legend,D_AAN,WINDFORCE,S,16,Arcade,150,666,Anchor Runs; Bracket Jumps; Runs Without Twists,Unrecorded,Medium,15.35
617c96c1-f4e6-4ad9-8e8f-07c82c8a6fbe,Tropicanic,SHK,SUNNY,S,16,Arcade,145,905,5-Stairs; Anchor Runs; Runs Without Twists,Unrecorded,Medium,15.33
c3dda8c6-dff7-4164-bbfe-0dada848b9f5,All I Want For X-mas,BanYa,SUNNY,D,16,Arcade,130,534,Brackets; Bracket Jumps; Mid-4 Doubles,Unrecorded,Medium,15.33
8ab68362-e79d-4fd6-8e16-33cfe4abefc2,Eternal Universe,Quree,SUNNY,S,16,Arcade,200,820,Bursty; Doublesteps; Jacks,Unrecorded,Medium,15.33
70f6757b-9758-411d-8882-044163fc817d,Smile Diary,you,NIMGO,S,16,Arcade,175,866,Bracket Jumps; Footswitches; Jumps,Unrecorded,Medium,15.31
05cc9832-c7e2-4020-9f65-6730de3c3be1,The Last Rebellion,MonstDeath,GGWANG,S,16,Arcade,199,650,5-Stairs; Runs; Twists,Unrecorded,Medium,15.31
ae709ecf-2168-4e13-b9c1-a2eeb22fed71,Cycling!,Yamajet feat. あまね (COOL&CREATE),MINAMI,S,16,Arcade,220,834,Jumps; Side-3 Singles; Twists,Unrecorded,Medium,15.29
0a57bc18-9ace-45cf-9062-cd10e66f8e65,CALL ME BACK,TNX,SUNNY,S,16,Arcade,128,844,5-Stairs; Bracket Jumps; Doublesteps,Unrecorded,Medium,15.28
cf405d77-1e75-4246-9f1b-0433e025ed1d,Energy Synergy Matrix,Tanchiky,DulKi,S,16,Arcade,160,840,Drills; Footswitches; Jacks,Unrecorded,Easy,15.28
58143238-7898-4646-8d70-da0cfcdd3795,Goodtek,EBIMAYO,FEFEMZ,S,16,Arcade,190,926,Anchor Runs; Runs Without Twists; Side-3 Singles,Unrecorded,Easy,15.19
88a527fc-0d7a-4ad6-a7b8-d75c9197de23,The Quick Brown Fox Jumps Over The Lazy Dog,Doin,NIMGO,S,16,Arcade,200,1003,5-Stairs; Anchor Runs; Drills,Unrecorded,Easy,15.16
1d01f4e1-a0bc-4e59-b55a-ad1e1334bbcb,Orbit Stabilizer,DM Ashura,NIMGO,S,16,Arcade,155,900,Drills; Runs; Runs Without Twists,Unrecorded,Hard,15.15
7025963d-aa41-4699-844a-f1051d174576,Perpetual,Qu-ail,WINDFORCE,S,16,Arcade,180,880,Bursty; Drills; Jacks,Unrecorded,Easy,15.14
dbe643ab-d8a9-4be5-b1e6-d862a28660a8,Pneumonoultramicroscopicsilicovolcanoconiosis ft. Kagamine Len/GUMI,DASU,,S,16,Arcade,,1470,Doublesteps; Jumps; Sustained,Unrecorded,Easy,15.14
0164fe9b-0d26-4551-9b79-166af7ee58c0,Exceed2 Opening - SHORT CUT -,BanYa,SANDSTORM,S,16,ShortCut,178,578,Brackets; Bracket Jumps; Bursty,Unrecorded,Medium,15.13
925d7732-658a-4529-845b-4096551fdd9e,Curiosity Overdrive,t+pazolite,DulKi,D,16,Arcade,192,787,Jacks; Mid-6 Doubles; Twists,Unrecorded,Medium,15.13
00b9596b-b677-4171-bd6a-8b017d218e22,Time Attack <BLUE>,r300k,WINDFORCE,D,16,Arcade,119,787,Cross-pad Transitions; Doublesteps; Mid-6 Doubles,Unrecorded,Easy,15.11
572d70e4-7c1f-48a7-a90c-47787a1c984a,8 6,Dasu,EXC,S,16,Arcade,167,1500,Doublesteps; Sustained; Twists,Unrecorded,Medium,15.1
d0fc0e62-37b8-41ff-878a-b0a1b1df7db9,B3,MAX,CONRAD,S,16,Arcade,160,888,Brackets; Doublesteps; Runs Without Twists,Unrecorded,Medium,15.1
c20a4dca-0fb3-429c-8eb9-818cb6810748,PRIME,TatshMusicCircle,NIMGO,D,16,Arcade,165,775,Mid-4 Doubles; Mid-6 Doubles; Twists,Unrecorded,Hard,15.1
2d0ccb7e-eb61-4078-8ae6-635dd8d0dec2,Rush-More,litmus*,SPHAM,S,16,Arcade,160,750,Anchor Runs; Sustained; Twists,Unrecorded,Medium,15.09
10335c51-d036-4eb7-bcd2-f04b81f74475,Pop The Track - SHORT CUT -,J-Mi & Midi-D Ft. Hanna Stockzell,WINDFORCE,D,16,ShortCut,160,882,Brackets; Bursty; Doublesteps,Unrecorded,VeryHard,15.09
2132f012-e1a4-4e31-98e7-367eee5625b4,Do the Dance,ILLIT (아일릿),CONRAD,D,16,Arcade,130,715,Doublesteps; Mid-6 Doubles; Sustained,Unrecorded,Medium,15.04
3a6b6e4b-de76-4e70-8ea6-0aa0a56349b7,XX OPENING - SHORT CUT -,MAX,SUNNY,S,16,ShortCut,175,700,Brackets; Bracket Jumps; Bracket Twists,Unrecorded,Medium,15.03
9ac7298a-519c-464e-b7db-b56a22269f8c,Ercitite,Doin x neur6sia,FEFEMZ,D,16,Arcade,135,827,,Unrecorded,Medium,15.02
81fe5408-2762-4500-acb5-03aad34f012e,Imaginarized City,Reku Mochizuki,GGWANG,S,16,Arcade,156,870,Brackets; Bracket Twists; Twists,Unrecorded,Medium,15.02
8fdea143-6fa6-417e-9310-b925847edfcb,The Stranger,ONF (온앤오프),CONRAD,D,16,Arcade,116,833,Anchor Runs; Doublesteps; Jumps,Unrecorded,Medium,15
1ca2a81a-03ef-437d-b88a-ba86fc091303,EMOMOMO,Ras,SUNNY,S,16,Arcade,145,1030,Doublesteps; Runs; Runs Without Twists,Unrecorded,Medium,14.98
7117e6bd-2799-4ad7-8641-168028c409f4,DIE ANOTHER DAY,TNX,NIMGO,D,16,Arcade,98,887,Cross-pad Transitions; Mid-4 Doubles; Twists,Unrecorded,Easy,14.95
5ff132c7-dc24-47f4-a2f8-5509fa0a9bd7,Mitotsudaira,ETIA.,NIMGO,D,16,Arcade,136,822,Bursty; Mid-6 Doubles; Twists,Unrecorded,Medium,14.94
190b5fc8-cc2b-4487-8181-69389e71af1b,OVERNIGHT FLOWER,P*Light,CONRAD,S,16,Arcade,210,891,Doublesteps; Drills; Runs,Unrecorded,Easy,14.93
a010b66d-f3de-45b1-8af1-e50fa81283ae,Chobit Flavor,aran & t+pazolite,CONRAD,S,16,Arcade,180,785,Anchor Runs; Doublesteps; Jumps,Unrecorded,Medium,14.92
a8f210a9-04b3-4f03-ab0d-4b83861c9950,Clematis Rapsodia,Jehezukiel,BME,D,16,Arcade,260,900,Jumps; Mid-4 Doubles; Mid-6 Doubles,Unrecorded,Medium,14.92
28ee47a7-b7d8-43e7-aeff-6bc0fda4e1a5,Pop The Track,J-Mi & Midi-D Ft. Hanna Stockzell,BPM,S,16,Arcade,160,763,Anchor Runs; Doublesteps; Jumps,Unrecorded,Medium,14.86
2ca45a7c-db4b-43fa-890a-6a39f3b892a7,Lucky Star,INFX feat. Miori Celesta,CONRAD,D,16,Arcade,180,920,,Unrecorded,Easy,14.78
3530ed03-86ef-4738-9ead-14d3403f194b,Little Munchkin,Castellia,OSING,S,16,Arcade,180,845,Bursty; Doublesteps; Side-3 Singles,Unrecorded,Easy,14.76
eed8f1ac-cc48-4e54-866d-d4cf2e5e91a2,Transacaglia in G-minor,ATAS,SUNNY,S,16,Arcade,158,794,Jacks; Side-3 Singles; Twists,Unrecorded,Medium,14.73
66707d16-a646-4db3-84f6-f977e976d2df,FLVSH OUT,Getty,SUNNY,S,16,Arcade,160,728,Doublesteps; Jacks; Sustained,Unrecorded,Medium,14.71
9b6f9bf0-c342-4086-9001-631bb30db863,HELIX,ESTi,MINAMI,D,16,Arcade,175,681,Co-op Pad Transitions; Drills; Mid-4 Doubles,Unrecorded,Medium,14.71
3ecd4d3a-8c8e-4b6f-9e2e-cd180e248973,Airplane,TYPHOON,NIMGO,D,16,Arcade,120,785,Co-op Pad Transitions; Doublesteps; Drills,Unrecorded,Easy,14.71
35059616-a5b4-4162-b6c0-4b9843f0d45c,Lohxia,The Musical Ghost,CONRAD,S,16,Arcade,155,785,Brackets; Bursty; Drills,Unrecorded,Medium,14.68
73c21fad-bd14-4504-83da-137e011e9941,ESP,Nato,CONRAD,D,16,Arcade,175,700,Cross-pad Transitions; Jacks; Runs Without Twists,Unrecorded,Easy,14.56
755f70ab-f86f-41c4-a0b4-52b9a477731c,Spooky Macaron,Sobrem,CONRAD,D,16,Arcade,201,768,Anchor Runs; Mid-6 Doubles; Runs,Unrecorded,Easy,14.56
9f099671-abe3-4641-9a4c-4581e1e5715a,"Dizzy Dance, Street Light",WyvernP,NIMGO,S,16,Arcade,128,1006,,Unrecorded,Easy,14.5
d3757251-7677-41f3-82b5-a61a8346eb7c,404 (New Era),KiiiKiii (키키),NIMGO,S,16,Arcade,127,1007,Brackets; Doublesteps; Jumps,Unrecorded,Easy,14.48
c2dfd6b2-27ed-461a-8932-2a2c577b17ac,Rise Up (feat. Miori Celesta),memme,CONRAD,S,16,Arcade,190,812,,Unrecorded,Easy,14.35
a02988c5-5b99-4613-8743-24933516f80b,Antique Serenade,Abel,GGWANG,S,16,Arcade,214,850,,Unrecorded,Easy,14.21
ff626956-7cd8-42db-92de-a10d0b37e526,DESTRUCIMATE,KURORAK,CONRAD,S,16,Arcade,193,833,Bursty; Jacks; Sustained,Unrecorded,Easy,14.07
0ebdc7f5-8f15-4f1f-bb3a-8db6e0446345,Last Rebirth,SHK,BANNIE,S,16,Arcade,120,1084,Bracket Twists; Side-3 Singles; Twists,Unrecorded,Medium,14.07
baaa68da-7179-4872-b34c-be4c76caaac7,Fires of Destiny,Jehezukiel,BME,S,16,Arcade,155,753,Bracket Jumps; Footswitches; Jumps,Unrecorded,Medium,14.06
4b30d5f8-cc20-4940-93cd-d48cc727604e,Underworld ft. Skizzo (PIU Edit.),MonstDeath vs Neutral Moon,BME,S,16,Arcade,190,823,5-Stairs; Footswitches; Twists,Unrecorded,Hard,13.9
e46e1f3b-50ec-481f-b6be-8263ffc7d139,Rage of Fire,MAX,OSING,S,16,Arcade,155,1004,Anchor Runs; Bracket Jumps; Bursty,Unrecorded,Easy,13.9
724f20e9-6eb1-4bff-aa07-40a3da592a97,Danger & Danger,Cranky,FEFEMZ,S,16,Arcade,155,806,Anchor Runs; Jacks; Runs Without Twists,Unrecorded,Medium,13.81
9f238b66-ce44-49af-a72f-8903a0c314fd,Jam O Beat,BanYa Production,Rune,S,16,Arcade,120,571,Bracket Jumps; Sustained; Twists,Unrecorded,VeryHard,13.77
f1c7b9d1-5590-4489-969c-2b762d1870ff,Street show down,BanYa,ANDAMIRO,S,16,Arcade,124,714,Bursty; Jumps; Twists,Unrecorded,Hard,13.73
d94857e4-bb6d-40d7-a449-05cc310ee8ef,Digitalis,NeLiME,SPHAM,D,16,Arcade,160,777,Co-op Pad Transitions; Mid-6 Doubles; Sustained,Unrecorded,VeryEasy,13.47
a6b53d77-d13b-4928-828c-b390acffc8ef,Stardust Overdrive - SHORT CUT -,typeMARS,EXC,S,16,ShortCut,175,875,Bursty; Jacks; Staggered Brackets,Unrecorded,Medium,13.44
c002d5f1-e880-4ea3-8778-b807e6a6d5ca,X-Rave - SHORT CUT -,DM Ashura,SANDSTORM,S,16,ShortCut,147,811,Bursty; Runs; Runs Without Twists,Unrecorded,Medium,13.43
1c014ae7-cc1c-40ef-a227-147232fa3ddc,Unique - SHORT CUT -,SHK,ANDAMIRO,D,16,ShortCut,145,647,Bracket Twists; Jacks; Runs Without Twists,Unrecorded,Easy,13.39
e2d622a3-ed44-456e-8572-29da5aa90f92,Avalanche,Memme,MIKEFS,S,16,Arcade,175,1065,Bursty; Jacks; Side-3 Singles,Unrecorded,Hard,0
a6919bcf-9375-42d9-a112-1dceca70ea59,Awakening,typeMARS,OSING,S,16,Arcade,150,1000,Runs Without Twists; Side-3 Singles; Twists,Unrecorded,Medium,0
f29192e0-ceee-4b5f-9a47-9b824dc0d904,B2,MAX,HP,S,16,Arcade,158,823,Brackets; Bursty; Jacks,Unrecorded,Medium,0
a6b085fc-5683-47cb-a088-2c4b0c594573,Banya-P Classic Remix,BanYa Production,BPM,D,16,Remix,92 ~ 92,862,10-Stairs; Cross-pad Transitions; Jacks,Unrecorded,Medium,0
d00e645e-2686-4708-ab36-f06c45aaa547,Beat of The War,BanYa,ANDAMIRO,S,16,Arcade,140 ~ 140,,Footswitches; Jumps; Twists,Unrecorded,Medium,0
38903531-d263-4449-90ac-6be6a24af4c8,Betrayer,BanYa,NIMGO,S,16,Arcade,92,745,Anchor Runs; Drills; Twists,Unrecorded,Easy,0
c69d3e78-b87e-451d-b6cf-e036f9b5c9af,Blaze Emotion,Yahpp,ANDAMIRO,S,16,Arcade,170,884,Bursty; Jacks; Side-3 Singles,Unrecorded,Hard,0
7fea4861-906e-4c23-ad20-21506793f052,Break Out,Lunatic Sounds,CONRAD,S,16,Arcade,175,826,Drills; Jacks; Jumps,Unrecorded,Medium,0
25684ad3-bd91-4528-b436-769e062347a2,Campanella,Cashew,EXC,S,16,Arcade,140,600,Bracket Runs; Hold Footslides; Jacks,Unrecorded,VeryHard,0
28e61c4a-d438-4b3a-92e5-1855489e3426,Clue,Transin,NIMGO,S,16,Arcade,140,,Doublesteps; Jumps; Twists,Unrecorded,Medium,0
97ecf8e0-509b-407e-a816-1d51fe094f1d,Do It Reggae Style,BanYa Production,BPM,D,16,Arcade,96,550,Cross-pad Transitions; Jacks; Twists,Unrecorded,Medium,0
4ba64de3-1fed-486c-b422-03080878f352,Dr. M,BanYa,ANDAMIRO & BPM,S,16,Arcade,145,558,Anchor Runs; Drills; Footswitches,Unrecorded,Underrated,0
f733d21d-2121-4f5a-a2ca-cd6d9bbce18d,Forgotten Vampire,WyvernP,SUNNY,S,16,Arcade,137,813,Anchor Runs; Runs; Runs Without Twists,Unrecorded,Medium,0
27c0b133-1892-42cf-bf00-c4b731e12f83,Further,Doin,SUNNY,S,16,Arcade,194,755,Doublesteps; Jumps; Sustained,Unrecorded,Medium,0
268671df-48ef-43be-889e-8205ec5041cd,HUSH - FULL SONG -,Yassi Pressman & Nadine Lustre,NIMGO,D,16,FullSong,82,1070,Co-op Pad Transitions; Drills; Twists,Unrecorded,Medium,0
51fb1c6a-bf37-468a-ba19-0f80e2bc4057,Karyawisata,Vesuvia x REDSHiFT,CONRAD,S,16,Arcade,150 ~ 150,910,Bursty; Runs; Runs Without Twists,Unrecorded,Medium,0
7c42006a-7fa7-49ff-bb64-87571eacec79,Kasou Shinja,MAX,NIMGO,S,16,Arcade,170,967,Bursty; Drills; Jumps,Unrecorded,Medium,0
3cd6d4c7-d12e-4e70-ac27-bf53ab895997,Lala,Yassi Pressman,SUNNY,D,16,Arcade,126,700,Doublesteps; Jumps; Sustained,Unrecorded,Easy,0
5f5683a8-e331-4564-8cbf-7da2ee97ffce,Love is a Danger Zone 2 Try To B.P.M,BanYa,,S,16,Remix,,,Jacks; Sustained; Twists,Unrecorded,VeryHard,0
43d707eb-73b6-43f5-a425-2599a534c4e3,Mental Rider,SQUAR,ENVYtic,S,16,Arcade,120 ~ 120,888,Drills; Runs; Twists,Unrecorded,Medium,0
812b8fc1-2ecb-4d28-b8f1-c92d2144e9eb,Meteorize,Paul Bazooka,ENVYtic,S,16,Arcade,136,764,Bracket Jumps; Jacks; Side-3 Singles,Unrecorded,Medium,0
775ee9c1-8a30-4225-8642-c43b276fff83,My Way,BanYa,ANDAMIRO,D,16,Arcade,118,,Brackets; Bracket Jumps; Bracket Runs,Unrecorded,Hard,0
5b94bb13-0277-46ea-9313-b3f49e5ccd0b,N,BanYa,HP,D,16,Arcade,106,568,Bracket Twists; Bursty; Co-op Pad Transitions,Unrecorded,VeryHard,0
637f8481-7644-4c31-b6ec-913f82e379d3,NX Opening - SHORT CUT -,Yahpp,ANDAMIRO,S,16,ShortCut,133,745,Anchor Runs; Drills; Twists,Unrecorded,Hard,0
20117c25-4f00-4c26-93a6-4719049964dc,Papa Gonzales,BanYa,KANG2,S,16,Arcade,145,597,Bracket Jumps; Bursty; Drills,Unrecorded,VeryHard,0
4e20a7e6-aec4-4e90-9487-cace1a49aee7,PRIME,TatshMusicCircle,NIMGO,S,16,Arcade,165,842,Jacks; Runs; Runs Without Twists,Unrecorded,Medium,0
9565c061-56ff-453c-b184-d44633809911,Pumptris Quattro,Yahpp,BPM,D,16,Arcade,153,754,10-Stairs; Jacks; Twists,Unrecorded,Medium,0
649abe6d-9106-40ae-8fad-1361e8783a83,Red Snow,Cashew,EXC,S,16,Arcade,170,,Bursty; Drills; Jacks,Unrecorded,Underrated,0
1a12ad86-faea-42d7-9979-7e93cc8fe29a,Stardust Overdrive,typeMARS,CONRAD,S,16,Arcade,175,,Brackets; Bracket Runs; Side-3 Singles,Unrecorded,Medium,0
b2c54b25-71d2-4770-914b-bb12e3730240,Vacuum Cleaner,Doin,BPM,S,16,Remix,222.22,1061,Bracket Jumps; Footswitches; Jumps,Unrecorded,Hard,0
96d46e2c-780b-47c9-999d-a5b38ee50074,Winter - SHORT CUT -,BanYa,BPM,S,16,ShortCut,168,1020,Anchor Runs; Bursty; Twists,Unrecorded,Easy,0
d8131076-7d19-44af-8b1e-6923d25dae78,You again my love,CYO Style & Henohenomoheji,AYAPPING,D,16,Arcade,137,653,10-Stairs; Co-op Pad Transitions; Drills,Unrecorded,Hard,0
08bb9ecf-8725-401e-b747-88405f211433,Robot battle,CYO Style,EXC,S,15,Arcade,198,555,Anchor Runs; Runs; Twists,Unrecorded,Underrated,19.28
0bedf608-b33e-4760-a251-bd8fccd3ddb3,Mental Rider,SQUAR,ENVYtic,D,15,Arcade,120 ~ 120,597,Footswitches; Jacks; Twists,Unrecorded,Underrated,18.97
d239d012-9e3d-4820-97cb-0eaf58008bed,Rave'til the earth's end,5argon,NIMGO,S,15,Arcade,160,638,Anchor Runs; Drills; Footswitches,Unrecorded,VeryHard,18.9
73717b34-bfc0-42f1-b308-6d47d7bead29,Hey U,MAZO,NIMGO,S,15,Arcade,162,626,Bursty; Jumps; Runs Without Twists,Unrecorded,Hard,18.84
7208c9bf-da32-4cc6-b4c2-30f5ef176bab,Pump Jump,BanYa,ANDAMIRO,S,15,Arcade,106,524,5-Stairs; Jumps; Twists,Unrecorded,Underrated,18.77
0cf2fd98-a085-4aa1-8cfb-952dfa0d734d,Get Up,BanYa,ANDAMIRO,D,15,Arcade,180,394,Co-op Pad Transitions; Runs Without Twists; Twists,Unrecorded,VeryHard,18.73
2593b71b-7a0b-4430-9b74-fce27c50758f,Conflict,Siromaru + Cranky,EXC,S,15,Arcade,160,785,Jacks; Side-3 Singles; Sustained,Unrecorded,Hard,18.72
3d3773e7-ecab-4e8f-94ea-713d886979a0,Bullfighter's Song,BanYa Production,SUNNY,S,15,Arcade,168,561,Brackets; Bracket Twists; Twists,Unrecorded,Hard,18.68
3a3a04c7-265f-42c4-9974-c41fad46f35a,Time Attack <BLUE>,r300k,WINDFORCE,S,15,Arcade,119,778,Jumps; Sustained; Twists,Unrecorded,Medium,18.68
26aa5e9a-e1a4-407b-855a-98cd37c73296,Prime Time,Cashew,AEVILUX,S,15,Remix,190,1000,5-Stairs; Anchor Runs; Doublesteps,Unrecorded,VeryHard,18.68
deeb1ede-25e4-4189-ba1a-da78f9ed4b1c,Pine Nut,Doin,HP,S,15,Arcade,200,641,Footswitches; Jacks; Sustained,Unrecorded,Medium,18.63
f164813b-80e6-4581-82f0-402fb4e73675,BLAZOR,WONDERTRAVELER Project,GGWANG,S,15,Arcade,161,750,Bursty; Jumps; Twists,Unrecorded,VeryHard,18.62
fc862d19-02c1-436c-a397-262614c26482,Cross Over feat. LyuU,HyuN feat. LyuU,NIMGO,D,15,Arcade,200,686,Mid-4 Doubles; Mid-6 Doubles; Twists,Unrecorded,Hard,18.62
0de9eed8-8571-4887-8a50-3cecd0be284a,Mr. Larpus,BanYa,Kwon Oh-Seok,S,15,Arcade,190,500,Footswitches; Runs; Twists,Unrecorded,VeryHard,18.61
d03407f7-db9e-4843-b816-b747eaad69a6,Festival of Death Moon,SHK,AEVILUX,S,15,Arcade,204,800,Jumps; Sustained; Twists,Unrecorded,Hard,18.61
3bf3527c-0bcd-42ad-adee-f80a122cf01f,District 1,MAX,WINDFORCE,S,15,Arcade,158,902,Brackets; Bracket Jumps; Drills,Unrecorded,VeryHard,18.6
f95fe689-20d0-4d4d-9a57-ba88dc345ac3,Cutie Song,Memme,BME,S,15,Arcade,174,615,Doublesteps; Jumps; Sustained,Unrecorded,Medium,18.6
8266aa27-2678-4bdb-b676-2c454c460816,X-Tream,BanYa,ANDAMIRO,D,15,Arcade,162,459,Cross-pad Transitions; Runs; Twists,Unrecorded,Hard,18.58
dee3a902-8638-427e-9336-7b9cfc9719b5,2006. LOVE SONG,BanYa Production,HP,S,15,Arcade,96,500,Jumps; Sustained; Twists,Unrecorded,Hard,18.58
24abdb8b-3ddf-41f0-b0f0-b8d249aac7e2,Jonathan's Dream,MAX & Seorryang (SID-SOUND),HP,D,15,Arcade,140,758,Anchor Runs; Cross-pad Transitions; Mid-6 Doubles,Unrecorded,Medium,18.57
77118bb7-aa08-4080-8d51-eef9aaa2a211,Fly High,Dreamcatcher,BME,S,15,Arcade,154,737,Anchor Runs; Bursty; Jumps,Unrecorded,Medium,18.57
50bcdf14-c754-47c3-aa36-afdffb25b722,Allegro Furioso,DM Ashura,EXC,D,15,Arcade,176,698,Bursty; Mid-4 Doubles; Twists,Unrecorded,Underrated,18.57
359189ad-c633-4d1c-8cb5-6d9d8cac4e8c,Dignity,Crash,ANDAMIRO,S,15,Arcade,195,537,Runs; Runs Without Twists; Twists,Unrecorded,VeryHard,18.56
87bb1a13-a6ad-4403-b3d5-00b7008cb712,Rave'til the earth's end,5argon,NIMGO,D,15,Arcade,160,498,Jumps; Sustained; Twists,Unrecorded,VeryHard,18.56
8586338d-592e-4b16-8025-92ec7ca602f8,Stardream (feat. Romelon),Cashew & Rorychesell (SID-SOUND),BME,S,15,Arcade,160,727,Bursty; Side-3 Singles; Twists,Unrecorded,Medium,18.55
cffca2bd-3b7c-4dc2-844a-13f2b4d9cb24,Wedding Crashers - SHORT CUT -,SHK,SUNNY,S,15,ShortCut,165,700,Bursty; Drills; Side-3 Singles,Unrecorded,Hard,18.55
16c12cf6-19ab-4f9f-9a75-178ec9e1765b,Adrenaline Blaster,QWertism & Quree & WyvernP,FEFEMZ,S,15,Arcade,150,697,Bracket Jumps; Jacks; Side-3 Singles,Unrecorded,Medium,18.55
c1bdfbe5-9720-430e-90f6-7c76c16f99be,Clematis Rapsodia,Jehezukiel,BME,S,15,Arcade,260,800,Doublesteps; Jacks; Jumps,Unrecorded,Medium,18.55
ec262fb9-78b2-4e6e-956f-5e2d2345887d,Murdoch vs Otada - SHORT CUT -,ESPITZ vs WONDERTRAVELER Project,DIESEL,S,15,ShortCut,180,566,Anchor Runs; Bursty; Drills,Unrecorded,Medium,18.54
512fdc19-91ca-404b-b038-3021b0c7221e,Point Break,BanYa,WINDFORCE,D,15,Arcade,92,515,Bursty; Drills; Jacks,Unrecorded,Hard,18.54
de69aba3-f44b-4138-a154-b3ffb918e75f,Toccata,BanYa Production,WINDFORCE,D,15,Arcade,104,514,Brackets; Bracket Jumps; Drills,Unrecorded,Hard,18.53
53b193bd-fcbc-4f31-b4c9-e38ee7a046c3,Galaxy Collapse,Kurokotei,SUNNY,S,15,Arcade,150 ~ 150,709,Doublesteps; Jacks; Side-3 Singles,Unrecorded,Medium,18.53
07163ac9-593a-44ad-af2f-467bc25824dc,Xuxa,Smiley,SANDSTORM,S,15,Arcade,160,583,Bursty; Drills; Footswitches,Unrecorded,Hard,18.53
de9bc905-9391-4875-8ca0-e517bfbda915,Rock the house - SHORT CUT -,Matduke,CONRAD,S,15,ShortCut,175,832,Bracket Jumps; Bursty; Drills,Unrecorded,Medium,18.53
8b47d3ec-319c-4d9f-9688-e1c10b44963d,Black Swan,zeron,EXC,S,15,Arcade,175,754,Bursty; Drills; Jacks,Unrecorded,Medium,18.53
70da0273-dec0-4a0d-b71a-f55c195d151f,PRIME Opening - SHORT CUT -,MAX,EXC,S,15,ShortCut,128,885,Brackets; Doublesteps; Drills,Unrecorded,Medium,18.53
1c462a2f-c1a7-4abc-816a-7ba195dc7561,Pump me Amadeus,BanYa,ANDAMIRO,D,15,Arcade,170,449,Co-op Pad Transitions; Jumps; Twists,Unrecorded,Hard,18.53
4ec5095d-545b-4dc0-84ab-c0c4284387d5,Achluoias,D_AAN,EXC,S,15,Arcade,200,738,5-Stairs; Bracket Jumps; Drills,Unrecorded,Medium,18.52
23aea97d-87ef-4868-a158-0b398a540a32,Phantom,BanYa,ANDAMIRO,D,15,Arcade,140,507,Doublesteps; Jumps; Twists,Unrecorded,Hard,18.52
e2109a95-91f8-44df-9936-cc579a604426,Yoropiku Pikuyoro !,Bakusute Sotokanda Icchome,EXC,S,15,Arcade,198,717,Brackets; Bracket Jumps; Bracket Twists,Unrecorded,VeryHard,18.52
3f8a9c7e-f92f-4afc-b020-d38f92705803,Faster Z,Yahpp,EHNE,D,15,Arcade,162,575,Bursty; Drills; Twists,Unrecorded,Hard,18.52
ca8e3197-4a76-46f7-8542-819420af4248,Kitty Cat,Coconut,SUNNY,D,15,Arcade,128,630,Bursty; Mid-4 Doubles; Mid-6 Doubles,Unrecorded,Hard,18.51
dfcc9f32-e46f-4987-a731-02f6411b3fea,Houseplan,Houseplan,SUNNY,S,15,Arcade,128,690,5-Stairs; Bursty; Jacks,Unrecorded,Hard,18.51
20fa4724-4bce-4f57-8447-f066ef255587,Monkey Fingers,BanYa,ANDAMIRO,S,15,Arcade,186,692,Brackets; Doublesteps; Twists,Unrecorded,VeryHard,18.5
5bdf0092-35d2-4a61-b3dd-3b2dd3f46120,The Devil,BanYa Production,BPM,D,15,Arcade,130 ~ 130,633,Co-op Pad Transitions; Cross-pad Transitions; Twists,Unrecorded,Underrated,16.92
06077564-1c89-4274-bbfd-52f8c1b1d020,Xenesis,BanYa Production,ANDAMIRO,D,15,Arcade,152,581,Mid-4 Doubles; Mid-6 Doubles; Twists,Unrecorded,VeryHard,16.85
417154f4-4522-49c3-8a4e-585f93014700,Come to Me,BanYa,EHNE,D,15,Arcade,100 ~ 100,531,Brackets; Bracket Jumps; Bracket Twists,Unrecorded,Medium,16.79
c57c7785-8198-4bcd-bf90-4a82a8bccc82,Obliteration,ATAS,AEVILUX,S,15,Arcade,150,761,Brackets; Drills; Jumps,Unrecorded,Hard,16.74
69163c78-7e9c-4160-a220-216362774bb1,Cross Over feat. LyuU,HyuN feat. LyuU,NIMGO,S,15,Arcade,200,978,5-Stairs; Bursty; Drills,Unrecorded,Hard,16.74
31c947c5-6e18-448f-8585-0653f8bc7eab,X-Tream,BanYa,ANDAMIRO,S,15,Arcade,162,641,Bursty; Footswitches; Twists,Unrecorded,Hard,16.72
7780a864-4646-4786-9372-904cb7180a16,Hymn of Golden Glory - SHORT CUT -,Essbee,GGWANG,S,15,ShortCut,244,600,Doublesteps; Jumps; Twists,Unrecorded,Hard,16.72
5be39018-bccd-477d-b1fc-78ff8618237b,Ladybug,Coconut,Ekis,S,15,Arcade,133,547,Footswitches; Side-3 Singles; Twists,Unrecorded,Hard,16.69
936c167a-a0db-4fa4-ab6d-0adc42e9bff6,Escape,D_AAN,BME,S,15,Arcade,220,766,Anchor Runs; Jumps; Side-3 Singles,Unrecorded,Medium,16.58
ee1d0b70-5e52-49e9-affa-eb4f3cf2ad92,Nihilism - Another Ver.-,Nato,NIMGO,S,15,Arcade,190,807,Anchor Runs; Drills; Jacks,Unrecorded,Medium,16.58
181b9d4a-e3d9-4095-ac03-b14c917763f6,Black Swan,zeron,EXC,D,15,Arcade,175,627,Co-op Pad Transitions; Drills; Twists,Unrecorded,Hard,16.58
cfc08082-679a-49d6-b863-ab1c2e322867,8 6 - FULL SONG -,Dasu,SUNNY,S,15,FullSong,167,1050,5-Stairs; Doublesteps; Sustained,Unrecorded,Medium,16.57
7cb4f54d-1df7-4460-9169-929e8218e1ee,Napalm,Doin,BPM,S,15,Arcade,185,592,Anchor Runs; Runs; Twists,Unrecorded,Underrated,16.57
114d1f7f-7269-4e15-b97e-087dc47a9a78,CHAOS AGAIN,NAOKI underground -Ω-,SPHAM,S,15,Arcade,150 ~ 150,750,5-Stairs; Jacks; Sustained,Unrecorded,Medium,16.55
75afb77e-45a5-42d2-950e-f227f2c07137,Papasito (feat.  KuTiNA),Yakikaze & Cashew feat. KuTiNA,FEFEMZ,S,15,Arcade,128,645,Doublesteps; Drills; Side-3 Singles,Unrecorded,Medium,16.5
f885804a-93ba-4e2b-b42d-bba86c73263b,Fracture Temporelle,Kurokotei,BME,S,15,Arcade,232,580,5-Stairs; Runs; Runs Without Twists,Unrecorded,Medium,16.35
e442d003-96ea-4642-9a3a-bed87198bf48,First Love,BanYa,ANDAMIRO,D,15,Arcade,104,450,Brackets; Bracket Jumps; Bracket Twists,Unrecorded,Medium,16.33
ccea7996-9dc5-4e0d-9cf7-6214db1ead17,BEDLAM,SANY-ON,NIMGO,D,15,Arcade,183,570,Runs; Runs Without Twists; Twists,Unrecorded,Medium,16.31
daae737d-dbf4-4b97-8209-42ba04877092,NightTheater,*wakadori,FEFEMZ,S,15,Arcade,151,914,Brackets; Bracket Jumps; Jacks,Unrecorded,Hard,16.31
9c5b03d1-76af-4d2e-88e9-7d838e04a8ac,video out c,Vospi,NIMGO,D,15,Arcade,198,796,Bursty; Co-op Pad Transitions; Cross-pad Transitions,Unrecorded,Hard,16.29
9f8f4612-e2ef-4576-b798-487a49dbfecd,Poppin' Shower,P*Light,FEFEMZ,S,15,Arcade,175,782,Bursty; Drills; Jacks,Unrecorded,Hard,16.25
dae3ad78-ce21-44b5-bd41-2f14cf89f673,Jam O Beat,BanYa Production,EHWA,D,15,Arcade,120,514,Bursty; Drills; Mid-4 Doubles,Unrecorded,Hard,16.14
42c566f2-66c8-4eba-a660-93b7ea53c99f,HUSH,Yassi Pressman & Nadine Lustre,NIMGO,D,15,Arcade,81.5,703,Brackets; Jumps; Twists,Unrecorded,VeryHard,15.99
596deec4-a16b-4817-ad25-b3f3bdf7797e,PRIME Opening - SHORT CUT -,MAX,EXC,D,15,ShortCut,128,647,Brackets; Bracket Jumps; Bracket Twists,Unrecorded,Underrated,15.97
3d443553-fb60-4308-ba6d-78b3fd090e6f,Can-can ~Orpheus in The Party Mix~,Sr. Lan Belmont,OSING,D,15,Arcade,195,606,Cross-pad Transitions; Drills; Jumps,Unrecorded,Hard,15.97
b2232e02-ca84-4085-aa63-f5d8d6b0c1ad,Betrayer -act.2-,msgoon,HP,D,15,Arcade,92,599,Brackets; Doublesteps; Drills,Unrecorded,Medium,15.96
c6a60b35-7aae-46ba-9c73-789cfbab8008,Pumping Up,BanYa,BME,D,15,Arcade,135,606,Brackets; Doublesteps; Jumps,Unrecorded,Medium,15.91
0a6211e5-e627-4531-8a63-6f6d09db8841,Lacrimosa,Fiverwater,SUNNY,S,15,Arcade,210,706,Brackets; Bracket Jumps; Bracket Twists,Unrecorded,Medium,15.88
6ea26e7b-4918-4494-bb3f-513291e3792e,Elysium,Warak,NIMGO,D,15,Arcade,128,661,Bracket Jumps; Bursty; Jumps,Unrecorded,Hard,15.86
23620244-444f-414a-bb8d-c07e6b174b58,Bad Apple!! feat. Nomico,Masayoshi Minoshima feat. Nomico,EXC,S,15,Arcade,138,854,Footswitches; Jumps; Sustained,Unrecorded,VeryHard,15.84
9aa0a61a-5af6-4988-9b1f-653623eae55c,J Bong,BanYa,ANDAMIRO,S,15,Arcade,140,564,5-Stairs; Doublesteps; Twists,Unrecorded,Hard,15.81
bbf7299e-0637-4e8b-9061-89c03d9e5ecf,Uranium,Memme,WINDFORCE,S,15,Arcade,170,682,Anchor Runs; Drills; Runs Without Twists,Unrecorded,Hard,15.8
3333685c-a0f2-40f5-8721-7137cc1c975f,BOOOM!!,RiraN,DulKi,S,15,Arcade,160,783,5-Stairs; Jacks; Side-3 Singles,Unrecorded,Medium,15.64
da89cec4-9ee8-4403-a3bb-ce5fa3efc809,Cannon X.1,Yahpp,EHNE,D,15,Arcade,185,714,10-Stairs; Runs; Runs Without Twists,Unrecorded,Medium,15.64
32d6ecff-8db3-486a-970c-f43ecc7d74f2,F(R)IEND,D_AAN,OSING,S,15,Arcade,200,750,Anchor Runs; Drills; Side-3 Singles,Unrecorded,Hard,15.64
d7e5b49d-61f0-4e82-b350-5baaeaf60d07,Flavor Step!,EmoCosine,SPHAM,D,15,Arcade,150,618,Drills; Mid-6 Doubles; Twists,Unrecorded,Hard,15.62
b64d9fab-5325-4e8e-8022-c80294d31baa,Sudden Romance [PIU Edit],void,NIMGO,D,15,Arcade,152,790,Drills; Mid-4 Doubles; Runs,Unrecorded,Medium,15.6
6edd914d-ad6b-46bb-82ff-2004375b9cdf,Altale,sakuzyo,FEFEMZ,S,15,Arcade,90,756,Brackets; Bracket Jumps; Bracket Twists,Unrecorded,Medium,15.57
049ab833-7539-4f71-984c-b195eed87e89,Further,Doin,WINDFORCE,D,15,Arcade,194,616,Anchor Runs; Cross-pad Transitions; Jacks,Unrecorded,Medium,15.51
d0500f3a-8d82-4e3b-91a9-7642edde4510,Arch of Darkness,Yahpp,EHNE,S,15,Arcade,135.9,,Brackets; Bracket Jumps; Side-3 Singles,Unrecorded,,
8b79c3bd-b9ed-4daa-a67c-36285d12fed2,Storm,KOYOTE,CONRAD,S,15,Arcade,139,651,Bursty; Doublesteps; Runs Without Twists,Unrecorded,Medium,15.5
2226b0c4-e05a-4b0e-8172-6d6413358fb8,Fire Noodle Challenge,Memme,SPHAM,S,15,Remix,185,888,5-Stairs; Sustained; Twists,Unrecorded,VeryHard,15.48
84a35520-f96d-4330-9ebb-46923d80ed3d,Baroque Virus - FULL SONG -,Zircon,AEVILUX,S,15,FullSong,135,1300,5-Stairs; Doublesteps; Sustained,Unrecorded,Hard,15.47
680f0f6b-d6c3-419d-bf62-ef1c0e133798,Hypercube,MAX,NIMGO,D,15,Arcade,145,636,Anchor Runs; Bursty; Runs Without Twists,Unrecorded,Medium,15.46
f8ff3f42-9c42-4c60-bb21-f5aa3df9dd1f,Mad5cience,Paul Bazooka,ENVYtic,S,15,Arcade,130,657,Brackets; Bracket Jumps; Side-3 Singles,Unrecorded,Medium,15.43
5b361930-07de-41d6-9b05-ed0437860eab,Necromancy,Zircon,BPM,D,15,Arcade,173,681,Cross-pad Transitions; Sustained; Twists,Unrecorded,Hard,15.43
39c4ed0c-6140-486b-8051-0ca91a73d00f,Higgledy Piggledy,BanYa Production,Rune,S,15,Arcade,150,552,Brackets; Bracket Jumps; Jumps,Unrecorded,Medium,15.43
0bfa356a-eb29-449a-846c-24493367a61e,Robot battle,CYO Style,EXC,D,15,Arcade,198,607,Anchor Runs; Mid-4 Doubles; Runs Without Twists,Unrecorded,Hard,15.42
6eed0660-993f-45fa-8068-6403672ffeb7,INFINITY,Lunatic Sounds,NIMGO,S,15,Arcade,175,906,Bursty; Drills; Jacks,Unrecorded,Medium,15.42
2abf5085-2c8b-45c4-b456-c0311ccd5dcb,POINT ZERO 2,SynthWulf,FEFEMZ,D,15,Arcade,170,736,Anchor Runs; Bursty; Cross-pad Transitions,Unrecorded,Hard,15.41
f60d0f75-a83f-436d-986b-e11bfa908995,Keep On!,AmamoriP,OSING,S,15,Arcade,185,950,5-Stairs; Anchor Runs; Runs Without Twists,Unrecorded,Medium,15.41
751ede86-b666-4203-b267-7a88644bf234,Obelisque,ESTi x M2U,MINAMI,D,15,Arcade,130,776,Bursty; Mid-4 Doubles; Mid-6 Doubles,Unrecorded,Medium,15.41
38fe3ab8-805f-4cf7-b348-d6c546521fa7,Katkoi,M2U,CONRAD,D,15,Arcade,180,701,Anchor Runs; Bursty; Drills,Unrecorded,Hard,15.4
76370f34-71c2-4dbf-b479-0239260e5598,YOU AND I,Dreamcatcher,EXC,S,15,Arcade,194,680,5-Stairs; Jacks; Twists,Unrecorded,Medium,15.38
c2d0760f-a3e3-4c25-a191-a5e137168c53,"Phalanx ""RS2018 edit""",Cranky vs kors k,SPHAM,S,15,Arcade,145,672,Footswitches; Sustained; Twists,Unrecorded,Medium,15.37
0742e794-f41e-4a2e-985c-b4e2bfe19db5,Over the Horizon,Yamajet,FEFEMZ,D,15,Arcade,190,,Brackets; Bracket Jumps; Mid-6 Doubles,Unrecorded,Medium,15.36
465fd684-9b1e-4b5a-8dc1-930a86c9367a,Night Duty,A.V.,SUNNY,D,15,Arcade,140,616,Bursty; Mid-4 Doubles; Twists,Unrecorded,Medium,15.33
ad0365ad-7ad3-4648-b651-0a4db554cc25,Your Mind,Roy Mikelate,WINDFORCE,S,15,Arcade,180,879,Doublesteps; Jacks; Jumps,Unrecorded,Medium,15.31
9ddec083-1807-4645-90d4-a39ec686f0cb,Burn Out,WyvernP,BME,S,15,Arcade,190,764,Bursty; Doublesteps; Jumps,Unrecorded,Medium,15.29
884a0268-5e29-473c-9727-d3a5b2498e8a,Vector,Zekk,SPHAM,D,15,Arcade,178,663,Brackets; Bracket Twists; Twists,Unrecorded,Hard,15.26
54e525a8-6001-46ee-8b61-d922e8d13f65,Little Munchkin,Castellia,OSING,D,15,Arcade,180,600,Bursty; Jumps; Mid-4 Doubles,Unrecorded,Medium,15.24
65a05f6e-e247-4ff1-a999-b64b0a965227,†DOOF†SENC†,Kobaryo,CONRAD,S,15,Arcade,200,694,Brackets; Bracket Jumps; Side-3 Singles,Unrecorded,Medium,15.24
8558645e-4ec5-4bf7-bea5-ef2de07e9753,Can-can ~Orpheus in The Party Mix~ - SHORT CUT -,Sr. Lan Belmont,EXC,D,15,ShortCut,195,518,Anchor Runs; Co-op Pad Transitions; Twists,Unrecorded,Hard,15.23
74043a20-3de5-4f00-8f56-5529e9c4a809,Poppin' Shower,P*Light,FEFEMZ,D,15,Arcade,175,643,Bursty; Cross-pad Transitions; Twists,Unrecorded,Medium,15.23
a652257f-dbe7-41e8-812a-902caa7f0a02,ALiVE,REDALiCE,SPHAM,S,15,Arcade,170,793,Doublesteps; Sustained; Twists,Unrecorded,Medium,15.22
c32e26df-3c06-4b8d-8332-ed5d53eaf37c,Solve My Hurt,Doin,SPHAM,D,15,Arcade,234,683,Doublesteps; Drills; Jacks,Unrecorded,Medium,15.22
29e1f3c1-4419-4088-831d-d778893837d0,Overblow2,MAX,NIMGO,D,15,Arcade,155,685,Bursty; Cross-pad Transitions; Mid-4 Doubles,Unrecorded,Medium,15.21
6bd508cc-a134-4667-a98f-67a47c61deb8,Trotpris - SHORT CUT -,Doin,BPM,D,15,ShortCut,156.12,668,Co-op Pad Transitions; Runs; Runs Without Twists,Unrecorded,Medium,15.21
06e8828d-5ab9-49e0-8de7-70cd8e134ebf,Ladybug,Coconut,Z_AL,D,15,Arcade,133,623,Bursty; Mid-6 Doubles; Twists,Unrecorded,Easy,15.21
1137c99a-56ba-46f8-8073-70b24acc24cc,Arirang,BanYa Production,BPM,D,15,Arcade,160,587,Anchor Runs; Cross-pad Transitions; Twists,Unrecorded,Hard,15.21
717dcadd-dcff-4706-b5bc-5f32b251fbe1,Indestructible,Matduke,AEVILUX,D,15,Arcade,174,600,Anchor Runs; Runs; Twists,Unrecorded,Medium,15.21
a9a5ec8f-132d-4c99-9cf6-d85e886a90f2,Violet Perfume,SHK,BANNIE,D,15,Arcade,145,750,Bursty; Drills; Mid-4 Doubles,Unrecorded,Medium,15.19
4d4629bf-b916-4204-bd36-ce910f509f69,Re:End of a Dream,uma vs. Morimori Atsushi,FEFEMZ,S,15,Arcade,212,819,Jacks; Runs Without Twists; Side-3 Singles,Unrecorded,Medium,15.19
a8275a55-9c90-4b0b-a5a9-75c2888078f6,Solfeggietto,Unknown,WINDFORCE,S,15,Arcade,157,853,Bursty; Drills; Side-3 Singles,Unrecorded,Hard,15.17
b23fe297-2890-4112-ba1c-df93cd3188d1,SWEET WONDERLAND,MAX feat. ankimo,CONRAD,S,15,Arcade,170,845,Bursty; Jumps; Twists,Unrecorded,Medium,15.15
ae28d734-f47c-48bb-8a8e-dbb5df06849a,Dance with me,BanYa,HP,S,15,Arcade,122,666,Brackets; Bracket Jumps; Bursty,Unrecorded,Medium,15.15
a4843505-1d9d-413c-a4f9-adf427d9a6cf,Extreme Music School 1st period feat. Nanahira,Massive New Krew & RoughSketch,NIMGO,S,15,Arcade,210,900,Anchor Runs; Brackets; Jumps,Unrecorded,Medium,15.13
87e4550e-c6dd-4640-8d0e-4c3487e8a3b6,Poseidon,Quree,SUNNY,S,15,Arcade,160,800,Drills; Runs Without Twists; Side-3 Singles,Unrecorded,Medium,15.13
7ec17d9b-4ba3-45e7-93ec-8dd33388936e,Cross Ray,HyuN,SUNNY,D,15,Arcade,176,556,Jacks; Sustained; Twists,Unrecorded,Hard,15.12
03ec032b-dd77-45f9-953d-66be42d49545,Extravaganza,BanYa,ANDAMIRO,D,15,Arcade,195,502,Anchor Runs; Co-op Pad Transitions; Twists,Unrecorded,VeryHard,15.11
bb334beb-e7ee-41d1-9333-07811b3ac85a,Naissance 2,BanYa,KANN,S,15,Arcade,129,504,Brackets; Bracket Jumps; Twists,Unrecorded,Medium,15.1
26b80f9f-71f9-4baf-bff5-34b457cd68d4,Obelisque,ESTi x M2U,MINAMI,S,15,Arcade,130,786,5-Stairs; Bursty; Twists,Unrecorded,Medium,15.09
ef163ecf-ba56-44f0-af3d-b8896c2b114a,Dement ~After Legend~,Lunatic Sounds,CONRAD,S,15,Arcade,210,779,Runs; Runs Without Twists; Twists,Unrecorded,Medium,15.09
772d888e-dab1-49dd-9890-a198a465f347,Christmas Memories,Warak,CONRAD,D,15,Arcade,170,702,Doublesteps; Jacks; Jumps,Unrecorded,Easy,15.08
a00fad48-962a-42d3-9093-187bd08a951e,Lacrimosa,Fiverwater,SUNNY,D,15,Arcade,210,562,Jacks; Mid-4 Doubles; Mid-6 Doubles,Unrecorded,Medium,15.08
4de185d9-bbfa-4d3a-a454-79a6e9bcdc28,Soldiers (TANO*C W TEAM RED ANTHEM),DJ Noriken,SUNNY,S,15,Arcade,170,615,5-Stairs; Jacks; Sustained,Unrecorded,Medium,15.07
80ac1557-51f5-41d1-a6db-71a73aba0e5c,E.O.N,HiTECH NINJA,CONRAD,S,15,Arcade,165,812,Anchor Runs; Bursty; Jumps,Unrecorded,Medium,15.06
f5b71861-d0b7-4263-b3d3-93865444c262,STAGER,Ras,CONRAD,S,15,Arcade,146,649,Doublesteps; Jumps; Twists,Unrecorded,Medium,15.05
2a1f293e-990b-404a-9542-f033cdb3aed0,QUATTUORUX,打打だいず Vs. Tanchiky Vs. からめる,FEFEMZ,S,15,Arcade,220,985,Brackets; Footswitches; Jacks,Unrecorded,Medium,15.04
fddb6cf9-4856-47d7-a73b-84a607bcafee,Moonlight - SHORT CUT -,BanYa,ANDAMIRO,S,15,ShortCut,180,547,Brackets; Bracket Jumps; Runs Without Twists,Unrecorded,Medium,15.03
5ac0af48-b912-4b26-867a-0472c736355c,Headless Chicken,r300k,AEVILUX,S,15,Arcade,90.5,750,Bursty; Drills; Jacks,Unrecorded,Medium,15.03
1628edfe-b6c3-4609-aa55-7dd4f4dc4deb,Dance with me,BanYa,HP,D,15,Arcade,122,692,Bursty; Doublesteps; Jumps,Unrecorded,Medium,15.02
fdbf4a21-423c-42aa-87dd-2d547340bd9a,CALL ME BACK,TNX,SUNNY,D,15,Arcade,128,638,Doublesteps; Mid-4 Doubles; Mid-6 Doubles,Unrecorded,Medium,15.01
7d167f7f-0794-4361-b33e-1268c56a6512,MilK,Morimori Atsushi,FEFEMZ,S,15,Arcade,155,848,Bursty; Doublesteps; Runs Without Twists,Unrecorded,Medium,15.01
80dac16c-3018-4951-9a65-b45e6e35f2cf,HUSH,Yassi Pressman & Nadine Lustre,NIMGO,S,15,Arcade,81.5,739,5-Stairs; Jumps; Twists,Unrecorded,Hard,15
59125f98-e3e9-4ae8-be71-a5b2c61f4759,Get Up,BanYa,ANDAMIRO,S,15,Arcade,180,556,Bursty; Footswitches; Twists,Unrecorded,Hard,15
a075b19a-7dc6-46bb-a786-85dbbc1be10b,Hercules,Abel,SPHAM,D,15,Arcade,195,666,Anchor Runs; Cross-pad Transitions; Jumps,Unrecorded,Medium,15
0cbdd112-6f95-4ee8-9f7c-c714c15dbbda,Acquire,ryhki,CONRAD,S,15,Arcade,155,789,Bursty; Doublesteps; Jumps,Unrecorded,Medium,14.99
cf1b1110-8cbc-462f-bb04-e7557c6004b2,Moment Day,MAX,OSING,S,15,Arcade,155,860,Anchor Runs; Bursty; Twists,Unrecorded,Medium,14.97
f29c99b9-ea9a-4e58-8d96-6ab3a602397f,YOU AND I,Dreamcatcher,EXC,D,15,Arcade,194,672,Jumps; Mid-6 Doubles; Twists,Unrecorded,Medium,14.97
bd0173b9-f4b0-4853-ab16-86a011cd2bf8,Break Through Myself feat. Risa Yuzuki,DJ Myosuke & Laur,CONRAD,S,15,Arcade,200,900,Anchor Runs; Runs; Runs Without Twists,Unrecorded,Medium,14.96
3acd53b5-de48-4150-aa1a-4b5ff83cdd2b,Sugar Plum,Mr. Weq,SUNNY,S,15,Arcade,170,777,Doublesteps; Jacks; Side-3 Singles,Unrecorded,Medium,14.96
2362916b-43c2-48bb-90c9-61722ebbb27b,Destr0yer,Unknown,EXC,D,15,Arcade,90,777,Footswitches; Mid-4 Doubles; Mid-6 Doubles,Unrecorded,Easy,14.92
e562d20a-3c4d-406f-8b0c-4508cef56ee8,Nade Nade,Doin,NIMGO,S,15,Arcade,100,846,5-Stairs; Bracket Twists; Runs Without Twists,Unrecorded,Medium,14.91
0bbd0e81-ac36-4e01-b07e-b1996ea2197a,Amai Yuuwaku Dangerous,Bakusute Sotokanda Icchome,BANNIE,D,15,Arcade,125,757,Jumps; Mid-4 Doubles; Twists,Unrecorded,Medium,14.91
40976860-be49-4e46-8316-d71b273638c0,INVASION,D_AAN,SPHAM,D,15,Arcade,220,709,Brackets; Bracket Twists; Footswitches,Unrecorded,Medium,14.9
e3f71b94-d1fb-4919-b2a8-3d91301e97da,Earendel,Palami feat.neur6sia,SUNNY,D,15,Arcade,180,515,Doublesteps; Runs; Runs Without Twists,Unrecorded,Easy,14.89
7cb32ece-f2d0-4303-a57f-068aef51386d,Mahika,The Musical Ghost,CONRAD,D,15,Arcade,188,669,Bursty; Mid-4 Doubles; Mid-6 Doubles,Unrecorded,Easy,14.85
733661be-4e98-47b8-ad93-c37e6e571ae0,Demon of Laplace,Quree,NIMGO,D,15,Arcade,144,805,Anchor Runs; Mid-4 Doubles; Mid-6 Doubles,Unrecorded,Medium,14.84
9ff52d62-ee92-41ad-970a-45b124105d6b,Nakakapagpabagabag,Dasu feat. Kagamine Len,EXC,S,15,Arcade,145,824,Doublesteps; Side-3 Singles; Sustained,Unrecorded,Easy,14.83
c9e57e53-d5b3-4873-8380-1be99e15f71e,Destination,SHK,BPM,D,15,Arcade,150,545,Cross-pad Transitions; Runs; Twists,Unrecorded,Medium,14.82
6a47ae92-e235-4490-b714-d836d431206b,Curiosity Overdrive,t+pazolite,DulKi,S,15,Arcade,192,779,Jacks; Sustained; Twists,Unrecorded,Easy,14.81
22395df3-04d4-4101-9149-7074544ad9cc,Super Akuma Emperor,REDALiCE,DIESEL,S,15,Arcade,240,888,Jacks; Jumps; Runs Without Twists,Unrecorded,Medium,14.81
7c3e3931-2de4-4c47-b217-cd2c16a589b8,Alice in Misanthrope,LeaF,CONRAD,S,15,Arcade,154 ~ 154,782,5-Stairs; Jacks; Jumps,Unrecorded,Medium,14.79
c30d0cf6-76f6-49f9-bfde-66cb51d49cf6,Removable Disk0,Doin,NIMGO,S,15,Arcade,130,837,Doublesteps; Jumps; Sustained,Unrecorded,Medium,14.79
186b9965-8f7f-4f4e-8bde-ce492057c969,Beat of The War 2,BanYa,ANDAMIRO,D,15,Arcade,120 ~ 120,593,Runs Without Twists; Sustained; Twists,Unrecorded,Hard,14.78
d0d15e7a-c4f1-4ab3-a1ad-6830a8801f4f,Doppelganger,MonstDeath,CONRAD,D,15,Arcade,210,655,Cross-pad Transitions; Mid-4 Doubles; Mid-6 Doubles,Unrecorded,Medium,14.77
a996ab6f-78bd-46b7-8d13-ed957dbb082d,Aragami,xi,FEFEMZ,S,15,Arcade,48 ~ 48,761,Jacks; Runs; Runs Without Twists,Unrecorded,Easy,14.77
5d13fb7d-fd15-4373-b845-94992611cb8e,DIE ANOTHER DAY,TNX,NIMGO,S,15,Arcade,98,923,Doublesteps; Side-3 Singles; Twists,Unrecorded,Medium,14.74
066fbf3c-be3b-41b8-aaa7-03e2ee7e38f8,Just Hold On (To All Fighters),void,NIMGO,D,15,Arcade,170,696,Co-op Pad Transitions; Runs; Runs Without Twists,Unrecorded,Easy,14.72
ecd1f332-2f9d-4e15-9692-55343ab670c6,Hypercube,MAX,NIMGO,S,15,Arcade,145,665,Doublesteps; Jacks; Twists,Unrecorded,Medium,14.71
0443ecbc-61e1-42bc-b9bf-c68d72944aed,Chase Me,Dreamcatcher,NIMGO,S,15,Arcade,200,998,5-Stairs; Bursty; Jacks,Unrecorded,Medium,14.71
acb749fe-1b82-4490-94bf-6b992feae030,Hellfire,Memme,EXC,S,15,Arcade,170,838,Bursty; Drills; Side-3 Singles,Unrecorded,VeryHard,14.69
d0adf260-ab2e-4951-a097-f92763a5b6fa,Airplane,TYPHOON,NIMGO,S,15,Arcade,120,792,Doublesteps; Drills; Side-3 Singles,Unrecorded,Easy,14.68
a172248e-6a96-4e09-84f9-d0328f8bc040,D Gang,BanYa,ANDAMIRO,D,15,Arcade,150,500,Bursty; Runs; Runs Without Twists,Unrecorded,Easy,14.66
5e4ccde0-521c-4162-87fe-9b5999553747,Kill Them!,Archefluxx,NIMGO,S,15,Arcade,170,855,Anchor Runs; Bursty; Side-3 Singles,Unrecorded,Medium,14.65
2736a05d-1bc1-4506-9ec0-9fdb30a7e92f,Timing,HIGHTEEN,OSING,S,15,Arcade,164,863,Bursty; Doublesteps; Jumps,Unrecorded,Medium,14.63
899efdc4-7325-4348-92d7-e89ae21a336f,Lucky Star,INFX feat. Miori Celesta,CONRAD,S,15,Arcade,180,913,,Unrecorded,Easy,14.6
de69d132-4925-4175-b3fe-1acdf67dc4b0,Ercitite,Doin x neur6sia,FEFEMZ,S,15,Arcade,135,822,,Unrecorded,Easy,14.59
94e029c7-0227-4ae3-8b19-9c9378528f63,Cosmical Rhythm,SID-Sound,AYAPPING,D,15,Arcade,128,751,Jumps; Mid-4 Doubles; Sustained,Unrecorded,Easy,14.58
fa7be846-02ce-4358-be10-833f4f099cd3,CO5M1C R4ILR0AD,kanone,FEFEMZ,S,15,Arcade,155,715,Bursty; Runs; Twists,Unrecorded,Medium,14.58
3257fa26-64f8-4b30-9592-6299bb7ae6ad,Mopemope,LeaF,EXC,S,15,Arcade,100,800,Brackets; Bracket Jumps; Bracket Twists,Unrecorded,Easy,14.56
02db6f77-1fd1-485a-aedb-474102ff50b1,Dreamchasers,s-don,GGWANG,S,15,Arcade,155,900,Bursty; Jacks; Jumps,Unrecorded,Medium,14.53
72bfb883-f72c-4d9b-b95d-f380d54dabb5,Festival of Death Moon,SHK,SPHAM,D,15,Arcade,204,777,Brackets; Bracket Jumps; Doublesteps,Unrecorded,Easy,14.53
8a35c758-50e1-4200-b91c-36c5623d5e30,Hymn of Golden Glory,Essbee,NIMGO,S,15,Arcade,244,950,Doublesteps; Drills; Jacks,Unrecorded,Easy,14.53
a5865268-2353-48db-8aae-d1f9f48888bc,Lucid(PIU Edit),Yak Won,BPM,D,15,Arcade,40 ~ 40,592,Doublesteps; Sustained; Twists,Unrecorded,Easy,14.53
ccf45208-9d02-49b1-8634-107cb6aedf59,Pop Sequence,Hommarju,AEVILUX,S,15,Arcade,110,1000,Doublesteps; Jumps; Twists,Unrecorded,Medium,14.51
f67e128f-b3ad-4331-a722-9716fc07c675,The Reverie,uma,CONRAD,S,15,Arcade,150,828,Bursty; Drills; Runs Without Twists,Unrecorded,Medium,14.48
5fe87272-b58c-44cb-aa68-044166cb86f4,That Kitty (PIU Edit.),MonstDeath,SPHAM,D,15,Arcade,190,603,Runs; Runs Without Twists; Twists,Unrecorded,Medium,14.46
722dacf7-9f78-4f35-af96-d53b7e0f7a50,TRICKL4SH 220,Lite Show Magic,CONRAD,S,15,Arcade,220,805,5-Stairs; Bursty; Jumps,Unrecorded,Medium,14.22
48b19db3-c11b-4e8e-811c-48ee97fa517b,Star Command,Zircon,HARU-KAZE & ANDAMIRO,S,15,Arcade,155,925,Anchor Runs; Brackets; Bracket Jumps,Unrecorded,Medium,14.18
8b89934e-b880-4d85-a12f-3551439a00b7,Sudden Appearance Image,Blacklolita,DulKi,S,15,Arcade,170,770,5-Stairs; Anchor Runs; Bracket Jumps,Unrecorded,Easy,13.89
7234b05f-b0a8-4dde-8642-e75ab1827b61,Imagination,SHK,EXC,S,15,Arcade,180,987,Anchor Runs; Drills; Twists,Unrecorded,Medium,13.5
4cecc08f-e9ac-47de-a241-b2f07ecc7fdd,The Stranger,ONF (온앤오프),CONRAD,S,15,Arcade,116,738,Anchor Runs; Doublesteps; Jumps,Unrecorded,Easy,13.48
460d736a-1c7a-491d-8f99-0e1c8e57300e,Rising Star,M2U,CONRAD,S,15,Arcade,140,787,Bursty; Runs; Runs Without Twists,Unrecorded,Medium,13.46
e7e980f7-bc13-496f-9b9d-cb926d4d1f03,Super Fantasy,SHK,VENTUS91,S,15,Arcade,145,800,Anchor Runs; Drills; Sustained,Unrecorded,Easy,13.41
2fe0c488-cbec-46d6-bebb-97db6672dd0f,Scorpion King,r300k,NIMGO,S,15,Arcade,113,796,Anchor Runs; Bracket Twists; Twists,Unrecorded,Medium,13.4
d5b92c58-41cf-4722-b9a2-8df8b3561dc7,Catastrophe,rareguy & MonstDeath,CONRAD,S,15,Arcade,202,750,5-Stairs; Runs; Runs Without Twists,Unrecorded,Medium,13.33
31fb5c2d-daaf-42a7-b184-c71343f13ede,Do the Dance,ILLIT (아일릿),CONRAD,S,15,Arcade,130,656,5-Stairs; Doublesteps; Sustained,Unrecorded,Easy,13.23
d581f7f9-b1c7-49c0-b7af-3f369a59b67d,BEDLAM,SANY-ON,NIMGO,S,15,Arcade,183,792,Bursty; Drills; Jacks,Unrecorded,Medium,13.18
35a7bae9-8dd8-4e9b-b422-a7778e0ce7be,HUSH - FULL SONG -,Yassi Pressman & Nadine Lustre,NIMGO,S,15,FullSong,82,1044,5-Stairs; Drills; Sustained,Unrecorded,Medium,13.05
ebac9699-4282-44dc-8a9e-2959c45803d6,Switronic,SHK,CONRAD,S,15,Arcade,120 ~ 120,852,Runs; Runs Without Twists; Sustained,Unrecorded,Easy,13
119a346d-2737-4e68-899e-8fd22c12f928,Ghost Bloody Train,Fiverwater,CONRAD,S,15,Arcade,192,920,5-Stairs; Side-3 Singles; Sustained,Unrecorded,Easy,13
712fff9d-89d0-4e44-b679-c7e9499c202e,All I Want For X-mas,BanYa,SUNNY,S,15,Arcade,130,524,Brackets; Bracket Jumps; Drills,Unrecorded,Easy,12.84
4ec8e610-a294-4643-ac0a-39a9e8aca852,Destination - SHORT CUT -,SHK,SANDSTORM,S,15,ShortCut,150,643,Bursty; Runs; Runs Without Twists,Unrecorded,Medium,12.55
eaba8632-4f84-4039-ade0-e3af5c1eed35,Binary star,SYNTHWULF,SPHAM,D,15,Arcade,170,615,Runs; Runs Without Twists; Yog Walks,Unrecorded,Easy,12.5
0bf2290f-62b4-44ab-bd76-8abc6ba74ddf,Nostalgia,Woody,CONRAD,D,15,Arcade,100,616,Doublesteps; Jumps; Mid-6 Doubles,Unrecorded,Easy,12.49
7c8a4757-40ec-4c6e-8335-93cbe9b7b751,Achluoias,D_AAN,EXC,D,15,Arcade,200,736,10-Stairs; Cross-pad Transitions; Runs,Unrecorded,Easy,12.48
9de17eaf-79d3-4746-9674-49801ff03462,Unfelicitas,Fiverwater,SUNNY,D,15,Arcade,192,608,,Unrecorded,Easy,12.47
43f9c6b5-281e-4d6c-98c7-571235e1b146,Star Command,Zircon,HP,D,15,Arcade,155,695,Runs; Runs Without Twists; Twists,Unrecorded,Easy,12.33
a331c479-164d-47a6-88ad-51b547ee32aa,A nightmare,BanYa,BEEP,D,15,Arcade,120,402,Brackets; Bracket Jumps; Doublesteps,Unrecorded,Medium,0
b9d3f001-84ad-4099-be40-c3f0ac396d51,Anguished Unmaking,void,NIMGO,S,15,Arcade,170,724,Jumps; Runs Without Twists; Twists,Unrecorded,Easy,0
85c20326-a442-43d1-849f-110cd323d373,B.P Classic Remix,BanYa Production,BPM,D,15,Remix,164,796,Anchor Runs; Cross-pad Transitions; Twists,Unrecorded,Medium,0
40ddcc77-3366-449d-80f8-85891b7512fd,Banya Classic Remix,BanYa,ANDAMIRO,D,15,Remix,162 ~ 162,580,Bracket Jumps; Cross-pad Transitions; Jumps,Unrecorded,Medium,0
08857233-3114-4592-b607-37b54b11df4e,Banya-P Classic Remix,BanYa Production,BPM,S,15,Remix,92 ~ 92,897,Jacks; Side-3 Singles; Twists,Unrecorded,Hard,0
1d1e3196-5294-4d38-9822-f434de9e3e1a,Bee,BanYa,ANDAMIRO,D,15,Arcade,160,500,Co-op Pad Transitions; Jacks; Twists,Unrecorded,Hard,0
1dc135cf-8b51-469f-bdcd-51a2f2316a78,Bemera - SHORT CUT -,Yahpp,BPM,S,15,ShortCut,210,640,Anchor Runs; Runs; Twists,Unrecorded,Hard,0
7af87769-86a3-400e-a162-56c3def94df8,Canon D - FULL SONG -,BanYa,ANDAMIRO,S,15,FullSong,160,986,Footswitches; Sustained; Twists,Unrecorded,Medium,0
1e7ae1d8-2d31-47cc-943d-484c960faba7,CHICKEN WING - SHORT CUT -,BanYa,BPM,D,15,ShortCut,200,752,Bursty; Runs; Runs Without Twists,Unrecorded,Medium,0
2e4bcb9d-86dc-4d83-8023-32836def75ec,Csikos Post,BanYa,ANDAMIRO,S,15,Arcade,180,535,Anchor Runs; Bracket Jumps; Drills,Unrecorded,Hard,0
1e2aa796-2491-49e3-bb3b-86aa0c12a8f6,Dignity - FULL SONG -,Crash,,S,15,FullSong,,964,Runs; Runs Without Twists; Twists,Unrecorded,Medium,0
b2958536-6274-4748-8954-9f38908b697f,EXTRA BanYa Remix,BanYa,ANDAMIRO,D,15,Remix,200,647,Brackets; Bracket Twists; Twists,Unrecorded,Hard,0
3200cf0a-1582-4bf5-aaf6-40fe9bdca304,Final Audition Ep. 1,BanYa,ANDAMIRO,D,15,Arcade,189,500,Footswitches; Splits; Sustained,Unrecorded,Medium,0
226a8f3d-44e8-4e7a-b933-68919aac695b,Kokugen Kairou Labyrinth,A:llhα & ANE & 2riA,CONRAD,S,15,Arcade,215,770,5-Stairs; Drills; Twists,Unrecorded,Medium,0
c0695edc-b180-45a1-b337-274da0fe1bf7,Leakage Voltage,Doin,MINAMI,S,15,Arcade,180,,Runs; Side-3 Singles; Twists,Unrecorded,VeryHard,0
7bec5381-c201-40da-8aa0-6eb78fbd6811,Mitotsudaira,ETIA.,NIMGO,S,15,Arcade,136,,5-Stairs; Doublesteps; Twists,Unrecorded,Medium,0
1a851d91-078d-4ed8-beb0-b31fe7306764,Money,BanYa Production,MSGOON,S,15,Arcade,130,456,Footswitches; Side-3 Singles; Twists,Unrecorded,Medium,0
9c52c414-d599-4c71-a2ae-b79d48bfe6bd,Monolith,Affinity,CONRAD,S,15,Arcade,196,835,Bursty; Runs Without Twists; Side-3 Singles,Unrecorded,Hard,0
59eadc94-cbb3-4b8d-af3a-87245669aecf,Overblow2,MAX,NIMGO,S,15,Arcade,155,914,Bursty; Runs Without Twists; Side-3 Singles,Unrecorded,Medium,0
999f5808-6e02-4c6f-a853-66c3b7be42ed,Passacaglia,SynthWulf,HP,D,15,Arcade,175,561,Anchor Runs; Cross-pad Transitions; Twists,Unrecorded,Hard,0
7aecd76f-9a1b-483d-b340-8e932f92985d,Queen of the Red,ETIA.,BANNIE,S,15,Arcade,188,718,Bracket Jumps; Bursty; Drills,Unrecorded,Medium,0
2bdd24dc-6eb9-441d-984d-539390d6adbd,Turkey Virus,BanYa Production,ANDAMIRO,S,15,Remix,150 ~ 150,952,Bursty; Drills; Side-3 Singles,Unrecorded,Hard,0
13f50493-f6ec-4369-90d0-24d28159292f,Vook,BanYa,ANDAMIRO,D,15,Arcade,184,450,Mid-4 Doubles; Mid-6 Doubles; Twists,Unrecorded,Hard,0
fc177ba7-0514-4b7f-922e-312cdaf1481f,XTREE,Yahpp,BPM,S,15,Arcade,190,601,Doublesteps; Footswitches; Jumps,Unrecorded,Hard,0
dfd1ac0e-6468-4de1-bb3c-8f4eecfd8959,You again my love,CYO Style & Henohenomoheji,AYAPPING,S,15,Arcade,137,640,Anchor Runs; Drills; Jacks,Unrecorded,Medium,0
82f632af-9ac6-41ea-965e-a9363f7d782c,Oh! Rosa,BanYa,ANDAMIRO,S,14,Arcade,148,459,Drills; Jumps; Twists,Unrecorded,Underrated,17.81
d45b60ab-4be8-4df6-850a-546aeb471009,Queen of the Red,ETIA.,BANNIE,D,14,Arcade,188,592,Jacks; Jumps; Twists,Unrecorded,VeryHard,17.69
48062233-a348-4355-90f3-6286d429473b,Winter,BanYa,ANDAMIRO,D,14,Arcade,168,320,Bursty; Runs; Runs Without Twists,Unrecorded,Underrated,17.62
18dea01d-a573-4865-9348-cc7e8d01e4e6,Kimchi Fingers,Garlic Squad,EXC,S,14,Arcade,190,714,Anchor Runs; Side-3 Singles; Twists,Unrecorded,Hard,17.59
70a1a2a2-0608-4508-9f2f-d7894aaaf1f4,A Site De La Rue,STREME REVERIE,EXC,D,14,Arcade,186,505,Drills; Jacks; Yog Walks,Unrecorded,VeryHard,17.59
9fc92b9f-86b6-44da-9a1e-158163a174a7,I Want U,MAX,SUNNY,D,14,Arcade,156,572,Co-op Pad Transitions; Runs; Runs Without Twists,Unrecorded,Medium,17.45
723aae11-513b-4cca-9b29-436c87f556dc,Imprinting,Sakuzyo,EXC,D,14,Arcade,175,742,Anchor Runs; Drills; Twists,Unrecorded,VeryHard,17.33
f1d3cdea-6f95-4d8b-af8a-b23540cb67e9,Asterios -ReEntry-,ATAS,NIMGO,S,14,Arcade,148,762,Bursty; Drills; Side-3 Singles,Unrecorded,VeryHard,17.11
a04ce094-4943-4234-a4a4-54ea431b1ceb,We Love Your Step,EmoCosine,refos,S,14,Arcade,205,777,,Unrecorded,Hard,16.96
60728f94-5658-416f-b7ad-a338390b0062,Ghroth - SHORT CUT -,Nato,JUNARE,S,14,ShortCut,212,542,Anchor Runs; Side-3 Singles; Twists,Unrecorded,Hard,16.75
66efbfe1-7134-425e-9c0a-29437a07cf85,Pumptris Quattro,Yahpp,BPM,S,14,Arcade,153,666,5-Stairs; Jacks; Side-3 Singles,Unrecorded,VeryHard,16.73
244d8b49-90aa-42bd-897b-0c4a31dc1a92,HTTP,Quree,CONRAD,S,14,Arcade,147,674,Bursty; Drills; Jacks,Unrecorded,Medium,16.71
2190ff57-0642-49b9-8778-07a035f076ae,Wedding Crashers,SHK,FEFEMZ,D,14,Arcade,165,672,Co-op Pad Transitions; Doublesteps; Sustained,Unrecorded,Hard,16.59
c9d135f8-2062-4ae1-b64e-34afe3f6c49b,Darkside of The Mind,DJ Myosuke & Laur,refos,S,14,Arcade,220,888,Bursty; Jacks; Side-3 Singles,Unrecorded,Hard,15.17
069ea823-5878-48dc-a9ec-0ca597f8e3e1,INVASION,D_AAN,SPHAM,S,14,Arcade,220,709,Brackets; Bracket Twists; Jumps,Unrecorded,Hard,15.08
a882d5f9-5f60-4630-975c-578fffcafff1,DJ Otada,BanYa Production,HIDDEN PARTS,D,14,Arcade,180,459,Bursty; Co-op Pad Transitions; Drills,Unrecorded,VeryHard,15.06
9724d734-2ed0-449a-8f78-596b900e1284,Trotpris - SHORT CUT -,Doin,HP,S,14,ShortCut,156.12,600,Anchor Runs; Bursty; Twists,Unrecorded,Medium,15.04
eddbf391-d672-4463-9003-765310d5b8ea,wither garden,uma feat. Kanon Tachibana,CONRAD,S,14,Arcade,168,710,Doublesteps; Drills; Sustained,Unrecorded,Medium,14.99
1a5875a9-22a3-485f-9880-57fc662dac7b,Big Daddy,USAO,FEFEMZ,S,14,Arcade,190,676,Doublesteps; Footswitches; Jacks,Unrecorded,Medium,14.89
9b8c8030-d3b3-4413-a26c-e3e24fb6b9bc,Yog-Sothoth - SHORT CUT -,Nato,CONRAD,S,14,ShortCut,200,637,5-Stairs; Runs; Twists,Unrecorded,VeryHard,14.89
70241bd7-d016-4608-8500-31f79a645778,Windmill,Yak Won,BPM,D,14,Arcade,246,618,Bursty; Drills; Footswitches,Unrecorded,VeryHard,14.85
1a3306ca-9edb-4e52-88b5-9b87f1bdf6f8,Tales of Pumpnia,Applesoda,CONRAD,D,14,Arcade,200,557,10-Stairs; Anchor Runs; Footswitches,Unrecorded,VeryHard,14.84
1d1606a0-bc43-417d-8867-b574d6f3e92c,video out c,Vospi,NIMGO,S,14,Arcade,198,772,5-Stairs; Bursty; Twists,Unrecorded,VeryHard,14.78
fd1b0a9e-ce3b-40f3-958d-949168de4a8c,Follow Me,SHK,EXC,S,14,Arcade,155,786,Doublesteps; Drills; Side-3 Singles,Unrecorded,Medium,14.77
0bed0396-76d2-4eb7-95ec-cf4fbc3f72fc,Becouse of You,Srav3R & USAO,FEFEMZ,S,14,Arcade,175,646,Doublesteps; Runs; Twists,Unrecorded,Medium,14.74
7349d4bf-4561-4b17-b158-5d1b4fab6e03,Sugar Conspiracy Theory,MAX,ENVYtic,S,14,Arcade,170,797,Bursty; Doublesteps; Side-3 Singles,Unrecorded,Hard,14.7
749993ae-7f6a-4824-a65a-83b5d17c316b,Leakage Voltage,Doin,CONRAD,D,14,Arcade,180,620,Anchor Runs; Runs Without Twists; Sustained,Unrecorded,Medium,14.68
e08a4d03-c2f3-41af-9974-d456cbddbcdb,Lohxia,The Musical Ghost,CONRAD,D,14,Arcade,155,531,Cross-pad Transitions; Footswitches; Twists,Unrecorded,Medium,14.65
c833014b-7d26-4183-9597-3d45e9289f1d,Danger & Danger,Cranky,FEFEMZ,D,14,Arcade,155,503,10-Stairs; Co-op Pad Transitions; Twists,Unrecorded,Hard,14.65
760f1df5-c003-4427-9417-a3e43da21f00,Tream Vook of the war,BanYa,,S,14,Remix,184 ~ 184,798,Anchor Runs; Drills; Twists,Unrecorded,Underrated,14.64
141ebe54-689f-461f-bf2e-0f663eaf85e4,Jupin,Sobrem,DulKi,D,14,Arcade,173,784,Cross-pad Transitions; Mid-6 Doubles; Twists,Unrecorded,Hard,14.64
6e129584-e710-449c-a93d-67f5b825ff14,Flavor Step!,EmoCosine,SPHAM,S,14,Arcade,150,618,Anchor Runs; Drills; Twists,Unrecorded,Medium,14.63
fe01ff62-0755-401a-8cfd-695ad5e54386,Bad Apple!! feat. Nomico - FULL SONG -,Masayoshi Minoshima feat. Nomico,NIMGO,S,14,FullSong,138,1018,Brackets; Sustained; Twists,Unrecorded,Medium,14.61
73a80f85-cf45-47af-bfa4-c5e397db8f61,Lala,Yassi Pressman,SUNNY,S,14,Arcade,126,800,Brackets; Bracket Twists; Hold Footslides,Unrecorded,Medium,14.59
bdcc8ab7-58c6-4482-ab34-9bb3a6cd1cb1,GLORIA,Croire,CONRAD,S,14,Arcade,245,703,Bursty; Jacks; Runs Without Twists,Unrecorded,Medium,14.57
b7bca02a-249a-4691-a628-3749c9909040,King’s Tomb,r300k,refos,D,14,Arcade,113,480,,Unrecorded,Hard,14.57
1d5d1670-8fd1-4c2b-ae31-2bd8d4962221,Cleaner,Doin,BPM,S,14,Arcade,203,760,Jacks; Jumps; Side-3 Singles,Unrecorded,Medium,14.57
14f5938d-28d8-4652-8dcb-1e80fafbc434,V3,Beautiful Day,NIMGO,S,14,Arcade,160,753,5-Stairs; Bursty; Twists,Unrecorded,Medium,14.57
7a143b28-6a6a-43d3-937f-8c6f6590b033,Odin,Gram,SPHAM,D,14,Arcade,200,700,Anchor Runs; Drills; Twists,Unrecorded,Hard,14.56
5f4d883c-6383-4ced-9a30-e2f9a24715a6,Papasito (feat.  KuTiNA),Yakikaze & Cashew feat. KuTiNA,FEFEMZ,D,14,Arcade,128,558,Bursty; Doublesteps; Mid-4 Doubles,Unrecorded,Medium,14.55
eb16f70f-6066-4456-9f12-979985a080d2,Force of Ra,Memme,CONRAD,D,14,Arcade,180,575,Anchor Runs; Runs; Yog Walks,Unrecorded,Hard,14.55
f219a9f6-440f-4a02-8cab-e01fa6d0909c,Solve My Hurt,Doin,SPHAM,S,14,Arcade,234,683,Brackets; Doublesteps; Jacks,Unrecorded,Medium,14.53
4f325c94-66f2-41e4-a605-5cae9df1f80f,BRAIN POWER,NOMA,SUNNY,D,14,Arcade,170 ~ 170,560,Doublesteps; Mid-4 Doubles; Sustained,Unrecorded,Medium,14.52
2442473a-40ed-49b0-98d8-55a59ed2318e,After a thousand years,Toto,HP,D,14,Arcade,180,744,Bursty; Mid-4 Doubles; Twists,Unrecorded,Medium,14.51
0f0c513c-758c-4f48-b169-15ea908a5bf2,Waltz of Doge,Cashew,CONRAD,S,14,Arcade,250,621,Brackets; Drills; Runs Without Twists,Unrecorded,Medium,14.49
10f6113c-5e00-4524-bcbe-858d699ef9a6,Perpetual,Qu-ail,CONRAD,D,14,Arcade,180,584,Anchor Runs; Bursty; Co-op Pad Transitions,Unrecorded,Medium,14.48
37b53f10-4425-4fa3-adba-6a81fa379cce,Imaginarized City,Reku Mochizuki,GGWANG,D,14,Arcade,156,553,Doublesteps; Mid-4 Doubles; Twists,Unrecorded,Hard,14.47
c10f2b9e-d938-4384-a576-a5fa8ab5bb57,Full Moon,Dreamcatcher,NIMGO,D,14,Arcade,190,684,Cross-pad Transitions; Runs; Runs Without Twists,Unrecorded,Medium,14.4
26335b53-3471-4fdc-a0b9-6c3da72e8a99,Lucid Dream,Unknown,SPHAM,D,14,Arcade,173,503,Drills; Jumps; Twists,Unrecorded,Medium,14.39
692381bf-5dda-47df-b939-b8b89b4767bf,Oy Oy Oy,BanYa,SANDSTORM,S,14,Arcade,148,673,Bursty; Footswitches; Runs Without Twists,Unrecorded,Hard,14.38
c06d7c54-16e4-4260-ac47-93f490f70e2e,Dr. M,BanYa,ANDAMIRO,D,14,Arcade,145,394,10-Stairs; Co-op Pad Transitions; Twists,Unrecorded,Hard,14.37
3405943d-c8fb-47cc-b910-48aac8f8007e,The Apocalypse,HyuN feat. Elika,CONRAD,S,14,Arcade,171,700,Bursty; Drills; Jumps,Unrecorded,Medium,14.36
fc2b1601-6ebd-4fb6-ba7b-6a6a19be9aff,Vector,Zekk,SPHAM,S,14,Arcade,178,663,Side-3 Singles; Sustained; Twists,Unrecorded,Medium,14.36
e124b511-0b92-4e3d-b5da-978198f93fc8,Christmas Memories,Warak,CONRAD,S,14,Arcade,170,673,Doublesteps; Jacks; Jumps,Unrecorded,Medium,14.31
8804ec34-4109-40d6-801e-a6deee1ad183,BATTLE NO.1,TANO*C Sound Team,DulKi,S,14,Arcade,200,791,Bursty; Drills; Jacks,Unrecorded,Medium,14.3
90451dda-1e5d-4401-9ca9-67700e33d688,Crossing Delta,t+pazolite + Ginkiha + Hommarju,SPHAM,D,14,Arcade,180,666,Doublesteps; Mid-6 Doubles; Sustained,Unrecorded,Medium,14.28
5957d43f-729a-411a-a86a-54d44709de91,Heart Rabbit Coaster,Nato,FEFEMZ,S,14,Arcade,200,623,Anchor Runs; Jacks; Side-3 Singles,Unrecorded,Medium,14.24
b98bb835-12e9-41c8-b50a-ea79a7f06526,JANUS,MAX,CONRAD,D,14,Arcade,174,463,10-Stairs; Co-op Pad Transitions; Cross-pad Transitions,Unrecorded,VeryHard,14.22
ddc6ade1-8c32-4f12-8fce-ee63cdd5fac8,Like Me,SHK,EXC,S,14,Arcade,155,481,Doublesteps; Hold Footswitches; Sustained,Unrecorded,Easy,14.19
5ee5f41d-2b6c-40a8-b670-b8e13f4e5fe1,Katkoi,M2U,CONRAD,S,14,Arcade,180,659,Anchor Runs; Bursty; Drills,Unrecorded,Hard,14.16
7af8a64f-f458-4d99-86f2-97eb44765a68,Pumping Jumping,BanYa Production,BPM,S,14,Arcade,116,621,Bursty; Doublesteps; Jumps,Unrecorded,Hard,14.11
3a1bccf8-87e1-4e2c-8b3e-ea46fb34d5be,Monolith,Affinity,HP,D,14,Arcade,196,636,Co-op Pad Transitions; Runs; Runs Without Twists,Unrecorded,Hard,14.05
cf86a2ba-ccdb-4f9e-b972-b996cc3a5aa5,Spooky Macaron,Sobrem,CONRAD,S,14,Arcade,201,644,5-Stairs; Runs; Runs Without Twists,Unrecorded,Easy,14.01
9f1aa31a-2ff5-4acb-9fee-3756009f41c8,Rush-More,litmus*,SPHAM,D,14,Arcade,160,575,Anchor Runs; Jacks; Sustained,Unrecorded,Medium,13.95
fe2581c0-06ea-4982-a3b9-a4738cff9b1d,MURDOCH,WONDERTRAVELER Project,NIMGO,D,14,Arcade,179,714,Anchor Runs; Runs; Runs Without Twists,Unrecorded,Medium,13.93
24e4e34f-fa75-412b-bfe6-0b7bb7084dd9,Halloween Party ~Multiverse~ - SHORT CUT -,SHK,JUNARE,S,14,ShortCut,160,576,Anchor Runs; Side-3 Singles; Twists,Unrecorded,Medium,13.91
dcfc40fe-d15e-4f7a-bccf-a0067564ca1a,PRiMA MATERiA,Unknown,EXC,S,14,Arcade,187,850,5-Stairs; Drills; Twists,Unrecorded,Easy,13.91
29645383-1991-4ba9-b4fd-72839ade1e5a,Imperium,sakuzyo,EXC,S,14,Arcade,174,720,Jacks; Runs; Runs Without Twists,Unrecorded,Hard,13.86
5a3604dc-aedd-42ac-ac38-00bf97dba77f,Kitty Cat,Coconut,SUNNY,S,14,Arcade,128,600,Anchor Runs; Side-3 Singles; Twists,Unrecorded,Medium,13.86
0d29897f-1c84-42e4-bd5a-55ddb98594a4,Jupin - SHORT CUT -,Sobrem,SPHAM,S,14,ShortCut,173,666,Runs; Runs Without Twists; Twists,Unrecorded,Medium,13.86
0f5bd3a0-0cb5-4769-afcb-3474a108074a,Bluish Rose,WyvernP,SUNNY,D,14,Arcade,130,440,Bursty; Mid-4 Doubles; Twists,Unrecorded,Medium,13.83
cda9e21c-7354-4377-b7a4-5c39ad9a3c96,Showdown,litmus*,CONRAD,S,14,Arcade,130,576,Bursty; Doublesteps; Jumps,Unrecorded,Medium,13.82
716446b1-edb4-4bdc-840d-605ba5073661,Tantanmen,Memme,SUNNY,S,14,Arcade,185,631,Jacks; Side-3 Singles; Twists,Unrecorded,Medium,13.8
dda3374b-b8de-4130-b3d8-a4d7f0e54baa,CALL ME BACK,TNX,SUNNY,S,14,Arcade,128,631,Doublesteps; Jumps; Sustained,Unrecorded,Medium,13.76
0e56f862-951c-4fa6-89d1-f81d96b0ed9b,Butterfly,MAX & Rorychesell (SID-SOUND),Tiny,S,14,Arcade,128,564,Anchor Runs; Bursty; Runs Without Twists,Unrecorded,Medium,13.76
f5e30a76-3dc5-46a6-a963-3f88e522c1ab,Pupa,Morimori Atsushi,DulKi,S,14,Arcade,202,703,Jacks; Jumps; Sustained,Unrecorded,Medium,13.74
af30749a-ca6c-454a-87b7-b0781ba97926,Paved Garden,Ginkiha,OSING,D,14,Arcade,187,580,Drills; Mid-4 Doubles; Sustained,Unrecorded,Medium,13.73
3f7da7ea-2f5c-405a-88c3-ae01fe85f616,Interference,Doin,ESC,D,14,Arcade,180.4,512,Runs; Runs Without Twists; Twists,Unrecorded,Hard,13.72
baad4ee8-fece-4012-a77b-c5e8cfe3478b,4NT,PODA,OSING,D,14,Arcade,180,527,Bursty; Mid-4 Doubles; Mid-6 Doubles,Unrecorded,Medium,13.72
0faf36f5-e21e-4844-9278-17256b220cb6,DESTRUCIMATE,KURORAK,CONRAD,D,14,Arcade,193,692,Bursty; Co-op Pad Transitions; Drills,Unrecorded,Medium,13.7
b8155f99-40d9-4dde-926d-3f6c5b5ea7c0,Gargoyle,Sanxion7,ESC,D,14,Arcade,150,681,Runs; Sustained; Twists,Unrecorded,Medium,13.68
29e9ea2a-4527-4038-bc10-c58150a4d990,SWEET WONDERLAND,MAX feat. ankimo,CONRAD,D,14,Arcade,170,755,10-Stairs; Drills; Jumps,Unrecorded,Medium,13.67
5ae6a60e-7ad7-44ab-9274-7c41c3c66591,EMOMOMO,Ras,SUNNY,S,14,Arcade,145,796,Bursty; Drills; Jacks,Unrecorded,Medium,13.67
e71a4cfa-f949-4f6e-9c70-9e64d51580a9,Dr. M,BanYa,ANDAMIRO,S,14,Arcade,145,435,Bracket Jumps; Bursty; Footswitches,Unrecorded,Hard,13.63
c461e0be-dd19-41c4-9696-0a4a097588ef,Death Moon,SHK,NIMGO,S,14,Arcade,160,798,Brackets; Bursty; Drills,Unrecorded,Medium,13.6
294079fe-d0a1-4be6-92f1-1e7c41e6d793,MEGAHEARTZ,DJ Noriken,DulKi,D,14,Arcade,200,450,Doublesteps; Jumps; Twists,Unrecorded,Medium,13.57
0bfe7a21-838b-4e28-b641-3707de3a352b,Giselle,Sobrem a.k.a. Widowmaker,DulKi,D,14,Arcade,128 ~ 128,780,Bursty; Cross-pad Transitions; Doublesteps,Unrecorded,Easy,13.54
9a219dd0-2454-4c82-a11e-22d3e26c4d67,DUEL,Cashew & D_AAN,FEFEMZ,D,14,Arcade,155,563,Mid-4 Doubles; Runs; Twists,Unrecorded,Medium,13.52
fce34a1e-3ce4-4662-95d2-6ca616d5c90c,T.B.H,QWER,NIMGO,S,14,Arcade,178,860,Doublesteps; Drills; Jumps,Unrecorded,Easy,13.43
6c062217-e1e2-42d1-8c70-1d8fc5d725d2,Heliosphere,BlackY,NIMGO,S,14,Arcade,182,833,5-Stairs; Doublesteps; Side-3 Singles,Unrecorded,Medium,13.4
393c4b57-ff89-457b-9818-3a2775bbf450,STEP,SID-Sound,NIMGO,S,14,Arcade,156,771,Bursty; Doublesteps; Jumps,Unrecorded,VeryHard,13.35
ea88f939-a1cb-4dc6-aeaf-751d022612ee,Poseidon - SHORT CUT -,Quree,EXC,S,14,ShortCut,160,610,5-Stairs; Runs; Twists,Unrecorded,Medium,13.35
9aa9a710-5df7-4c7e-adf4-74e78a619eec,Elysium,Warak,NIMGO,S,14,Arcade,128,698,Brackets; Bracket Jumps; Bursty,Unrecorded,Medium,13.35
70b9c34e-572f-4f82-99a1-0f1d02d944a1,Switronic - SHORT CUT -,SHK,SUNNY,S,14,ShortCut,120,682,Anchor Runs; Runs; Runs Without Twists,Unrecorded,Easy,13.31
7d48fbee-d4bb-4eb6-bb04-378acc8bd98a,Hercules,Abel,SPHAM,S,14,Arcade,195,666,Anchor Runs; Jumps; Twists,Unrecorded,Easy,13.24
35928ddb-e3b1-470b-af20-6922b4746913,Digitalis,NeLiME,SPHAM,S,14,Arcade,160,777,5-Stairs; Sustained; Twists,Unrecorded,Easy,13.17
edce9aa4-6795-42fc-980f-5a8cc7e90ef6,Hyperion,M2U,OSING,S,14,Arcade,145,795,Side-3 Singles; Sustained; Twists,Unrecorded,Medium,13.16
bd399b9b-767f-4481-a3ec-2d48129f5a79,Unique,SHK,BPM,S,14,Arcade,145,792,Anchor Runs; Bursty; Jumps,Unrecorded,Medium,13.14
223e7129-a899-4a24-b834-986251e87ce4,Cosmical Rhythm,SID-Sound,AYAPPING,S,14,Arcade,128,702,5-Stairs; Jumps; Sustained,Unrecorded,Easy,13.12
b86de541-69e5-425f-9661-c44b072cbf5d,Love is a Danger Zone(Cranky Mix),BanYa & Cranky,KAHRUNYA,S,14,Arcade,155,658,Brackets; Sustained; Twists,Unrecorded,VeryHard,13.09
2111b29b-ce7f-4601-bd8e-f36d9e99223e,Nostalgia,Woody,CONRAD,S,14,Arcade,100,601,Doublesteps; Jumps; Sustained,Unrecorded,Easy,13.06
a84dc87a-ad95-482a-9515-2f35e0d399f1,Rise Up (feat. Miori Celesta),memme,CONRAD,D,14,Arcade,190,685,,Unrecorded,Medium,12.34
807ed79b-09be-4d12-aaf4-987a872bf197,Skeptic,Doin,WINDFORCE,D,14,Arcade,200.1,600,10-Stairs; Runs Without Twists; Yog Walks,Unrecorded,Medium,12.29
5f54d310-cb9b-43c4-946f-3e3fdb6226ac,Cynical,RiraN ft. Negoto Bunnyla,CONRAD,D,14,Arcade,155,558,,Unrecorded,Easy,12.24
eea79cc7-c8fe-4078-8b08-dae507cc12b1,Viyella's Nightmare,Laur,,D,14,Arcade,,561,Co-op Pad Transitions; Jacks; Mid-6 Doubles,Unrecorded,Easy,12.23
79f1411e-c3c9-4da1-a3f8-1f76e0eb0ce0,Punishment Restaurant,memme,JUNARE,D,14,Arcade,175,600,Drills; Mid-6 Doubles; Twists,Unrecorded,Easy,12.17
5311047b-d101-4a3a-9b89-3ba2caf7ca91,2006. LOVE SONG,BanYa Production,EHNE,D,14,Arcade,96,401,Doublesteps; Jumps; Twists,Unrecorded,VeryHard,12.09
a8f782e7-c615-45b8-a066-76c747b8b80c,Papasito (feat.  KuTiNA) - FULL SONG -,Yakikaze & Cashew feat. KuTiNA,AEVILUX,D,14,FullSong,128,800,Doublesteps; Jumps; Sustained,Unrecorded,Medium,12.08
9338d2f6-2811-4ec1-bb11-fe73d0c4ed8e,Le Nozze di Figaro ~Celebrazione Remix~,Unknown,,D,14,Arcade,172,641,Footswitches; Mid-4 Doubles; Twists,Unrecorded,Easy,12.05
a997ceb5-5f66-4de5-8dcc-c56eb001857d,Last Rebirth,SHK,BANNIE,D,14,Arcade,120,718,Bursty; Mid-4 Doubles; Yog Walks,Unrecorded,Medium,11.95
f65fae6b-b5e9-45fa-ad51-25117e6fa7ae,SONIC BOOM,USAO,SUNNY,D,14,Arcade,205,582,Doublesteps; Drills; Jumps,Unrecorded,Easy,11.86
5ee73d6b-7baa-4ac7-bf94-91b44c8ef23d,Glimmer Gleam,Doin,SPHAM,D,14,Arcade,85,712,Co-op Pad Transitions; Drills; Jacks,Unrecorded,VeryEasy,11.82
1a7e2f9a-fd5a-48a8-be73-ecad1e308895,Stardream -Eurobeat Remix- - SHORT CUT -,MAX x Cashew x Dave Rodgers,GGWANG,D,14,ShortCut,160,456,Mid-4 Doubles; Mid-6 Doubles; Twists,Unrecorded,Medium,11.81
79591efe-91b1-4052-bf49-10803d939eeb,Athena's Shield,Jehezukiel,SUNNY,D,14,Arcade,176,655,10-Stairs; Jacks; Mid-4 Doubles,Unrecorded,Easy,11.77
add129e0-7c9f-45c0-949f-9eab78dae656,Silver Beat feat. ChisaUezono,Tatsh feat. ChisaUezono,NIMGO,D,14,Arcade,153,639,Bursty; Drills; Twists,Unrecorded,Medium,11.64
282bb804-02f6-49f0-8e18-217e51a1737d,Poseidon - SHORT CUT -,Quree,EXC,D,14,ShortCut,160,486,Runs; Runs Without Twists; Twists,Unrecorded,Easy,11.48
b50dcc42-16cc-4ee9-9910-b62b85771bba,Allegro Furioso,DM Ashura,EXC,S,14,Arcade,176,639,Anchor Runs; Bursty; Jacks,Unrecorded,VeryHard,0
f0ae6721-010b-4246-9ac2-d893c875988d,Amai Yuuwaku Dangerous,Bakusute Sotokanda Icchome,BANNIE,S,14,Arcade,125,716,5-Stairs; Bracket Jumps; Jumps,Unrecorded,Medium,0
c4a9b1de-d6ed-4e75-84e3-a06cbcf3d012,Awakening,typeMARS,OSING,S,14,Arcade,150,786,Bursty; Doublesteps; Footswitches,Unrecorded,Medium,0
9c4c490c-50ca-4ac1-b150-896a37f94441,B.P Classic Remix,BanYa Production,BPM,S,14,Remix,164,800,Anchor Runs; Sustained; Twists,Unrecorded,VeryHard,0
4c4172fc-fd1c-4369-b1b8-d8fef22a1511,Betrayer,BanYa,WINDFORCE,D,14,Arcade,92,430,Brackets; Bracket Jumps; Co-op Pad Transitions,Unrecorded,Medium,0
5508f0bc-d793-4b6b-834a-05688a1a8e70,Break it Down,MAZO,NIMGO,S,14,Arcade,176,508,Bursty; Doublesteps; Jumps,Unrecorded,VeryHard,0
5a7fe8cb-9283-4ca9-a95c-e0f05fb2e2da,Break Out,Lunatic Sounds,CONRAD,D,14,Arcade,175,483,Anchor Runs; Jacks; Runs Without Twists,Unrecorded,Medium,0
24d88793-3c68-4925-be60-1d1ba8a87183,Come to Me,BanYa,ANDAMIRO,D,14,Arcade,100 ~ 100,,Bursty; Cross-pad Transitions; Drills,Unrecorded,Medium,0
76e1a2d0-3c9c-4f5c-b93c-8269e1bd58c2,D,MAX,BPM,D,14,Arcade,180,403,Anchor Runs; Bursty; Cross-pad Transitions,Unrecorded,Medium,0
f61d33f9-97af-40d1-adec-b7b5c0d574d1,Dolly Kiss,SID-Sound,MINAMI,S,14,Arcade,149,732,Bursty; Drills; Runs,Unrecorded,Medium,0
f5664d92-7cec-40c0-ad5e-bb488b803467,Forgotten Vampire,WyvernP,SUNNY,D,14,Arcade,137,540,Bursty; Mid-6 Doubles; Twists,Unrecorded,Hard,0
a3415f5c-571e-4088-b653-d9ffdd9498f4,Hyacinth,Yahpp,NIMGO,S,14,Arcade,193,726,5-Stairs; Bursty; Twists,Unrecorded,Medium,0
a8ddc9bf-d9e1-4697-91b7-9e922359e169,Hyacinth,Yahpp,NIMGO,D,14,Arcade,193,695,Anchor Runs; Bursty; Twists,Unrecorded,Easy,0
c73e9a44-c8ce-44c1-b263-f781de327f82,Hypnosis(SynthWulf Mix),BanYa & SynthWulf,BPM,D,14,Arcade,175,743,Anchor Runs; Bursty; Drills,Unrecorded,Medium,0
8eba35eb-b8e5-409d-81ba-22fa1629ef9c,K.O.A : Alice In Wonderworld,BanYa Production,ANDAMIRO,D,14,Arcade,156,510,Cross-pad Transitions; Jumps; Twists,Unrecorded,Medium,0
fe296593-ecdc-4856-a8a7-e156c257621d,Karyawisata,Vesuvia x REDSHiFT,HUCAR,S,14,Arcade,150 ~ 150,730,Bursty; Jumps; Twists,Unrecorded,Hard,0
896d1610-c4ed-4d01-877d-cb7d76a6a6e7,Money Fingers,BanYa Production,HIDDEN PARTS,D,14,Remix,170,609,Co-op Pad Transitions; Jacks; Jumps,Unrecorded,Medium,0
bd23fb0e-d2b6-4445-ae33-cf001151b181,Night Duty,A.V.,SUNNY,S,14,Arcade,140,608,Bursty; Doublesteps; Twists,Unrecorded,Easy,0
de0a0ef3-3c3f-4622-ba01-b93d19847992,Over the Horizon,Yamajet,FEFEMZ,S,14,Arcade,190,789,5-Stairs; Doublesteps; Sustained,Unrecorded,Medium,0
a219db6b-b1cd-4fed-baf6-6e69a5cf9b9c,Point Break,BanYa,SUNNY,S,14,Arcade,92,515,Bursty; Jacks; Jumps,Unrecorded,Medium,0
c77ac38d-0cc4-4e6e-8d68-3d44379a9e8a,Set me up,BanYa,HP,S,14,Arcade,120,634,Brackets; Bracket Jumps; Sustained,Unrecorded,Medium,0
9914c03c-8194-4721-b289-ceaa467d8499,Sudden Romance [PIU Edit],void,NIMGO,S,14,Arcade,152,761,Bracket Jumps; Runs; Runs Without Twists,Unrecorded,Medium,0
6fa42a0c-0f1a-4453-b130-bd86b0c11f94,Till the end of time,BanYa,IMBA,D,14,Arcade,140,500,Bursty; Cross-pad Transitions; Doublesteps,Unrecorded,Easy,0
01467a04-23d6-4710-890e-ee45cf01c37b,Tritium,Memme,OSING,D,14,Arcade,180,717,Bursty; Drills; Twists,Unrecorded,Medium,0
692adac4-8056-4e6f-ba6d-6a70c9925c6d,Turkey Virus,BanYa Production,ANDAMIRO,D,14,Remix,150 ~ 150,622,Bursty; Co-op Pad Transitions; Twists,Unrecorded,Hard,0
23aa022e-6683-44a3-be0c-d67b6391ca42,Ultimate Eyes,HyuN,SUNNY,S,14,Arcade,185,686,Brackets; Bracket Jumps; Jacks,Unrecorded,Hard,0
8f145696-0f0c-4564-aa8b-6b2683a46aff,Will-O-The-Wisp,BanYa,ANDAMIRO,D,14,Arcade,210,451,Brackets; Bracket Jumps; Footswitches,Unrecorded,Medium,0
01cda59e-30e3-4ed9-9344-c3bf00b99b3f,Witch Doctor - SHORT CUT -,BanYa,ANDAMIRO,S,14,ShortCut,195,768,Anchor Runs; Side-3 Singles; Twists,Unrecorded,Medium,0
53130286-8601-4d9b-a27f-e7c24a1b09f3,With My Lover,BanYa,EHNE,D,14,Arcade,124,450,Brackets; Doublesteps; Jumps,Unrecorded,Medium,0
fd8d4d39-b8aa-486c-8fc7-879efaeaea24,Xenesis,BanYa Production,BPM,D,14,Arcade,152,502,Anchor Runs; Cross-pad Transitions; Twists,Unrecorded,Medium,0
e4ef9ecd-cb43-4218-ba44-5fe7d10cba70,Midnight Blue,BanYa,ANDAMIRO,D,13,Arcade,80,360,Doublesteps; Jumps; Twists,Unrecorded,Overrated,17.05
35bd5e76-f1a1-473f-8eaa-74e2c9d5498e,Avalanche,Memme,HP,D,13,Arcade,175,467,Co-op Pad Transitions; Jacks; Runs Without Twists,Unrecorded,Underrated,16.83
08e40beb-59cf-4014-984f-d9a78dac4651,Milky Way Galaxy,3R2,ENVYtic,D,13,Arcade,175,,Drills; Runs; Runs Without Twists,Unrecorded,VeryHard,16.78
148fe0ed-42ba-4eaa-b7a4-c5d741a6c1b5,Turkey March -Minimal Tunes-,BanYa Production,BPM,D,13,Arcade,130,498,Bursty; Cross-pad Transitions; Drills,Unrecorded,Overrated,16.69
d881ff96-ef2b-4b18-84a6-9231cdf9f438,Dancing,Said,NIMGO,S,13,Arcade,151,482,Doublesteps; Jumps; Twists,Unrecorded,Hard,16.58
3b0759e6-30a4-4717-93c4-33404a6db3b7,Beethoven Virus,BanYa,Kwon Oh-Seok,D,13,Arcade,162,400,Bursty; Co-op Pad Transitions; Twists,Unrecorded,Underrated,16.56
e39c0b28-cc15-49e9-b7fa-2ff203b9bef1,Tantanmen,Memme,SUNNY,D,13,Arcade,185,571,Bursty; Mid-6 Doubles; Twists,Unrecorded,Medium,16.56
f7f0b8c7-b0a0-4134-85b4-b8d2f75f522c,iRELLiA,HyuN,CONRAD,S,13,Arcade,204,617,5-Stairs; Runs; Runs Without Twists,Unrecorded,Medium,16.54
b0896eae-0969-402c-b077-c4a47b7a0434,Till the end of time,BanYa,HUCAR,S,13,Arcade,140,575,Bursty; Doublesteps; Side-3 Singles,Unrecorded,Hard,16.51
0c66bd03-e949-4c3a-be67-9ce8d0435fd0,Guitar Man,BanYa Production,EHWA,S,13,Arcade,120,436,5-Stairs; Drills; Side-3 Singles,Unrecorded,VeryHard,16.51
ce794bbe-6a80-472a-b476-512a1caf48a9,CROSS SOUL,HyuN feat. Syepias,NIMGO,D,13,Arcade,200,633,Bursty; Co-op Pad Transitions; Twists,Unrecorded,VeryHard,16.5
2720a7f4-5292-4c89-9eb8-1c2d2ae4df06,Mental Rider,SQUAR,ENVYtic,S,13,Arcade,120 ~ 120,555,Jacks; Jumps; Twists,Unrecorded,Underrated,14.99
a2baaf5d-920d-4b28-935a-f21456273fe2,Sorceress Elise,YAHPP,BPM,D,13,Arcade,158,573,Bursty; Cross-pad Transitions; Twists,Unrecorded,Hard,14.96
8847120e-e6e8-4b63-a3eb-0c49545db1e8,Doppelganger,MonstDeath,CONRAD,S,13,Arcade,210,577,5-Stairs; Runs Without Twists; Twists,Unrecorded,Hard,14.84
8a3f7712-fc52-4b47-abde-542571a67c91,ESP,Nato,CONRAD,S,13,Arcade,175,600,Runs; Runs Without Twists; Sustained,Unrecorded,Hard,14.83
687fa5c8-7dc5-46ff-8e5f-e2560b01d1e6,Galaxy Collapse,Kurokotei,SUNNY,D,13,Arcade,150 ~ 150,551,Jacks; Mid-4 Doubles; Sustained,Unrecorded,Medium,14.78
b2bfde44-f986-4e08-9a71-be5af537f609,R.I.P,eicateve,EXC,S,13,Arcade,192,700,Bursty; Side-3 Singles; Twists,Unrecorded,Hard,14.72
3fc2d5b9-aaca-4528-865e-f854b93bdb5b,Jupin,Sobrem,DulKi,S,13,Arcade,173,752,5-Stairs; Bursty; Twists,Unrecorded,Hard,14.7
331e1fe6-1105-4e9a-a905-23300230645f,Forgotten Vampire,WyvernP,SUNNY,S,13,Arcade,137,500,Bursty; Side-3 Singles; Twists,Unrecorded,Hard,14.65
a46d3999-10f9-4b65-b535-eec9d822e2df,Keep On!,AmamoriP,OSING,D,13,Arcade,185,546,Co-op Pad Transitions; Doublesteps; Jumps,Unrecorded,VeryHard,14.56
5830f1c0-9a11-4268-b765-487dbe46a2f0,Take Out,SHK,BPM,D,13,Arcade,170,637,Anchor Runs; Cross-pad Transitions; Doublesteps,Unrecorded,Hard,14.56
fd418a2f-847b-42bd-8b4f-d473838daa2e,God Mode feat. skizzo,Nato & Skizzo,MINAMI,S,13,Arcade,152,554,Bursty; Drills; Side-3 Singles,Unrecorded,Medium,14.56
8524d615-f660-4be0-a4e4-e22fadafc278,Appassionata,Cashew x D_AAN x Jehezukiel,EXC,S,13,Arcade,160 ~ 160,700,5-Stairs; Jacks; Sustained,Unrecorded,Hard,14.46
1449b9e0-3b08-464d-8e70-7a5cceac421b,Little Munchkin,Castellia,OSING,S,13,Arcade,180,600,Bursty; Side-3 Singles; Twists,Unrecorded,Medium,14.4
4ef41c94-2032-4040-81d0-5d584dde151d,BSPower Explosion,Memme,OSING,D,13,Arcade,180,647,Bursty; Mid-4 Doubles; Runs Without Twists,Unrecorded,Hard,14.37
1c534145-ee29-456e-a378-be794764f43b,The Apocalypse,HyuN feat. Elika,CONRAD,D,13,Arcade,171,500,Anchor Runs; Jumps; Mid-6 Doubles,Unrecorded,Hard,14.29
959d05f1-c6ec-4d60-b09d-03213a51d12c,Freedom Dive,xi,EXC,S,13,Arcade,222.22,777,5-Stairs; Anchor Runs; Doublesteps,Unrecorded,Medium,14.25
ec716f22-83e3-4085-bbaf-7043a81213f2,Bad Apple!! feat. Nomico,Masayoshi Minoshima feat. Nomico,NIMGO,S,13,Arcade,138,795,Bursty; Sustained; Twists,Unrecorded,Hard,14.23
1a594a38-6824-4d9a-b26e-2bf3cc21d9e7,Like Me,SHK,EXC,D,13,Arcade,155,506,Anchor Runs; Brackets; Hold Footslides,Unrecorded,Medium,14.22
be0fb98f-6434-42ae-be37-1c53036f87fb,Dual Racing <RED vs BLUE>,Nato & r300k,CONRAD,D,13,Arcade,165,504,Cross-pad Transitions; Jumps; Twists,Unrecorded,Medium,14.15
49ceb120-718e-47d3-a66b-5861d1d5fe6b,Broken Karma (PIU Edit),Quree,NIMGO,D,13,Arcade,180,521,Runs; Runs Without Twists; Twists,Unrecorded,VeryHard,14.13
cb61765e-9768-4ebe-888e-9349bf0d7ba1,Keep On!,AmamoriP,OSING,S,13,Arcade,185,630,Anchor Runs; Jacks; Side-3 Singles,Unrecorded,Medium,14.07
18f7540e-a986-421e-bad1-633da1b011a4,Red Snow,Cashew,EXC,D,13,Arcade,170,567,Co-op Pad Transitions; Mid-4 Doubles; Twists,Unrecorded,Hard,14.06
2b261844-6841-4532-a914-25046d190bfc,An Interesting View,BanYa,ANDAMIRO,S,13,Arcade,160,400,Bursty; Drills; Footswitches,Unrecorded,Medium,14.02
d7953f93-109c-4680-abbd-d8cdc689cbc6,Windmill,Yak Won,BPM,S,13,Arcade,246,622,Bursty; Drills; Jacks,Unrecorded,Hard,14
af3545d5-7668-4705-bbfc-18b2371858ad,INFiNiTE ENERZY -Overdoze-,Reku Mochizuki,refos,S,13,Arcade,180,777,Jacks; Side-3 Singles; Sustained,Unrecorded,Hard,13.99
7c7041c4-d0da-4a17-a8ad-830c549e047e,wither garden,uma feat. Kanon Tachibana,CONRAD,D,13,Arcade,168,590,Doublesteps; Jumps; Mid-6 Doubles,Unrecorded,Hard,13.9
41752eb7-2e08-4625-b6d0-51169760d781,%X (Percent X),Pory,AEVILUX,D,13,Arcade,150,564,Doublesteps; Footswitches; Twists,Unrecorded,Medium,13.89
bcce6922-586b-4d56-92b3-1a611e7cecea,Destr0yer,Unknown,EXC,S,13,Arcade,90,800,5-Stairs; Jacks; Side-3 Singles,Unrecorded,Medium,13.8
8e623f4b-c9ec-4bea-84bd-dd7fc921aed1,Telling Fortune Flower,Koharu feat. Renyata,NIMGO,S,13,Arcade,200,692,Anchor Runs; Runs; Runs Without Twists,Unrecorded,Hard,13.78
50cdaae9-a464-4221-a9b0-57b16e47bac2,Mahika,The Musical Ghost,CONRAD,S,13,Arcade,188,624,Bursty; Drills; Runs Without Twists,Unrecorded,Medium,13.73
b4e20671-196b-40a0-8bf9-a930faeb434f,Phantom,BanYa,BPM,S,13,Arcade,140,509,Doublesteps; Jumps; Side-3 Singles,Unrecorded,Medium,13.58
184ce2c1-252d-4570-81d2-d6875d871410,Alice in Misanthrope,LeaF,CONRAD,D,13,Arcade,154 ~ 154,605,Mid-6 Doubles; Runs; Twists,Unrecorded,Hard,13.58
f683911a-6666-4a03-83e6-45dfc5491cb3,Tropicanic,SHK,SUNNY,D,13,Arcade,145,548,Runs; Runs Without Twists; Sustained,Unrecorded,Medium,13.57
19f3d91a-e3c4-498d-a4d7-0d61f440126c,Ghroth,nato,DulKi,S,13,Arcade,212,666,Anchor Runs; Runs; Runs Without Twists,Unrecorded,Medium,13.57
97b13571-6466-4cd6-91e6-2db846d6cd59,Deca Dance,Yooh,FEFEMZ,S,13,Arcade,160,646,Bursty; Jacks; Twists,Unrecorded,Medium,13.56
214b8f88-31be-4ab1-9836-9274bfce5dad,Neo Catharsis,TAG underground overlay,EXC,S,13,Arcade,120 ~ 120,777,Jacks; Side-3 Singles; Sustained,Unrecorded,Medium,13.49
f86a11fc-cee3-4523-98ea-d68547916d08,Conflict,Siromaru + Cranky,EXC,D,13,Arcade,160,628,Cross-pad Transitions; Jacks; Sustained,Unrecorded,Medium,13.41
dfc7456c-770e-4af5-accc-591a8bb8baf7,Crash-Landing Rendezvous,Xyris,FEFEMZ,S,13,Arcade,128 ~ 128,762,Bursty; Runs; Runs Without Twists,Unrecorded,Medium,13.39
ba83be2a-49e5-40e6-910c-7e072cd8a1d7,Yeo rae a,SID-Sound,EXC,S,13,Arcade,90,446,5-Stairs; Jumps; Sustained,Unrecorded,Medium,13.37
25b559a0-7b81-4c1a-9a28-12b703ae7dd0,Stardream -Eurobeat Remix-,MAX x Cashew x Dave Rodgers,CONRAD,D,13,Arcade,160,687,Mid-4 Doubles; Mid-6 Doubles; Twists,Unrecorded,Hard,13.35
cee33f3c-b082-4e3b-bde2-652ada4f685a,FLVSH OUT,Getty,SUNNY,D,13,Arcade,160,520,Anchor Runs; Jacks; Sustained,Unrecorded,Medium,13.33
7d67ab86-110d-4508-8070-947ab820c54d,Awakening,typeMARS,OSING,D,13,Arcade,150,672,Anchor Runs; Bursty; Mid-4 Doubles,Unrecorded,Medium,13.31
b33a5380-354c-4390-bcad-8fb24f8b5fc6,Violet Perfume,SHK,BANNIE,S,13,Arcade,145,796,Bursty; Drills; Sustained,Unrecorded,Medium,13.28
b7c6e94c-f1dc-484e-adb1-3fe6978c548f,Crossing Delta,t+pazolite + Ginkiha + Hommarju,SPHAM,S,13,Arcade,180,666,Doublesteps; Side-3 Singles; Sustained,Unrecorded,Medium,13.25
7c1a395b-094d-4dd1-ab78-12d15df45897,DUEL,Cashew & D_AAN,FEFEMZ,S,13,Arcade,155,528,Runs; Runs Without Twists; Side-3 Singles,Unrecorded,Medium,13.2
bd03bc8c-0917-4c74-b10e-3b024776e4fc,Lucid Dream,Unknown,SPHAM,S,13,Arcade,173,503,Drills; Jumps; Runs Without Twists,Unrecorded,Medium,13.14
1341b489-4b25-4eac-baae-18d742d53a80,Goodbounce,EBIMAYO,SUNNY,D,13,Arcade,180,634,Jacks; Jumps; Mid-4 Doubles,Unrecorded,Medium,13.13
2d2bb26d-3127-40b3-b1bb-4832cd4880bc,Binary star,SYNTHWULF,NIMGO,S,13,Arcade,170,454,Anchor Runs; Runs; Sustained,Unrecorded,Medium,13.07
7bfe477e-c214-4de8-93a3-c1e575efd6ad,Etude OP 10-4,MAX,SUNNY,D,13,Arcade,176,608,Runs; Runs Without Twists; Twists,Unrecorded,Hard,13.03
9826b33b-e66c-4360-8a57-e7bcf3ef8a30,Soldiers (TANO*C W TEAM RED ANTHEM),DJ Noriken,SUNNY,D,13,Arcade,170,486,Anchor Runs; Doublesteps; Jacks,Unrecorded,Medium,13.01
fb7b9a19-e61a-418b-8700-79f9139c5194,Last Rebirth,SHK,BANNIE,S,13,Arcade,120,717,Anchor Runs; Bursty; Twists,Unrecorded,Medium,12.99
a6accc8c-6c3d-4876-b02c-25830e5f3cff,Burn Out,WyvernP,SUNNY,D,13,Arcade,190,520,Footswitches; Mid-4 Doubles; Mid-6 Doubles,Unrecorded,Medium,12.97
ca1d82af-6ede-4708-a36a-7e0075b0d1ed,Carmen Bus,StaticSphere & FUGU SUISAN,NIMGO,D,13,Arcade,170,576,Anchor Runs; Runs; Runs Without Twists,Unrecorded,Hard,12.96
05cb1d58-a51b-40b1-8fcd-31e6c7300639,Murdoch vs Otada,ESPITZ vs WONDERTRAVELER Project,FEFEMZ,S,13,Arcade,180,629,5-Stairs; Drills; Side-3 Singles,Unrecorded,Medium,12.93
da1c25d4-cdc8-40eb-a3bc-b22b6e447dc0,That Kitty (PIU Edit.),MonstDeath,SPHAM,S,13,Arcade,190,603,Runs; Runs Without Twists; Twists,Unrecorded,Hard,12.88
8073bf71-5260-4e37-844a-cc554bdff9e0,The Reverie,uma,CONRAD,D,13,Arcade,150,573,Co-op Pad Transitions; Cross-pad Transitions; Drills,Unrecorded,Easy,12.86
fbd5b2df-53f4-4d07-a0d1-b0f2480734c8,CO5M1C R4ILR0AD,kanone,FEFEMZ,D,13,Arcade,155,632,Mid-4 Doubles; Runs; Runs Without Twists,Unrecorded,Medium,12.85
bcd1baf9-3371-44f1-bfef-26fe4e861a2e,Versailles,HyuN & MIIM,CONRAD,D,13,Arcade,160 ~ 160,475,Bursty; Cross-pad Transitions; Twists,Unrecorded,Medium,12.84
6bc06a0b-c8e4-43aa-b4ed-c509b9c3d21f,Papasito (feat.  KuTiNA),Yakikaze & Cashew feat. KuTiNA,FEFEMZ,S,13,Arcade,128,579,Doublesteps; Drills; Side-3 Singles,Unrecorded,Medium,12.76
2347f444-5590-43ba-98d9-fdbbe8537453,Rush-More,litmus*,SPHAM,S,13,Arcade,160,575,Anchor Runs; Jacks; Sustained,Unrecorded,Medium,12.76
e9106404-6296-4b96-8327-6fefe776905b,Destination,SHK,BPM,S,13,Arcade,150,546,Bracket Jumps; Runs; Twists,Unrecorded,Medium,12.75
efd051d0-1ecf-4f7e-bd0b-1544d673a3e1,Energy Synergy Matrix,Tanchiky,DulKi,D,13,Arcade,160,656,Cross-pad Transitions; Mid-6 Doubles; Twists,Unrecorded,Easy,12.71
da81bca6-0910-41fa-8ec4-bc934cbf8730,Repentance,Abel,WINDFORCE,D,13,Arcade,240,500,10-Stairs; Jacks; Sustained,Unrecorded,VeryEasy,12.69
c3307ad2-533b-4933-9fc1-429d761a23d5,BOOOM!!,RiraN,DulKi,D,13,Arcade,160,514,Cross-pad Transitions; Jacks; Jumps,Unrecorded,Medium,12.67
6c389f5a-c69b-4b44-b0d3-811161f11f03,Clematis Rapsodia,Jehezukiel,BME,D,13,Arcade,260,700,Doublesteps; Jumps; Mid-4 Doubles,Unrecorded,Hard,12.66
3bcee0ec-c37d-4345-b953-ec36ab6e8b9a,Acquire,ryhki,CONRAD,D,13,Arcade,155,544,Co-op Pad Transitions; Jacks; Jumps,Unrecorded,Medium,12.65
ed607770-5dff-4740-9107-02c633822459,Love is a Danger Zone - SHORT CUT -,BanYa,ANDAMIRO,S,13,ShortCut,140,517,Bursty; Drills; Runs Without Twists,Unrecorded,Medium,12.62
7c34a578-a5d8-4f92-885f-7447e191726b,Baroque Virus,Zircon,BPM,D,13,Arcade,135,699,Co-op Pad Transitions; Sustained; Twists,Unrecorded,Medium,12.6
2094e00b-c17e-4080-ab6e-266bb37ad26d,Pop Sequence,Hommarju,AEVILUX,D,13,Arcade,110,500,Doublesteps; Drills; Jumps,Unrecorded,Medium,12.46
707a0f26-278b-4b23-a6e0-0f93212d666c,Travel to Future,Neutral Moon,CONRAD,D,13,Arcade,160,483,10-Stairs; Drills; Jacks,Unrecorded,Medium,12.43
5fef9922-79b4-47e4-b5bd-78541f939ba5,HTTP,Quree,CONRAD,D,13,Arcade,147,558,Anchor Runs; Cross-pad Transitions; Jacks,Unrecorded,Medium,12.42
42eec985-1475-4ffb-853b-5e0e130f074f,Rolling Christmas,BanYa,ANDAMIRO,D,13,Arcade,142,543,Bursty; Cross-pad Transitions; Jacks,Unrecorded,Easy,12.41
018a8f48-d4cf-471d-9277-e7e0e99dc44f,Wedding Crashers - SHORT CUT -,SHK,SUNNY,D,13,ShortCut,165,542,Anchor Runs; Co-op Pad Transitions; Twists,Unrecorded,Medium,12.4
c9ab31b0-5a5b-491e-a5f7-e1ee35f6242d,Transacaglia in G-minor,ATAS,SUNNY,D,13,Arcade,158,515,Mid-6 Doubles; Sustained; Twists,Unrecorded,Medium,12.36
d3830dea-641a-402c-827d-470456de2d1f,Faster Z,Yahpp,EHNE,S,13,Arcade,162,528,Bursty; Drills; Jumps,Unrecorded,Easy,12.33
823e43e0-8ad0-43b3-b77f-471cfbc0ee80,Lacrimosa,Fiverwater,SUNNY,S,13,Arcade,210,550,Bracket Jumps; Jacks; Sustained,Unrecorded,Easy,12.29
6bd42e16-0ed8-41bd-b29b-85e1a2a5cf58,Dancing,Said,DulKi,D,13,Arcade,151,600,Anchor Runs; Bursty; Twists,Unrecorded,Medium,12.29
6690ee6b-926a-428c-9fad-06fa917e5238,Sudden Appearance Image,Blacklolita,DulKi,S,13,Arcade,170,550,Anchor Runs; Brackets; Jumps,Unrecorded,Easy,12.28
e3224453-c808-4e04-9a0e-c1add483089c,VANISH,Applesoda,OSING,D,13,Arcade,174,619,Co-op Pad Transitions; Doublesteps; Sustained,Unrecorded,Easy,12.26
79a8ac38-980c-4eec-9321-cb96d3085524,Free Style,BanYa,HP,S,13,Arcade,99,400,Bursty; Doublesteps; Jumps,Unrecorded,Easy,12.16
0e9daead-4ed6-4f85-8132-73e9762520c3,See,Doin,DulKi,D,13,Arcade,293,500,10-Stairs; Co-op Pad Transitions; Jacks,Unrecorded,Easy,12.11
a3652e27-cd2b-48c1-b094-6dd34889b995,Gothique Resonance,P4Koo,EXC,D,13,Arcade,174,617,Jacks; Mid-6 Doubles; Twists,Unrecorded,VeryHard,12.06
de50aa98-6055-4d70-a0fb-20db90e36c16,Macaron Day,HyuN,SPHAM,D,13,Arcade,173,599,Doublesteps; Jumps; Twists,Unrecorded,Medium,12.06
ea197077-6a00-4fbb-98b8-0f5dfbf05684,Telling Fortune Flower,Koharu feat. Renyata,NIMGO,D,13,Arcade,200,531,Bursty; Cross-pad Transitions; Drills,Unrecorded,Medium,12
2e8c140f-7728-428a-b9b0-f7f32bb54ccf,Highway Chaser,Cosmograph,SUNNY,D,13,Arcade,155,454,Anchor Runs; Runs; Runs Without Twists,Unrecorded,Easy,11.96
082e6241-c560-4e1b-9003-d5cb69b8e49c,"Phalanx ""RS2018 edit""",Cranky vs kors k,SPHAM,D,13,Arcade,145,522,Mid-6 Doubles; Sustained; Twists,Unrecorded,Easy,11.86
036386ac-9870-47fa-a2ef-0dde3c992793,Amphitryon,Gentle Stick,ENVYtic,D,13,Arcade,155,547,Co-op Pad Transitions; Sustained; Twists,Unrecorded,Easy,11.83
33117904-cfdc-4575-9603-136c1cc692e0,Lucky Star,INFX feat. Miori Celesta,CONRAD,D,13,Arcade,180,600,,Unrecorded,Easy,11.82
c1cd1043-fc8f-42b1-bd8a-28f47cf3c68b,King’s Tomb,r300k,refos,S,13,Arcade,113,480,,Unrecorded,Easy,11.8
3e296a69-0b5a-4c15-a035-ace74dcfbafc,Airplane,TYPHOON,NIMGO,S,13,Arcade,120,559,Doublesteps; Drills; Side-3 Singles,Unrecorded,Easy,11.77
0caa391d-d27f-4ee8-b0d9-e98f31aea383,ALiVE,REDALiCE,SPHAM,D,13,Arcade,170,590,Doublesteps; Jacks; Mid-6 Doubles,Unrecorded,Easy,11.69
19f916b7-a817-4938-872a-779c29ff0e3e,Halloween Party ~Multiverse~,SHK,,D,13,Arcade,160,700,Anchor Runs; Jacks; Runs Without Twists,Unrecorded,Easy,11.65
2286d090-644b-4eb4-aeb5-58e1c94da502,Ragnarok,SynthWulf,CONRAD,D,13,Arcade,170,692,Anchor Runs; Cross-pad Transitions; Runs,Unrecorded,Easy,11.62
93cfeee8-d085-4bf8-931a-be20a8eb9b3d,Pull me up (Feat. Monya),Applesoda,SUNNY,D,13,Arcade,160,629,,Unrecorded,Easy,11.58
ef6705ef-e0b9-4d39-85c1-ef8c475f5e39,Vanish 2 - Roar of the invisible dragon,Applesoda,SPHAM,D,13,Arcade,190,706,Doublesteps; Mid-6 Doubles; Twists,Unrecorded,Easy,11.5
1f65ab73-0f17-440a-94ea-406996083829,Rush-Hour,litmus*,FEFEMZ,S,13,Arcade,112,734,Bursty; Runs; Runs Without Twists,Unrecorded,Hard,11.35
c3214576-fff6-44be-98ea-30f9ff6654c2,Jupin - SHORT CUT -,Sobrem,SPHAM,S,13,ShortCut,173,666,Drills; Runs; Runs Without Twists,Unrecorded,Easy,11.33
57c2fa8d-2b0e-4b12-9a11-e4be479c6a0b,Le Nozze di Figaro ~Celebrazione Remix~,Unknown,,S,13,Arcade,172,641,5-Stairs; Sustained; Twists,Unrecorded,VeryEasy,11.3
b092d717-9069-46f0-acd1-789be286ed8b,Glimmer Gleam,Doin,SPHAM,S,13,Arcade,85,712,Drills; Jacks; Side-3 Singles,Unrecorded,Easy,11.22
38a823d0-70de-40e2-b481-aeb48e28cf5b,DISTRICT V,Zekk vs MAX,SUNNY,S,13,Remix,178,865,Runs; Runs Without Twists; Sustained,Unrecorded,Easy,11.16
fc3c6d4e-cf1b-4796-9474-cf65baa5c8ed,Orbit Stabilizer,DM Ashura,NIMGO,S,13,Arcade,155,600,5-Stairs; Runs; Runs Without Twists,Unrecorded,Medium,10.83
f993bc2d-7d89-4dac-ac12-aa1cdf4500da,Slapstick Parfait,t+pazolite,SUNNY,D,13,Arcade,160,517,Jacks; Runs; Runs Without Twists,Unrecorded,Easy,10.5
e0bad5b6-8b9b-427f-8145-9ab3ce941368,Star Command,Zircon,ANDAMIRO,S,13,Arcade,155,668,Bursty; Runs; Runs Without Twists,Unrecorded,Hard,10.5
a4bb336b-dc5a-473a-8fa4-233fa0fad8b4,Ultimate Eyes,HyuN,SUNNY,D,13,Arcade,185,552,Bursty; Jacks; Mid-4 Doubles,Unrecorded,Medium,10.47
9a3941bf-ca51-416f-9a2b-9507200ca977,"Simon Says, EURODANCE!! (feat. Sara☆M)",Jehezukiel?KAZEMURA?Hideky,,D,13,Arcade,180,648,Cross-pad Transitions; Jumps; Sustained,Unrecorded,Medium,10.44
58c7e71e-afc7-4d73-b5b4-d59fc0f11b26,* this game does not exist *,litmus* x Ester,DulKi,S,13,Arcade,40 ~ 40,700,Anchor Runs; Bursty; Side-3 Singles,Unrecorded,Hard,0
bc679f40-fe14-4c86-9f60-25933d07c591,Accident,MAX,BPM,S,13,Arcade,183,558,5-Stairs; Bursty; Twists,Unrecorded,Medium,0
c5969506-d3a5-47e7-a491-7ce9b5ab6633,Accident,MAX,HP,D,13,Arcade,183,431,Bursty; Runs; Runs Without Twists,Unrecorded,Overrated,0
a29f6389-cb2d-4442-83cf-51d5bf1c3bde,Arirang,BanYa Production,BPM,S,13,Arcade,160,600,Anchor Runs; Bursty; Twists,Unrecorded,Medium,0
045b7d99-0be6-4b51-bccd-123cf4b2738c,B.P Classic Remix 2,BanYa Production,BPM,S,13,Remix,180,800,Drills; Runs; Runs Without Twists,Unrecorded,Overrated,0
023c5466-79f3-471c-a7fb-15f76a606715,B2,MAX,HP,D,13,Arcade,158,,Cross-pad Transitions; Mid-6 Doubles; Twists,Unrecorded,Overrated,0
8cf03b49-7ddd-4d00-8d71-ddcf839798bf,Banya Classic Remix,BanYa,ANDAMIRO,S,13,Remix,162 ~ 162,552,Brackets; Bracket Jumps; Twists,Unrecorded,Overrated,0
6e3d399a-14f8-4fde-beba-905ad36e26e8,Betrayer,BanYa,HP,S,13,Arcade,92,,Brackets; Bracket Jumps; Twists,Unrecorded,Overrated,0
c3688623-9c3f-4153-91c3-4e06a27fcfd1,Break it Down,MAZO,NIMGO,D,13,Arcade,176,,10-Stairs; Doublesteps; Jumps,Unrecorded,Overrated,0
6e94f1f1-baf3-4496-8f38-0263ba9b086f,Campanella,Cashew,EXC,D,13,Arcade,140,,Bursty; Footswitches; Jacks,Unrecorded,VeryHard,0
ff31b0d3-ce0a-4e57-9f91-494c10d71eef,Can-can ~Orpheus in The Party Mix~,Sr. Lan Belmont,OSING,S,13,Arcade,195,569,Anchor Runs; Side-3 Singles; Twists,Unrecorded,Medium,0
696f1a5b-9263-48b3-9a10-a4d990d2dd9b,Can-can ~Orpheus in The Party Mix~ - SHORT CUT -,Sr. Lan Belmont,EXC,D,13,ShortCut,195,400,Mid-4 Doubles; Mid-6 Doubles; Twists,Unrecorded,VeryHard,0
248543d9-bbcb-47fa-b981-aaa01ad5226a,Cannon X.1,Yahpp,BPM,S,13,Arcade,185,772,5-Stairs; Side-3 Singles; Twists,Unrecorded,Hard,0
e2e7825a-43fb-4421-8087-0e87cecd5963,Chimera,Yahpp,ANDAMIRO,S,13,Arcade,210,763,Anchor Runs; Bursty; Runs Without Twists,Unrecorded,Medium,0
a288c261-57dd-41e2-ba1d-0763ff677088,Come to Me,BanYa,EHNE,S,13,Arcade,100 ~ 100,448,Brackets; Bracket Jumps; Hands,Unrecorded,Medium,0
116c75c7-6304-4c8a-861f-94d5d35b84a7,Cutie Song,Memme,BME,D,13,Arcade,174,553,Jacks; Mid-4 Doubles; Mid-6 Doubles,Unrecorded,Medium,0
7dfacad3-ad31-45f0-b5b6-41300c5a28de,Cygnus,Nato,SUNNY,D,13,Arcade,188,621,Bursty; Drills; Jacks,Unrecorded,Medium,0
df4c5ca1-40b4-4bbc-beb0-e9375c1685ac,D Gang,BanYa,ANDAMIRO,S,13,Arcade,150,341,Brackets; Bracket Jumps; Bursty,Unrecorded,Medium,0
75b474af-396e-4d62-b24f-fb64f54ac3d5,Death Moon,SHK,NIMGO,S,13,Arcade,160,532,5-Stairs; Footswitches; Twists,Unrecorded,Hard,0
32e8692e-6f9f-485c-ac46-8bdd482d4550,Do It Reggae Style,BanYa Production,ANDAMIRO,S,13,Arcade,96,562,Brackets; Bracket Jumps; Jumps,Unrecorded,Underrated,0
a2950356-16ca-4ab8-a957-0c543013e90a,Donatello,Triplestar,NIMGO,S,13,Arcade,175,523,5-Stairs; Runs; Runs Without Twists,Unrecorded,VeryHard,0
cf92d7be-7a24-45a3-b304-63266e113910,E.O.N,HiTECH NINJA,CONRAD,D,13,Arcade,165,534,Drills; Jumps; Twists,Unrecorded,Medium,0
7806fd5d-ffa9-434f-8297-74db19d0434a,Extravaganza,BanYa,ANDAMIRO,S,13,Arcade,195,458,Anchor Runs; Bursty; Twists,Unrecorded,Easy,0
5859e0d8-808b-45c4-bf6a-e65fde5ce267,FFF,Doin,BPM,S,13,Arcade,200,,5-Stairs; Brackets; Drills,Unrecorded,VeryHard,0
40cc3b19-a02c-41a3-8596-3bc57bac0c28,Final Audition Ep. 1,BanYa,ANDAMIRO,S,13,Arcade,189,422,Bracket Jumps; Jacks; Sustained,Unrecorded,Medium,0
365b8e95-8307-4a8e-a38a-380cbb8f4433,God Mode 2.0 feat. Skizzo,Nato feat. Skizzo,NIMGO,D,13,Arcade,155,508,Anchor Runs; Doublesteps; Twists,Unrecorded,VeryEasy,0
8bfcb460-813a-4f84-a134-df5f7742948f,God Mode 2.0 feat. Skizzo,Nato feat. Skizzo,NIMGO,S,13,Arcade,155,566,Anchor Runs; Bursty; Drills,Unrecorded,Medium,0
37c76bdd-79e4-41ed-8054-086b6d374d38,Harmagedon,HyuN vs lixound,SUNNY,D,13,Arcade,194,555,Mid-4 Doubles; Mid-6 Doubles; Twists,Unrecorded,Medium,0
270bb30e-b657-4cb0-8f27-277eb80b89a2,Heart Rabbit Coaster,Nato,FEFEMZ,D,13,Arcade,200,487,Bursty; Doublesteps; Jumps,Unrecorded,Easy,0
5ab0a1bb-5ff2-469f-af8d-ef73f36184f6,Hypnosis(SynthWulf Mix),BanYa & SynthWulf,KAHRUNYA & ANDAMIRO,S,13,Arcade,175,763,Bursty; Runs; Twists,Unrecorded,Underrated,0
b75d5e37-e3f5-4313-8091-b5b8c143ad77,I Want U - SHORT CUT -,MAX,SUNNY,D,13,ShortCut,156,489,Runs; Runs Without Twists; Twists,Unrecorded,VeryEasy,0
987893f4-f46c-46c2-846f-db12a286eee1,Jonathan's Dream,MAX & Seorryang (SID-SOUND),ANDAMIRO,D,13,Arcade,140,621,Mid-4 Doubles; Sustained; Twists,Unrecorded,VeryEasy,0
a5169246-6b98-4cb3-82ea-2966c550c118,Kokugen Kairou Labyrinth,A:llhα & ANE & 2riA,CONRAD,S,13,Arcade,215,616,5-Stairs; Runs; Runs Without Twists,Unrecorded,Medium,0
3556a8b9-c73c-4823-9b3e-440931d1b8ed,La Cinquantaine,Pory,NIMGO,D,13,Arcade,164,,Bursty; Drills; Twists,Unrecorded,Overrated,0
386307a1-5ae0-43d8-9d8e-35e16d270370,Latino Virus,Warak,HP,D,13,Arcade,170,457,Bursty; Co-op Pad Transitions; Twists,Unrecorded,Overrated,0
58907e07-bf57-4be3-a98f-cbe527438de1,Le Grand Rouge,KIEN,SPHAM,S,13,Arcade,166,603,Brackets; Bracket Jumps; Twists,Unrecorded,VeryHard,0
7c5a7a2b-9a9e-4ba2-9ce7-43df48ba55d0,Lucid(PIU Edit),Yak Won,BPM,S,13,Arcade,40 ~ 40,,5-Stairs; Sustained; Twists,Unrecorded,Overrated,0
02425491-334b-433b-91fc-0e54be450280,Magical Vacation,SID-Sound,HUGE,D,13,Arcade,154,,Co-op Pad Transitions; Doublesteps; Jumps,Unrecorded,Overrated,0
1e90cb69-e99a-41ec-8497-5f7de8221ccb,Mr. Larpus,BanYa,Kwon Oh-Seok,S,13,Arcade,190,,Footswitches; Runs; Twists,Unrecorded,Underrated,0
71dbcbb4-448b-4048-98a3-ac0c23e7f6d7,Nyarlathotep,Nato,EXC,S,13,Arcade,200,600,5-Stairs; Side-3 Singles; Twists,Unrecorded,Medium,0
27f00789-f7e2-4717-be84-55e0fb61adce,Oy Oy Oy,BanYa,SANDSTORM,D,13,Arcade,148,,Bursty; Doublesteps; Mid-6 Doubles,Unrecorded,Overrated,0
bdef2349-e231-4944-9f8e-3218b5c3b796,PRIME,TatshMusicCircle,NIMGO,D,13,Arcade,165,,Co-op Pad Transitions; Cross-pad Transitions; Twists,Unrecorded,Overrated,0
2e6224ff-b0ef-433b-ba7f-1fc8972c48a7,Pump me Amadeus,BanYa,ANDAMIRO,S,13,Arcade,170,400,Runs; Runs Without Twists; Twists,Unrecorded,VeryHard,0
29e6d6c5-f1da-465c-9aba-1e3030940492,Pumping Up,BanYa,HP,S,13,Arcade,135,,Doublesteps; Jumps; Side-3 Singles,Unrecorded,VeryEasy,0
70a3246c-f215-46a2-af3a-791b91d2bfd6,Rock the house,Matduke,IMBA,D,13,Arcade,175,666,Bursty; Cross-pad Transitions; Drills,Unrecorded,VeryEasy,0
f624a8e5-6d19-46f2-9e71-d320e706a79c,Rolling Christmas,BanYa,ANDAMIRO,S,13,Arcade,142,721,Bursty; Doublesteps; Jumps,Unrecorded,Medium,0
da827df5-76bf-435b-876b-2deae5ce544c,Silhouette Effect,Nato,HP,D,13,Arcade,167,,Bursty; Cross-pad Transitions; Jacks,Unrecorded,Overrated,0
e961f6da-bfbd-4dd1-b2e1-169f6bd7dcdf,Silver Beat feat. ChisaUezono,Tatsh feat. ChisaUezono,NIMGO,S,13,Arcade,153,717,Bursty; Drills; Footswitches,Unrecorded,VeryHard,0
d08b851e-bc98-4c8b-8ab9-17611768beb3,Stardust Overdrive,typeMARS,CONRAD,D,13,Arcade,175,504,Bursty; Runs; Twists,Unrecorded,VeryEasy,0
50ebbb04-a5c6-427b-827b-3c2b81548be1,Start On Red,Nato,CONRAD,D,13,Arcade,160,,Runs; Runs Without Twists; Sustained,Unrecorded,Overrated,0
5c9994fe-30fe-45fa-8cb6-558242926992,Top City,BanYa,ANDAMIRO,S,13,Arcade,110.8,,5-Stairs; Bursty; Footswitches,Unrecorded,VeryEasy,0
755e07a4-5bb3-4cac-a936-746cf43126a6,Turkey March,BanYa,ANDAMIRO,D,13,Arcade,150,,Co-op Pad Transitions; Runs; Runs Without Twists,Unrecorded,Overrated,0
e1215586-c3a8-4636-8f41-c4999dbf765b,Utopia,Smiley,BPM,D,13,Arcade,166,560,Anchor Runs; Footswitches; Twists,Unrecorded,Underrated,0
0b3da60f-a6d8-4f71-8fac-6ac32db94e9b,We will meet again,BanYa,HP,S,13,Arcade,118,,Brackets; Bracket Jumps; Bracket Twists,Unrecorded,Overrated,0
182ddee5-fbdd-412e-97cc-1a3165b7e25a,Will-O-The-Wisp,BanYa,ANDAMIRO,S,13,Arcade,210,,5-Stairs; Footswitches; Twists,Unrecorded,Overrated,0
d5a9f2e4-b466-42b1-9ac6-612f2f3a4b8a,Winter - SHORT CUT -,BanYa,BPM,D,13,ShortCut,168,641,Bursty; Co-op Pad Transitions; Cross-pad Transitions,Unrecorded,Hard,0
f846caee-9fe0-4ac5-8f92-11c095e81226,X-Rave,DM Ashura,ANDAMIRO,D,13,Arcade,147,,Co-op Pad Transitions; Jacks; Sustained,Unrecorded,Overrated,0
9de31247-f119-4544-b7ce-8be981602f2d,Winter,BanYa,ANDAMIRO,S,12,Arcade,168,,Bursty; Runs; Runs Without Twists,Unrecorded,Underrated,17.96
037df982-726a-4506-896c-55a584d54a22,Tritium,Memme,OSING,S,12,Arcade,180,711,Drills; Side-3 Singles; Twists,Unrecorded,Underrated,17.93
7b5b6715-61fc-43e4-a11f-450967c1a053,D,MAX,BPM,S,12,Arcade,180,400,Bursty; Runs; Twists,Unrecorded,Hard,15.89
da3639e8-1631-4460-830e-b19af6d3b89f,Tales of Pumpnia,Applesoda,CONRAD,S,12,Arcade,200,602,Drills; Runs; Runs Without Twists,Unrecorded,Underrated,15.85
0f41c5f0-5101-42ae-a305-028d9b0c2fb3,Odin,Gram,SPHAM,S,12,Arcade,200,700,Anchor Runs; Drills; Side-3 Singles,Unrecorded,Medium,15.63
8711384d-cf02-443a-ad19-3a3da1b74514,Beethoven Virus,BanYa,BPM,S,12,Arcade,162,642,Anchor Runs; Bursty; Twists,Unrecorded,Medium,15.61
3191bf59-bc96-471f-b601-4efccadb044c,Katkoi,M2U,CONRAD,D,12,Arcade,180,,Anchor Runs; Bursty; Runs Without Twists,Unrecorded,VeryHard,15.61
ab87abbd-e13c-425b-b3e6-8b3057d3fba8,Imagination,SHK,EXC,S,12,Arcade,180,593,Footswitches; Runs; Twists,Unrecorded,VeryHard,15.58
de5baf22-1193-4753-ac2b-1b9427a3c6f2,Hello William,BanYa Production,BPM,D,12,Arcade,170,428,Anchor Runs; Co-op Pad Transitions; Drills,Unrecorded,Hard,15.57
8637766e-9194-4125-8772-358c30a41ed9,Violet Perfume,SHK,ENVYtic,D,12,Arcade,145,374,Anchor Runs; Doublesteps; Sustained,Unrecorded,VeryHard,15.54
d9c8e39b-752e-4bf3-b34d-378e19e8d176,Final Audition 2,BanYa,ANDAMIRO,D,12,Arcade,130,,Footswitches; Jacks; Twists,Unrecorded,Hard,15.54
6e704166-4860-445a-bcd3-d6e49d4cbb9d,Nemesis,M2U,EXC,D,12,Arcade,160,494,Anchor Runs; Runs; Runs Without Twists,Unrecorded,Underrated,15.53
81dd9244-1912-4fa8-9f7a-00a6034ef6f4,Turkey March,BanYa,ANDAMIRO,S,12,Arcade,150,450,Bursty; Drills; Side-3 Singles,Unrecorded,Underrated,15.53
04a9616a-523f-43bf-89d8-8a5299f62501,Solitary,BanYa,ANDAMIRO,D,12,Arcade,136,240,Footswitches; Jacks; Twists,Unrecorded,Medium,15.51
b6abbbd2-8ef1-4978-90dc-a3b46b042d2f,Chinese restaurant,Memme,EXC,D,12,Arcade,175,536,Drills; Runs; Runs Without Twists,Unrecorded,Hard,15.47
3b032371-15df-425d-ad24-bd6f532e92f4,Altale,sakuzyo,FEFEMZ,S,12,Arcade,90,653,Doublesteps; Jumps; Twists,Unrecorded,Medium,15.38
ec2633d3-1ba8-4587-b43f-ae009a909fcf,4NT,PODA,OSING,S,12,Arcade,180,502,Bursty; Jacks; Side-3 Singles,Unrecorded,Hard,15.35
6fa4517e-9c30-4dbc-b1fb-f21635f8e3a2,Overblow,MAX,BPM,D,12,Arcade,155,455,Cross-pad Transitions; Runs; Twists,Unrecorded,Hard,15.24
2dff7730-4298-48ee-a944-97aa75fd40f5,Smells Like A Chocolate,Vospi,ANDAMIRO,D,12,Arcade,175.9,,Bursty; Jumps; Mid-4 Doubles,Unrecorded,Medium,15.18
977506ba-9bf9-444a-888b-b2d647ad7e0f,Wicked Legend,D_AAN,WINDFORCE,D,12,Arcade,150,428,Jumps; Runs; Twists,Unrecorded,Hard,15.06
61d95aba-af02-42a8-9a5d-bc1402351372,Obelisque,ESTi x M2U,MINAMI,D,12,Arcade,130,589,Mid-4 Doubles; Mid-6 Doubles; Twists,Unrecorded,Medium,15.06
dd4acf7e-3ed6-4b76-9b4b-77a276d4f166,Allegro Più Mosso,DM Ashura,HP,D,12,Arcade,160,,Cross-pad Transitions; Doublesteps; Jumps,Unrecorded,Medium,15
ea35761b-213b-4c4e-8e40-9ecc255ab596,Queen of the Red,ETIA.,BANNIE,S,12,Arcade,188,609,Bursty; Jumps; Twists,Unrecorded,Medium,14.95
e98ff7ae-5aa5-4b4f-89a0-7778ca0116cf,Take Out,SHK,BPM,S,12,Arcade,170,618,Brackets; Bracket Jumps; Doublesteps,Unrecorded,Medium,14.9
6fbd2b0a-8589-4f7c-858e-b268d102b9fc,Horang Pungryuga,Sangnoksu feat. HANANA,EXC,S,12,Arcade,160,494,Doublesteps; Jumps; Twists,Unrecorded,Medium,14.69
e03444ae-0500-49f7-b5ed-82affcaa7201,Super Capriccio,SHK,EXC,S,12,Arcade,150,600,5-Stairs; Side-3 Singles; Twists,Unrecorded,Hard,14.64
01cc4d7f-1d58-4094-829a-1359f5dbf737,Can-can ~Orpheus in The Party Mix~,Sr. Lan Belmont,OSING,D,12,Arcade,195,442,Bursty; Jumps; Twists,Unrecorded,Medium,14.5
52371068-86ef-4630-bfcd-f68992ae80c9,Nyan-turne (feat. KuTiNA),Cashew & Castellia,SUNNY,D,12,Arcade,202.1,517,Doublesteps; Jumps; Mid-4 Doubles,Unrecorded,Medium,13.07
972bdbdf-89f5-49a1-9d5a-33b680df5d60,Goodtek,EBIMAYO,FEFEMZ,D,12,Arcade,190,521,Bursty; Drills; Runs Without Twists,Unrecorded,Hard,13.06
921fc77f-f0f1-4894-999d-1c9c1cbd0e41,Kasou Shinja,MAX,NIMGO,D,12,Arcade,170,422,Drills; Runs; Runs Without Twists,Unrecorded,Medium,13.02
b7a6ae92-da92-4e94-af9f-6ef1d34b1a08,F(R)IEND,D_AAN,OSING,D,12,Arcade,200,472,Bursty; Mid-4 Doubles; Twists,Unrecorded,Medium,12.97
0a2dad90-a036-4a20-b175-e6f7ae2aa5f0,Moonlight,BanYa,ANDAMIRO,D,12,Arcade,180,486,Drills; Jacks; Runs Without Twists,Unrecorded,Easy,12.9
d9411812-e4e9-4fe7-8f39-bee4eeb3f38a,Naissance,BanYa,ANDAMIRO,D,12,Arcade,136,245,Co-op Pad Transitions; Footswitches; Twists,Unrecorded,VeryHard,12.89
f3d2ddf0-a2dd-4bc1-89f1-a142572e1209,Club Night,Matduke,AEVILUX,D,12,Arcade,170,605,Anchor Runs; Runs; Runs Without Twists,Unrecorded,Medium,12.87
86d076db-7af5-4336-950e-7bf37618b7cb,Canon D,BanYa,BPM,D,12,Arcade,160,,Cross-pad Transitions; Sustained; Twists,Unrecorded,Medium,12.85
ea359c36-c46c-4980-9d12-78c21801db6f,Super Stylin',Warak,AYAPPING,D,12,Arcade,146,537,Drills; Mid-6 Doubles; Twists,Unrecorded,Hard,12.83
ca50b78a-9047-470d-a9fd-6343cad96537,THE REVOLUTION,MAX & DOOM,CONRAD,D,12,Arcade,160,613,Brackets; Bracket Jumps; Runs Without Twists,Unrecorded,Easy,12.69
d962a4ac-8e3a-4efe-b036-e30316148105,Black Dragon,Memme,MINAMI,D,12,Arcade,162,555,Anchor Runs; Mid-4 Doubles; Twists,Unrecorded,Hard,12.53
a27ce112-f3c3-423d-8157-8c18bd513480,B3,MAX,CONRAD,D,12,Arcade,160,550,Mid-6 Doubles; Sustained; Twists,Unrecorded,Hard,12.49
0b5a1e8e-97c6-4edc-86e0-8a774a2f65cf,Fracture Temporelle,Kurokotei,BME,S,12,Arcade,232,429,Anchor Runs; Drills; Runs Without Twists,Unrecorded,Medium,12.46
e73e686c-4a9f-42fb-beeb-92dd049923c7,Bad Apple!! feat. Nomico - FULL SONG -,Masayoshi Minoshima feat. Nomico,NIMGO,D,12,FullSong,138,703,Cross-pad Transitions; Sustained; Twists,Unrecorded,Easy,12.45
a88a23ee-7c65-43a9-9249-562a113e00a9,Carmen Bus,StaticSphere & FUGU SUISAN,NIMGO,S,12,Arcade,170,576,Anchor Runs; Runs; Runs Without Twists,Unrecorded,VeryHard,12.43
403311e6-cd71-497f-9903-ed7337fbc991,Chase Me,Dreamcatcher,NIMGO,D,12,Arcade,200,383,Bursty; Runs; Twists,Unrecorded,Hard,12.43
5ded88d6-1864-4500-ac76-655f0804898e,Mitotsudaira,ETIA.,NIMGO,D,12,Arcade,136,557,Co-op Pad Transitions; Sustained; Twists,Unrecorded,VeryHard,12.41
d1153f8f-e089-4b34-9b5f-6c78771c9c3f,New Rose,Hommarju,CONRAD,S,12,Arcade,190,642,Anchor Runs; Bursty; Runs Without Twists,Unrecorded,Medium,12.4
6c3c1c4e-2d49-4c89-bbfb-4e93ae993507,Hardkore of the North,Diclonius Kid,HP,S,12,Arcade,190,757,Bursty; Drills; Footswitches,Unrecorded,Hard,12.38
058429ce-6fd1-4971-8dff-e22dc7882ddc,Pneumonoultramicroscopicsilicovolcanoconiosis ft. Kagamine Len/GUMI,DASU,,S,12,Arcade,,745,Doublesteps; Jumps; Twists,Unrecorded,Medium,12.33
1754995a-5459-49c4-bfc4-9d7f3035cce9,Antique Serenade,Abel,GGWANG,S,12,Arcade,214,456,,Unrecorded,Hard,12.31
aa4a6992-0cf2-4113-9424-b1070a29e5da,HELIX,ESTi,MINAMI,D,12,Arcade,175,,10-Stairs; Bursty; Runs Without Twists,Unrecorded,Easy,12.31
c73cc3a1-4bd6-4461-9ead-8bc591946e8a,Sarabande,MAX,LESEMO,S,12,Arcade,157,638,5-Stairs; Bursty; Jumps,Unrecorded,Hard,12.31
05d39ad9-6b41-4d1c-80e1-a4eccff74708,Cross Ray,HyuN,SUNNY,S,12,Arcade,176,557,Footswitches; Jacks; Side-3 Singles,Unrecorded,Medium,12.3
3ca955b7-256c-4601-a798-84ba325af718,Unique,SHK,HP,D,12,Arcade,145,638,Cross-pad Transitions; Jacks; Mid-6 Doubles,Unrecorded,Easy,12.3
9fce7a29-4d87-4c04-884f-3399862d69fc,Super Fantasy,SHK,EXC,D,12,Arcade,145,586,Anchor Runs; Runs Without Twists; Sustained,Unrecorded,Hard,12.26
b131aa2b-b44a-4eff-a97f-a7837c3080c0,Log In,SHK,BPM,D,12,Arcade,140,566,Cross-pad Transitions; Drills; Jacks,Unrecorded,Medium,12.23
02ef0dc6-6e2e-491f-a410-006cb0686aa6,E.O.N,HiTECH NINJA,CONRAD,S,12,Arcade,165,514,5-Stairs; Jumps; Twists,Unrecorded,Medium,12.22
b40590fc-01d8-4e89-a5b1-37fc420bd8c6,Stardream -Eurobeat Remix-,MAX x Cashew x Dave Rodgers,CONRAD,S,12,Arcade,160,639,5-Stairs; Sustained; Twists,Unrecorded,Hard,12.22
d656b846-32bf-4436-8ce3-46fdf0a7bd38,OVERNIGHT FLOWER,P*Light,CONRAD,S,12,Arcade,210,669,Anchor Runs; Bursty; Drills,Unrecorded,Hard,12.21
fd681afd-af66-4832-8e4f-19bc038ce07b,Uranium,Memme,WINDFORCE,D,12,Arcade,170,444,10-Stairs; Runs Without Twists; Yog Walks,Unrecorded,Medium,12.2
3578b47a-96bb-4e69-a2db-19ffcb5cf2be,Crimson Hood,Springhead,NIMGO,S,12,Arcade,190,793,5-Stairs; Bursty; Doublesteps,Unrecorded,VeryHard,12.2
c5343327-901c-423a-bef0-97489122da0d,Skeptic,Doin,WINDFORCE,S,12,Arcade,200.1,600,Anchor Runs; Runs; Runs Without Twists,Unrecorded,VeryHard,12.2
b0d30633-b660-4430-9ab1-251a548f2bd6,Chopsticks Challenge,Yahpp,SUNNY,S,12,Arcade,128,442,5-Stairs; Runs; Twists,Unrecorded,Medium,12.2
2da8f0cd-eac6-439e-ab16-d6798d00320c,Chobit Flavor,aran & t+pazolite,CONRAD,S,12,Arcade,180,540,Bursty; Jacks; Jumps,Unrecorded,VeryHard,12.19
a526e332-cf5e-4902-a5e5-7ba8ac85c3e8,Loki,Lotze,EXC,S,12,Arcade,140,635,Drills; Jacks; Side-3 Singles,Unrecorded,Medium,12.18
8aec0e0a-c4d1-455d-b01c-1109d89374f2,Halcyon,xi,NIMGO,D,12,Arcade,40 ~ 40,825,Bursty; Jacks; Yog Walks,Unrecorded,Medium,12.17
4a475b82-5327-4199-b8a1-02ae414485db,SWEET WONDERLAND,MAX feat. ankimo,CONRAD,S,12,Arcade,170,625,5-Stairs; Drills; Twists,Unrecorded,Medium,12.16
686b93d1-0a0c-4061-81c6-b4b4119994de,8 6,Dasu,EXC,S,12,Arcade,167,550,Anchor Runs; Doublesteps; Twists,Unrecorded,Medium,12.15
ac2dfc49-0104-45f3-9e34-188a7b644409,Goodtek,EBIMAYO,FEFEMZ,S,12,Arcade,190,598,Drills; Jacks; Side-3 Singles,Unrecorded,Medium,12.13
04529b67-5353-4b38-bf1f-3e3aa751b49b,Yo! Say!! Fairy!!!,MYUKKE.,SUNNY,D,12,Arcade,150,480,Mid-6 Doubles; Runs; Runs Without Twists,Unrecorded,Medium,12.13
2934475f-c6ee-46a0-87c1-b12c83953059,Re:End of a Dream,uma vs. Morimori Atsushi,FEFEMZ,S,12,Arcade,212,618,Bursty; Drills; Jacks,Unrecorded,Easy,12.11
a9616fae-763a-425c-a4e2-038613aa1f09,Nakakapagpabagabag,Dasu feat. Kagamine Len,EXC,S,12,Arcade,145,492,Drills; Side-3 Singles; Twists,Unrecorded,Medium,12.1
19a6e9c2-4878-4a58-be05-d24d8f29a08e,MEGAHEARTZ,DJ Noriken,DulKi,S,12,Arcade,200,400,Doublesteps; Drills; Jumps,Unrecorded,Medium,12.09
8fe86ae4-a66e-4ab2-aa60-ab5d185b14df,Becouse of You,Srav3R & USAO,FEFEMZ,D,12,Arcade,175,576,Bursty; Mid-6 Doubles; Twists,Unrecorded,Medium,12.08
11f24bff-e51d-4e64-8c8d-88d59e055d59,THE REVOLUTION,MAX & DOOM,CONRAD,S,12,Arcade,160,548,5-Stairs; Bracket Jumps; Twists,Unrecorded,Easy,12.07
334169eb-9e71-468a-bbb0-ad7730f516a0,NightTheater,*wakadori,FEFEMZ,S,12,Arcade,151,527,Jacks; Side-3 Singles; Sustained,Unrecorded,Medium,12.05
c55abc71-f5fc-4ccc-9740-f610744313a1,Alice in Misanthrope,LeaF,CONRAD,S,12,Arcade,154 ~ 154,563,Anchor Runs; Runs; Runs Without Twists,Unrecorded,Medium,12.04
78a21c3d-1f79-4e4c-aabc-e8dc8f5ab522,EMOMOMO,Ras,SUNNY,D,12,Arcade,145,584,Anchor Runs; Jacks; Runs Without Twists,Unrecorded,Medium,12.03
614f9e51-d4f1-49ef-92fd-8d3509cde4af,Cross Time,Brandy,CONRAD,S,12,Arcade,160,616,5-Stairs; Anchor Runs; Sustained,Unrecorded,VeryHard,12
ba23dd0b-e106-4120-b10e-9b8258be2e5c,Lohxia,The Musical Ghost,CONRAD,S,12,Arcade,155,463,Jacks; Sustained; Twists,Unrecorded,Medium,11.97
77a8d3bb-37f9-402f-b38b-83a5050f5897,L (PIU Edit),Ice,EXC,S,12,Arcade,155,700,5-Stairs; Doublesteps; Runs Without Twists,Unrecorded,Easy,11.92
793ebf83-6ef8-4b5e-a19f-b430676b1ad2,Dreamchasers,s-don,GGWANG,S,12,Arcade,155,700,Doublesteps; Sustained; Twists,Unrecorded,Easy,11.92
8290e595-6415-4a53-8caa-b7e7cb070fe1,Horang Pungryuga,Sangnoksu feat. HANANA,EXC,D,12,Arcade,160,518,Bursty; Jacks; Twists,Unrecorded,Medium,11.91
0654716a-182a-4f9a-94c0-565bd40dbf2e,Euphorianic - SHORT CUT -,SHK,,D,12,ShortCut,,357,Mid-6 Doubles; Runs; Twists,Unrecorded,Easy,11.9
8e984df1-85d8-400c-8a92-bdc0d2e069da,Break Through Myself feat. Risa Yuzuki,DJ Myosuke & Laur,CONRAD,S,12,Arcade,200,650,Bursty; Drills; Jacks,Unrecorded,Easy,11.9
998a5ced-a1d6-4e8d-9a6d-c5f3a426142c,SUPER☆HARAGURO☆POP,Zekk,refos,S,12,Arcade,160,777,Doublesteps; Jacks; Twists,Unrecorded,Medium,11.88
98e3ca43-30e2-4923-adee-6e698edc273b,Headless Chicken,r300k,AEVILUX,D,12,Arcade,90.5,500,Doublesteps; Jumps; Sustained,Unrecorded,Easy,11.87
83563a91-cf73-4954-8018-ece0b1773068,Adrenaline Blaster,QWertism & Quree & WyvernP,FEFEMZ,D,12,Arcade,150,429,Jacks; Mid-4 Doubles; Sustained,Unrecorded,Medium,11.86
44897fcb-a0ea-4ddb-b79a-c562a4c0ddf0,Bullfighter's Song,BanYa Production,JKD,D,12,Arcade,168,,Drills; Jacks; Twists,Unrecorded,VeryEasy,11.86
a62837c1-c7c9-49b2-a5d9-f8a72718f195,Eternal Universe,Quree,SUNNY,S,12,Arcade,200,535,Bursty; Jacks; Runs Without Twists,Unrecorded,Easy,11.84
88ecec42-5e0e-4c2f-b91d-baad31f3504c,XX OPENING - SHORT CUT -,MAX,SUNNY,D,12,ShortCut,175,418,Brackets; Bracket Jumps; Cross-pad Transitions,Unrecorded,Hard,11.82
be605fec-2f4d-48ce-9cd5-e79031f22f8c,District 1,MAX,WINDFORCE,D,12,Arcade,158,591,Bursty; Runs; Runs Without Twists,Unrecorded,VeryEasy,11.82
38d4fc43-31cb-4334-a01b-d7814ac48edd,Csikos Post,BanYa,ANDAMIRO,S,12,Arcade,180,479,5-Stairs; Jumps; Twists,Unrecorded,VeryHard,11.79
bd322fc5-c08d-40c7-9116-fac2ee696879,Ercitite,Doin x neur6sia,FEFEMZ,S,12,Arcade,135,613,,Unrecorded,Medium,11.79
636a4f87-3cbb-48a8-ab2e-66a3c3ec8cb7,STEP,SID-Sound,NIMGO,D,12,Arcade,156,584,Bursty; Doublesteps; Jumps,Unrecorded,Easy,11.79
091ec47b-832d-41c7-a494-daec7464fc69,Goodbounce,EBIMAYO,SUNNY,S,12,Arcade,180,619,Jacks; Jumps; Twists,Unrecorded,Easy,11.78
1b10e19b-38c2-4c9a-a3c6-4eb8fe22f6a7,BANG BANG,IVE (아이브),CONRAD,D,12,Arcade,152,467,Doublesteps; Jumps; Mid-6 Doubles,Unrecorded,Easy,11.78
47101b13-47ee-487a-a532-b70f22644e01,Hestia,Gentle Stick,EXC,D,12,Arcade,150,525,Jumps; Mid-6 Doubles; Twists,Unrecorded,Easy,11.75
01dc35a9-fa9e-4b27-97f6-e9a375252ae7,Cynical,RiraN ft. Negoto Bunnyla,CONRAD,S,12,Arcade,155,532,,Unrecorded,Medium,11.73
6fdfcec2-690c-4b7a-9d60-514d6af737b5,Danger & Danger,Cranky,FEFEMZ,S,12,Arcade,155,505,Brackets; Bracket Jumps; Twists,Unrecorded,VeryHard,11.73
8cda83c3-fee4-4ab7-9dd1-aa883e0d4236,ALiVE,REDALiCE,SPHAM,S,12,Arcade,170,590,Footswitches; Jacks; Twists,Unrecorded,Easy,11.72
8eaf9033-8cc9-45fd-96ec-23d1de8f6d2b,Earendel,Palami feat.neur6sia,SUNNY,S,12,Arcade,180,511,Doublesteps; Jumps; Runs Without Twists,Unrecorded,Easy,11.68
3b6f4212-55f0-4b7e-a068-f14f64d9a13b,BOOOM!!,RiraN,DulKi,S,12,Arcade,160,513,Anchor Runs; Jumps; Twists,Unrecorded,Medium,11.67
c660f488-efdf-4e19-b2f0-699743fb34a4,Elise,DM Ashura,BPM,S,12,Arcade,162,569,5-Stairs; Drills; Twists,Unrecorded,Medium,11.66
bdc1f3e0-32dd-4a5e-8e40-89dae2c0623b,After a thousand years,Toto,HP,S,12,Arcade,180,738,5-Stairs; Bursty; Footswitches,Unrecorded,Medium,11.65
ad4b189f-90ac-4226-814a-cab90ca4ccb7,Macaron Day,HyuN,SPHAM,S,12,Arcade,173,599,5-Stairs; Doublesteps; Jumps,Unrecorded,Medium,11.64
1821815b-b04f-4822-81eb-db1f8ad912b1,Bluish Rose,WyvernP,SUNNY,S,12,Arcade,130,439,Bursty; Drills; Side-3 Singles,Unrecorded,Medium,11.63
18c9b389-0c3a-4304-9f3f-2c308be9d098,Halcyon,xi,NIMGO,S,12,Arcade,40 ~ 40,846,Doublesteps; Jacks; Side-3 Singles,Unrecorded,Easy,11.56
9df6207c-60c6-4c4b-aeb3-4b32bcec4224,Halloween Party ~Multiverse~,SHK,,S,12,Arcade,160,700,5-Stairs; Anchor Runs; Twists,Unrecorded,Easy,11.54
54f894ca-05ad-4aae-80cb-0baa12ac647b,Indestructible,Matduke,AEVILUX,S,12,Arcade,174,600,Runs; Runs Without Twists; Side-3 Singles,Unrecorded,Medium,11.52
7141eb7d-e8d6-4c76-97a6-04e1091977f0,The People didn't know,BanYa Production,MOONFLOWER,S,12,Arcade,134,498,Anchor Runs; Bursty; Runs Without Twists,Unrecorded,Easy,11.52
e5afaf03-9550-4074-bcd0-f43cbc021e03,Further,Doin,WINDFORCE,S,12,Arcade,194,674,Anchor Runs; Doublesteps; Sustained,Unrecorded,Overrated,9.5
41875ef4-055e-491a-8e69-c4a24f2d58de,Euphorianic,SHK,CONRAD,D,12,Arcade,140,559,Anchor Runs; Cross-pad Transitions; Runs,Unrecorded,Medium,9.49
3af13aed-70d7-41a5-9a41-5a37239caa05,Move That Body!,DM Ashura feat. Skizzo & Hanna Stockzell,NIMGO,D,12,Arcade,145,490,Bursty; Co-op Pad Transitions; Twists,Unrecorded,VeryEasy,9.48
d407ea9d-0907-4606-ad35-727b2a127273,Xuxa,Smiley,HP,D,12,Arcade,160,471,Anchor Runs; Cross-pad Transitions; Sustained,Unrecorded,Easy,9.47
9a5b3b41-f3a8-4c43-a437-d031ae0fe189,Betrayer -act.2-,msgoon,ANDAMIRO,S,12,Arcade,92,582,Doublesteps; Drills; Jumps,Unrecorded,VeryEasy,9.47
a2091ecf-88c8-442e-be28-da80ca75a3f1,Unfelicitas,Fiverwater,SUNNY,S,12,Arcade,192,557,,Unrecorded,Easy,9.46
08d9a679-7d78-46bd-9b18-2a5886fb6438,Human Extinction (PIU Edit.),MonstDeath,OSING,S,12,Arcade,199,572,Anchor Runs; Runs; Runs Without Twists,Unrecorded,VeryEasy,9.45
adae7656-ecf8-4e33-8765-bf8bfbc8b40f,Break Out,Lunatic Sounds,CONRAD,S,12,Arcade,175,503,Drills; Jacks; Side-3 Singles,Unrecorded,Medium,9.45
7d269b84-6ed1-4135-b744-be4d2c5f6393,Vanish 2 - Roar of the invisible dragon,Applesoda,SPHAM,S,12,Arcade,190,706,5-Stairs; Bursty; Doublesteps,Unrecorded,VeryEasy,9.45
0580fe2a-c463-472c-a6f0-70454fd47a1d,About The Universe,SOTUI & MIssionary,OSING,S,12,Arcade,180,578,Anchor Runs; Jumps; Runs Without Twists,Unrecorded,Medium,9.44
b44f627d-4032-4e02-963d-37503fbb8809,Stardream -Eurobeat Remix- - SHORT CUT -,MAX x Cashew x Dave Rodgers,GGWANG,S,12,ShortCut,160,456,Bursty; Runs; Runs Without Twists,Unrecorded,Easy,9.43
4c92143f-9dc1-4b03-aa33-5ddb76304985,STAGER,Ras,CONRAD,D,12,Arcade,146,537,Doublesteps; Jumps; Mid-4 Doubles,Unrecorded,Easy,9.43
1f72a852-72b4-4e3d-ac3a-fdbf9fc247b6,Ice of Death,Fiverwater,CONRAD,D,12,Arcade,172,435,Bursty; Jacks; Twists,Unrecorded,Medium,9.43
da805a08-f65c-44eb-be3f-1adae2916afd,Jupin - SHORT CUT -,Sobrem,SPHAM,S,12,ShortCut,173,666,Bursty; Runs; Runs Without Twists,Unrecorded,VeryEasy,9.41
e7bbdf90-9b5b-43f3-b217-a7459ad94dae,Rising Star,M2U,CONRAD,D,12,Arcade,140,488,Doublesteps; Drills; Sustained,Unrecorded,VeryEasy,9.41
2bab3c6d-d2c4-401d-be9a-3ab05fdb2293,Radetzky Can Can,BanYa,SUNNY,S,12,Arcade,197,560,5-Stairs; Bursty; Doublesteps,Unrecorded,Overrated,9.4
b7c28ae5-8ba3-4313-90cf-6ba1724949cc,Waltz of Doge,Cashew,CONRAD,D,12,Arcade,250,453,Cross-pad Transitions; Drills; Runs Without Twists,Unrecorded,VeryHard,9.37
8d1ec5f9-9c4b-43f8-ba3c-0c6b72f4bed2,Clue,Transin,NIMGO,D,12,Arcade,140,422,Co-op Pad Transitions; Runs; Twists,Unrecorded,Medium,9.37
9e4675fa-6f57-4a75-8af9-99f32791ad71,2006. LOVE SONG,BanYa Production,JKD,S,12,Arcade,96,,Brackets; Bracket Jumps; Sustained,Unrecorded,Overrated,0
bd10c606-d92a-42da-948b-e294ab287dc4,Bee,BanYa,ANDAMIRO,S,12,Arcade,160,,Anchor Runs; Footswitches; Twists,Unrecorded,Overrated,0
bb1be8f2-dae0-458b-9711-5e37a4cd98d9,Black Swan,zeron,EXC,S,12,Arcade,175,635,Bursty; Jacks; Twists,Unrecorded,Easy,0
eae79469-4b9a-47ca-8040-5eaac6308052,Bring Back The Beat,Lunatic Sounds,HUGE,S,12,Arcade,160,,Runs; Runs Without Twists; Twists,Unrecorded,Overrated,0
e75b4125-10b3-49af-b909-7ebc81e64389,BSPower Explosion,Memme,OSING,S,12,Arcade,180,622,5-Stairs; Side-3 Singles; Twists,Unrecorded,Overrated,0
a86e9c46-a96f-481a-98a6-f21a09f83a1c,Caprice of DJ Otada,BanYa Production,BPM,S,12,Remix,180,798,Brackets; Bracket Jumps; Bursty,Unrecorded,Easy,0
12a37247-b7df-4a38-a6ba-46794d69e8f2,Catastrophe,rareguy & MonstDeath,CONRAD,S,12,Arcade,202,550,Bursty; Runs Without Twists; Twists,Unrecorded,Overrated,0
af994736-3f64-47b1-9aed-58918e9b658c,Clue,Transin,NIMGO,S,12,Arcade,140,,Bursty; Drills; Side-3 Singles,Unrecorded,Overrated,0
de13b2ee-b7f1-4734-983c-ff2a76e3553f,Csikos Post,BanYa,ANDAMIRO,D,12,Arcade,180,,Co-op Pad Transitions; Cross-pad Transitions; Twists,Unrecorded,Overrated,0
650832b6-3017-4f8f-8e11-c3d2b982a582,DESTRUCIMATE,KURORAK,CONRAD,S,12,Arcade,193,527,Bursty; Drills; Runs Without Twists,Unrecorded,VeryEasy,0
c176e9d3-b0a1-47d3-9401-bf3ab05cd58f,Dr.KOA,BanYa Production,BPM,S,12,Remix,156,725,5-Stairs; Drills; Twists,Unrecorded,Overrated,0
05de5b31-90e9-488a-9ade-d58db424053d,Elise,DM Ashura,HP,D,12,Arcade,162,646,Anchor Runs; Bursty; Twists,Unrecorded,Medium,0
9356a86c-4747-4339-b287-b71b73d3513f,Emperor,BanYa,ANDAMIRO,S,12,Arcade,150,,Doublesteps; Footswitches; Twists,Unrecorded,Overrated,0
6b257754-b32e-4c9e-b368-0627e87b455d,EXTRA BanYa Remix,BanYa,ANDAMIRO,S,12,Remix,200,646,Brackets; Footswitches; Twists,Unrecorded,Hard,0
4ba2c879-61be-4b33-955b-b6657544119e,Faster Z,Yahpp,ANDAMIRO,S,12,Arcade,162,662,5-Stairs; Footswitches; Twists,Unrecorded,Easy,0
07e6f5b4-4911-4982-8dba-b4f89cbf32fe,Final Audition 2,BanYa,ANDAMIRO,S,12,Arcade,130,364,Footswitches; Side-3 Singles; Twists,Unrecorded,Hard,0
cc80c473-dabb-4836-b445-2825fe090ddf,Final Audition Ep. 2-1,Yahpp,EHNE,D,12,Arcade,170,,Brackets; Bracket Jumps; Twists,Unrecorded,Overrated,0
3c36edf8-ae3a-4876-9d08-5e3f1193fa6f,First Love,BanYa,ANDAMIRO,S,12,Arcade,104,331,Brackets; Bracket Jumps; Bracket Twists,Unrecorded,Medium,0
9b4b7c4f-2450-4742-bc76-9e3e75f74701,Force of Ra,Memme,CONRAD,S,12,Arcade,180,688,5-Stairs; Anchor Runs; Runs Without Twists,Unrecorded,Medium,0
97e1b1e7-be6c-49b3-abe9-3d98903cee11,Get Up (and go),BanYa Production,BPM,D,12,Arcade,164,,Anchor Runs; Cross-pad Transitions; Twists,Unrecorded,Overrated,0
36817d38-8ca6-4049-9c3f-145a63101492,Get Your Groove On,BanYa,ANDAMIRO,S,12,Arcade,96,,Brackets; Bracket Jumps; Footswitches,Unrecorded,Overrated,0
83e3af54-ffb4-4a46-a648-4f6e74aebf9a,Giselle,Sobrem a.k.a. Widowmaker,DulKi,S,12,Arcade,128 ~ 128,774,5-Stairs; Bursty; Twists,Unrecorded,Easy,0
a43496cc-39d8-46ab-accc-f508552e5236,I Want U,MAX,SUNNY,S,12,Arcade,156,561,Anchor Runs; Runs; Twists,Unrecorded,Medium,0
1ea039b4-d4e5-46de-8e4f-49ea47bf0d7c,Ignis Fatuus(DM Ashura Mix),BanYa & DM Ashura,HP,S,12,Arcade,220,686,Bursty; Drills; Jumps,Unrecorded,VeryHard,0
69bb325d-0dc7-4669-82e8-a2ade3270fce,Imaginarized City,Reku Mochizuki,GGWANG,S,12,Arcade,156,544,Bursty; Doublesteps; Jacks,Unrecorded,VeryEasy,0
c99a7a2f-06d4-4c4c-a3ac-b10cb476dc49,Interference,Doin,BPM,S,12,Arcade,180.4,496,Jacks; Sustained; Twists,Unrecorded,Medium,0
b752d269-2907-4c6e-8b6c-a7a18ad266f0,JANUS,MAX,CONRAD,S,12,Arcade,174,460,Footswitches; Runs; Twists,Unrecorded,VeryHard,0
80b945b7-ee21-4c50-82be-73700549c054,Jump,BanYa,BlueEyes/Headcanon,S,12,Arcade,96,386,Jumps; Side-3 Singles; Sustained,Unrecorded,Medium,0
2449421b-1722-4685-810e-5d3b901cff38,Le Grand Bleu,KIEN,BANNIE,S,12,Arcade,165,670,Bursty; Drills; Side-3 Singles,Unrecorded,Medium,0
d38e63fd-19ab-4201-8015-d46c3c5af0f4,Leakage Voltage,Doin,MINAMI,S,12,Arcade,180,,Doublesteps; Side-3 Singles; Twists,Unrecorded,Overrated,0
c2676383-539f-40eb-a913-fc521a5d761b,Loki,Lotze,EXC,D,12,Arcade,140,556,Drills; Jacks; Mid-6 Doubles,Unrecorded,Medium,0
5d8f9636-e48d-423f-8649-d1f6f7b3aafa,Maria,BanYa,ANDAMIRO,S,12,Arcade,136,,Anchor Runs; Runs; Runs Without Twists,Unrecorded,Medium,0
166637f6-36bc-46c8-a5a7-d71b357f0c5f,Midnight Blue,BanYa,SHIN(BPM?),S,12,Arcade,80,371,Doublesteps; Runs Without Twists; Sustained,Unrecorded,VeryEasy,0
60280cfb-e58b-48a8-b97e-32d1913befcc,Monkey Fingers,BanYa,ANDAMIRO,S,12,Arcade,186,468,Bursty; Footswitches; Twists,Unrecorded,Overrated,0
16a16b1e-5be5-4daa-b929-e4fd69574759,Move That Body!,DM Ashura feat. Skizzo & Hanna Stockzell,NIMGO,S,12,Arcade,145,,Bursty; Doublesteps; Drills,Unrecorded,Hard,0
c2019816-5925-47d8-b091-dfdfd346e88c,Naissance,BanYa,ANDAMIRO,S,12,Arcade,136,307,Doublesteps; Footswitches; Jumps,Unrecorded,VeryHard,0
ab204887-052b-4cc8-b03e-db38c9f73898,Papasito (feat.  KuTiNA) - FULL SONG -,Yakikaze & Cashew feat. KuTiNA,AEVILUX,S,12,FullSong,128,800,Doublesteps; Side-3 Singles; Sustained,Unrecorded,Easy,0
5d37af80-2b04-446e-8276-7d244fedcf00,Passacaglia,SynthWulf,HP,S,12,Arcade,175,550,Anchor Runs; Runs; Twists,Unrecorded,Underrated,0
f0f7eefb-f2ef-47cf-9f55-5f7f056c7cf7,Passing Rider,mzet:-P,NIMGO,S,12,Arcade,175,501,Jumps; Side-3 Singles; Twists,Unrecorded,Overrated,0
3f0eabff-8272-42ee-a37b-3ce6c9f9e64b,Paved Garden,Ginkiha,OSING,S,12,Arcade,187,625,Side-3 Singles; Sustained; Twists,Unrecorded,Medium,0
76073f38-cf60-40bc-8952-ca742772ebf8,Perpetual,Qu-ail,WINDFORCE,S,12,Arcade,180,680,5-Stairs; Bursty; Drills,Unrecorded,Overrated,0
b8da7fb0-da91-4f20-9c49-581c9a16b065,Phantom -Intermezzo-,BanYa Production,BPM,S,12,Arcade,140,503,Side-3 Singles; Sustained; Twists,Unrecorded,Medium,0
0132ffca-abf6-42cd-955e-ef239c6e87e4,Phoenix Opening - SHORT CUT -,MAX,JUNARE,S,12,ShortCut,174,510,Doublesteps; Side-3 Singles; Twists,Unrecorded,Hard,0
3394d1df-0b01-45bf-8f07-cafd6c0d9246,Pop Sequence,Hommarju,AEVILUX,S,12,Arcade,110,,Doublesteps; Drills; Jumps,Unrecorded,Overrated,0
0931b6c6-faf0-48be-a166-f9b205a99cad,Poppin' Shower,P*Light,FEFEMZ,S,12,Arcade,175,,Bursty; Footswitches; Twists,Unrecorded,Overrated,0
fb1a520a-2c76-4650-8ddc-7204edbdacf4,PRIME2 Opening - SHORT CUT -,MAX,NIMGO,S,12,ShortCut,145,489,Anchor Runs; Bursty; Side-3 Singles,Unrecorded,Hard,0
019741c5-9c62-4269-a51f-a2d50cac0112,Ragnarok,SynthWulf,CONRAD,S,12,Arcade,170,589,5-Stairs; Side-3 Singles; Twists,Unrecorded,Medium,0
f57d06ff-2480-4c74-8e57-0657e92cdc88,Red Swan,Yahpp,HP,D,12,Arcade,172,472,Drills; Jumps; Twists,Unrecorded,VeryHard,0
37841050-f73d-460e-af7b-f5ea65eaddef,Requiem,MAX,EXC,S,12,Arcade,160,,Brackets; Bracket Jumps; Twists,Unrecorded,Overrated,0
911bf9e4-68ff-4551-b214-fd7748b19edd,Selfishness,SID-Sound,HP,D,12,Arcade,160,,Cross-pad Transitions; Doublesteps; Jumps,Unrecorded,Hard,0
c13bb23a-8db9-4bb9-a130-942fa36ae5ef,Shub Niggurath,Nato,EXC,S,12,Arcade,220,678,Anchor Runs; Bursty; Runs Without Twists,Unrecorded,VeryHard,0
816162d1-58b6-4ddf-9f80-8c0e12aca864,Super Capriccio,SHK,EXC,D,12,Arcade,150,597,Bursty; Mid-6 Doubles; Twists,Unrecorded,Easy,0
0db33802-9bcf-41f4-aef9-deb71c63580c,The Devil,BanYa Production,BPM,S,12,Arcade,130 ~ 130,,5-Stairs; Bursty; Twists,Unrecorded,VeryHard,0
5ab5ed0a-9df7-4b7d-bad7-91247bcd8956,VANISH,Applesoda,OSING,S,12,Arcade,174,769,Doublesteps; Sustained; Twists,Unrecorded,Hard,0
2e2aad3b-1b3b-41cd-9b36-fde085523a14,What Happened,Throwdown,HP,S,12,Arcade,130,355,Doublesteps; Jumps; Sustained,Unrecorded,VeryEasy,0
05363c33-f402-42e3-b9a2-a66f062241de,Witch Doctor,BanYa,HP,S,12,Arcade,195,412,Drills; Side-3 Singles; Twists,Unrecorded,Overrated,0
296b7985-41ec-47e8-9f04-90b8a4f0b145,With My Lover,BanYa,ANDAMIRO,S,12,Arcade,124,,Bracket Jumps; Footswitches; Jumps,Unrecorded,Overrated,0
0c1f7e91-ab56-4be3-8456-19b13ff4939d,X-Tream,BanYa,ANDAMIRO,S,12,Arcade,162,,Footswitches; Runs; Twists,Unrecorded,Overrated,0
0becd691-908a-46e7-bf5d-6bd75d714545,Xeroize,FE,WINDFORCE,S,12,Arcade,200,682,Bursty; Jumps; Runs Without Twists,Unrecorded,Hard,0
24994f4f-4fac-4167-8d0a-5a0924a07a96,Beat of The War 2,BanYa,ANDAMIRO,S,11,Arcade,120 ~ 120,640,Anchor Runs; Runs; Runs Without Twists,Unrecorded,Underrated,15.49
aacd0f54-c1fd-433e-90b8-0d2b906cc396,Amphitryon,Gentle Stick,ENVYtic,S,11,Arcade,155,635,Doublesteps; Side-3 Singles; Twists,Unrecorded,Hard,14.77
f264bd40-7809-4ff6-be46-be8d9906fb78,Love is a Danger Zone(Cranky Mix),BanYa & Cranky,H. FELKER,D,11,Arcade,155,445,Runs; Runs Without Twists; Twists,Unrecorded,Underrated,14.76
e1dc48c6-4274-4c8c-a68f-bb00bc592c11,Cross Over feat. LyuU,HyuN feat. LyuU,NIMGO,S,11,Arcade,200,667,Bursty; Doublesteps; Jumps,Unrecorded,VeryHard,14.69
634037b6-059a-4df4-a4a7-256fb3fc9808,Extravaganza,BanYa,ANDAMIRO,S,11,Arcade,195,385,Anchor Runs; Bursty; Twists,Unrecorded,VeryHard,14.68
b5d0fecf-aa40-454c-9617-7cfea20a6fb0,Allegro Furioso,DM Ashura,EXC,S,11,Arcade,176,496,Bursty; Doublesteps; Footswitches,Unrecorded,Medium,14.62
6fd731c1-1416-4d9b-b6bb-84f462f43a19,Imprinting,Sakuzyo,EXC,S,11,Arcade,175,654,5-Stairs; Drills; Twists,Unrecorded,VeryHard,14.56
77702cf3-0408-452f-b2cf-6482cf5fb395,Burn Out,WyvernP,BME,S,11,Arcade,190,461,Doublesteps; Jumps; Runs Without Twists,Unrecorded,Hard,14.55
0068a46b-94f9-49c8-b65a-d8b6394dcda2,Gargoyle,Sanxion7,ANDAMIRO,S,11,Arcade,150,469,Runs; Runs Without Twists; Twists,Unrecorded,Hard,14.55
400bdf8f-bb6c-4efe-9b94-b3696d1197dd,FLVSH OUT,Getty,SUNNY,S,11,Arcade,160,520,5-Stairs; Jacks; Side-3 Singles,Unrecorded,Medium,14.55
f4c5a5e7-b407-4e84-8261-d9bed9d37d06,Nyan-turne (feat. KuTiNA),Cashew & Castellia,SUNNY,S,11,Arcade,202.1,503,Doublesteps; Jumps; Sustained,Unrecorded,Hard,14.53
18632b43-eda2-48f1-a8f4-885cdae5e390,We Love Your Step,EmoCosine,refos,S,11,Arcade,205,666,,Unrecorded,Hard,14.53
78055026-4643-4316-a4e6-9c9bd6e7c3ad,MilK,Morimori Atsushi,FEFEMZ,S,11,Arcade,155,645,Bursty; Doublesteps; Jumps,Unrecorded,Medium,14.53
a85cd2c3-bc34-4e99-97af-02c5071189bc,Love is a Danger Zone,BanYa,ANDAMIRO,D,11,Arcade,140,231,Cross-pad Transitions; Doublesteps; Footswitches,Unrecorded,Hard,14.52
9f07c85f-9f3f-4972-8d5b-cff587348902,Blaze Emotion,Yahpp,JKD,D,11,Arcade,170,490,Bursty; Drills; Twists,Unrecorded,Medium,14.51
c8470db8-368c-4a5f-b53e-06dc85940a18,Cycling!,Yamajet feat. あまね (COOL&CREATE),MINAMI,D,11,Arcade,220,400,Doublesteps; Mid-4 Doubles; Mid-6 Doubles,Unrecorded,Medium,14.5
4f62443c-28d1-49fc-8cdb-d31c6362cd02,Life is PIANO,Junk,CONRAD,D,11,Arcade,133,483,Co-op Pad Transitions; Runs; Sustained,Unrecorded,Hard,12.41
0201600f-838f-4d14-b14b-a121b64edb44,Sugar Conspiracy Theory,MAX,ENVYtic,D,11,Arcade,170,597,Drills; Mid-4 Doubles; Mid-6 Doubles,Unrecorded,Underrated,12.27
6f970fde-9ce6-42b5-bb73-a7dc299fe9f8,The Festival of Ghost2 (Sneak),Brandy,EXC,D,11,Arcade,136,402,Anchor Runs; Jumps; Runs Without Twists,Unrecorded,VeryHard,12.2
2e8d9081-f75e-497c-9022-2e64e380faee,Utsushiyo No Kaze feat. Kana,void feat. Kana,EXC,D,11,Arcade,152,545,Anchor Runs; Jacks; Sustained,Unrecorded,Medium,12.03
523f4d23-299d-47a2-9a19-1e24c7399cef,Can I friend you on Bassbook? lol,Camellia & Nanahira,DulKi,D,11,Arcade,128,677,10-Stairs; Doublesteps; Jacks,Unrecorded,Hard,11.84
76df0ece-09c1-477e-8d56-5fe12016f5a1,Big Daddy,USAO,FEFEMZ,S,11,Arcade,190,561,Drills; Jacks; Side-3 Singles,Unrecorded,Medium,11.77
4b84ae11-d02c-4fd9-8b1d-eb2c69f0df46,Sugar Plum,Mr. Weq,SUNNY,S,11,Arcade,170,485,Footswitches; Jacks; Side-3 Singles,Unrecorded,Hard,11.76
321457ef-2936-40ca-b293-6b0b61cb9582,Festival of Death Moon,SHK,AEVILUX,S,11,Arcade,204,600,Bursty; Doublesteps; Jumps,Unrecorded,Medium,11.74
6552070e-65cc-4556-824f-0c8c611c7740,A Site De La Rue,STREME REVERIE,EXC,S,11,Arcade,186,550,Drills; Jacks; Side-3 Singles,Unrecorded,VeryHard,11.7
353ab563-e2ae-4179-ab4d-e968de4d2439,Fallen Angel,DM Ashura ft. Ariel,KAHRUNYA,D,11,Arcade,157,586,Anchor Runs; Doublesteps; Twists,Unrecorded,Medium,11.66
30e993bc-5269-4c74-82a9-81093f2fc9a8,Ghost Bloody Train,Fiverwater,CONRAD,S,11,Arcade,192,637,Bursty; Drills; Runs Without Twists,Unrecorded,Medium,11.65
8de32b8b-07b6-41a4-a48d-f5141dad875a,Idealized Romance,void,CONRAD,D,11,Arcade,140,440,Cross-pad Transitions; Jumps; Runs Without Twists,Unrecorded,Hard,11.61
bfaa8ad5-ea41-4796-9094-35ee0696e674,Becouse of You,Srav3R & USAO,FEFEMZ,S,11,Arcade,175,562,Bursty; Doublesteps; Runs Without Twists,Unrecorded,Medium,11.6
bdce4c89-d050-4eee-a2ef-695919f14edb,Lepton Strike,Nato,OSING,D,11,Arcade,183,578,Bursty; Jacks; Twists,Unrecorded,VeryHard,11.58
f3322a6f-ec97-4733-9529-6fa567f7806d,Soldiers (TANO*C W TEAM RED ANTHEM),DJ Noriken,SUNNY,S,11,Arcade,170,472,Anchor Runs; Jacks; Side-3 Singles,Unrecorded,Medium,11.57
5b4d8fea-52c8-44c8-8a2e-ce742d6db712,HTTP,Quree,AEVILUX,D,11,Arcade,147,472,Anchor Runs; Twists; Yog Walks,Unrecorded,Hard,11.57
10c8cb06-431e-4883-a615-8bbb80f43c64,"Phalanx ""RS2018 edit""",Cranky vs kors k,SPHAM,S,11,Arcade,145,522,Runs; Side-3 Singles; Sustained,Unrecorded,Hard,11.54
e61861e8-4a5e-496b-9173-4ccee62eb783,Ice of Death,Fiverwater,CONRAD,S,11,Arcade,172,439,5-Stairs; Brackets; Bracket Jumps,Unrecorded,VeryHard,11.54
0cf6eefd-750d-4e69-9e4b-d5d427c75a0a,Bad Apple!! feat. Nomico,Masayoshi Minoshima feat. Nomico,NIMGO,D,11,Arcade,138,488,Co-op Pad Transitions; Doublesteps; Sustained,Unrecorded,Hard,11.53
3d833c27-280c-47dd-9d35-7ff8a201bf8e,BLAZOR,WONDERTRAVELER Project,GGWANG,S,11,Arcade,161,600,Anchor Runs; Bursty; Jacks,Unrecorded,Medium,11.52
23ac2616-06c0-4806-aea7-6391228f6d37,Etude OP 10-4,MAX,SUNNY,S,11,Arcade,176,606,Bursty; Runs; Runs Without Twists,Unrecorded,Medium,11.52
102729b7-fd9d-4e5b-a1db-eb43b1ac9c9d,Point Zero One,SynthWulf,NIMGO,D,11,Arcade,170,522,Co-op Pad Transitions; Runs; Twists,Unrecorded,Medium,11.51
33badb03-40f1-4a5b-8f6e-6a26e24402fb,Mopemope,LeaF,EXC,S,11,Arcade,100,500,Drills; Footswitches; Twists,Unrecorded,Medium,11.47
40d7e39f-d28e-41de-a739-744035b6494f,Punishment Restaurant,memme,JUNARE,S,11,Arcade,175,600,Drills; Side-3 Singles; Twists,Unrecorded,Medium,11.42
9fc85ec9-7276-4ce4-b2f7-a0258c5ee89f,B3,MAX,CONRAD,S,11,Arcade,160,530,5-Stairs; Sustained; Twists,Unrecorded,Medium,11.39
864c5497-0f8f-4013-9bd4-b23697d5c814,Can I friend you on Bassbook? lol,Camellia & Nanahira,DulKi,S,11,Arcade,128,677,5-Stairs; Doublesteps; Sustained,Unrecorded,Medium,11.36
a5b717ed-a6f6-41aa-915b-cdb0d99bc34b,Rise Up (feat. Miori Celesta),memme,CONRAD,S,11,Arcade,190,665,,Unrecorded,Hard,11.29
b3500570-64b9-4ef7-b398-b5d8a1b6c3f3,The Apocalypse,HyuN feat. Elika,CONRAD,S,11,Arcade,171,446,Doublesteps; Drills; Jumps,Unrecorded,Hard,11.27
c4a08caa-6f12-45a7-a2bf-db3e89cd8fc8,Acquire,ryhki,CONRAD,S,11,Arcade,155,493,Jacks; Jumps; Twists,Unrecorded,Medium,11.24
1f518745-682d-4ef4-8336-bdc3e44f8dd1,Energy Synergy Matrix,Tanchiky,DulKi,S,11,Arcade,160,647,Jumps; Side-3 Singles; Twists,Unrecorded,Medium,11.23
6dc4b49a-9020-499b-a61f-781ae402cf33,Forgotten Vampire,WyvernP,SUNNY,D,11,Arcade,137,458,Co-op Pad Transitions; Runs; Runs Without Twists,Unrecorded,Easy,11.21
5381df52-aba2-4a3e-a232-98f530b6c827,Flavor Step!,EmoCosine,SPHAM,S,11,Arcade,150,513,Drills; Sustained; Twists,Unrecorded,Medium,11.21
b552c4ff-0da3-4ff4-8497-717801535045,Conflict,Siromaru + Cranky,EXC,S,11,Arcade,160,618,Jacks; Side-3 Singles; Sustained,Unrecorded,Medium,11.2
0b1fd408-277f-40eb-ad06-1c5d1620f9bd,Pull me up (Feat. Monya),Applesoda,SUNNY,S,11,Arcade,160,629,,Unrecorded,Easy,11.2
773565b7-a337-4160-84cf-60e9dc196aa8,Tantanmen,Memme,SUNNY,S,11,Arcade,185,457,Bursty; Jacks; Side-3 Singles,Unrecorded,Medium,11.16
f04da398-fd92-4517-8af7-145c7f1c35e6,Allegro Con Fuoco,DM Ashura,ANDAMIRO,D,11,Arcade,156,,Bursty; Jacks; Jumps,Unrecorded,Medium,11.11
859aa4b4-e731-4753-bb5e-1bc332e7d40f,Barber's Madness,Klass E,,S,11,Arcade,,476,Anchor Runs; Bursty; Runs Without Twists,Unrecorded,Hard,11.11
2a3e353a-c6f8-433e-afa0-7243dc367089,Hypercube,MAX,NIMGO,D,11,Arcade,145,382,Cross-pad Transitions; Doublesteps; Twists,Unrecorded,Medium,11.07
908e2a27-071b-42af-82f1-48e2e841779f,Euphorianic,SHK,CONRAD,S,11,Arcade,140,535,5-Stairs; Anchor Runs; Twists,Unrecorded,Easy,11.04
b3715428-50b5-4603-a730-1db78b4620e6,Viyella's Nightmare,Laur,,S,11,Arcade,,560,5-Stairs; Jacks; Twists,Unrecorded,Medium,11.02
95ec3b9d-0370-4ca4-ae5e-f201425fd4d9,Cross Time,Brandy,CONRAD,D,11,Arcade,160,565,Jacks; Mid-4 Doubles; Sustained,Unrecorded,Easy,10.99
31896291-f101-4653-8cef-76edb55419e3,Pupa,Morimori Atsushi,DulKi,S,11,Arcade,202,609,Doublesteps; Drills; Jumps,Unrecorded,VeryEasy,10.97
efd6f22d-24f2-433c-a372-13f3f9314bad,Tropicanic,SHK,SUNNY,S,11,Arcade,145,500,Runs; Runs Without Twists; Sustained,Unrecorded,Medium,10.97
2d0d14db-bc2e-4807-a0e9-b2d5ec93e3ae,Moment Day,MAX,OSING,D,11,Arcade,155,473,Cross-pad Transitions; Mid-6 Doubles; Twists,Unrecorded,Hard,10.97
57cdb88c-67c4-4269-8da5-3e652e2d9b66,Baroque Virus,Zircon,BPM,S,11,Arcade,135,691,5-Stairs; Sustained; Twists,Unrecorded,Medium,10.95
4ece7395-3027-4fa3-8632-84e4602da80a,Digitalis,NeLiME,SPHAM,S,11,Arcade,160,555,Anchor Runs; Drills; Sustained,Unrecorded,Easy,10.92
c5298785-7a87-4fb5-b5c2-ba7f7e31f96f,Cutie Song,Memme,BME,S,11,Arcade,174,490,Anchor Runs; Runs Without Twists; Sustained,Unrecorded,Medium,10.92
b6e5d96b-e9e9-4c4c-b4e5-f64376f13d0f,Stardream (feat. Romelon),Cashew & Rorychesell (SID-SOUND),BME,D,11,Arcade,160,455,Mid-4 Doubles; Mid-6 Doubles; Twists,Unrecorded,Medium,10.87
f13fac80-4ee6-43b4-acd0-171a72945e9a,See,Doin,DulKi,S,11,Arcade,293,456,5-Stairs; Jacks; Side-3 Singles,Unrecorded,Medium,10.85
c050af87-d819-44c9-ab56-a6e2dafe4b22,Till the end of time,BanYa,ANDAMIRO,S,11,Arcade,140,515,Runs; Sustained; Twists,Unrecorded,Medium,10.83
920401fd-270e-4e29-afbd-e50d0b3fee01,Yo! Say!! Fairy!!!,MYUKKE.,SUNNY,S,11,Arcade,150,465,Runs; Runs Without Twists; Sustained,Unrecorded,Easy,10.82
06eaf310-af64-4e42-b9fb-f96875d92e4b,wither garden,uma feat. Kanon Tachibana,CONRAD,S,11,Arcade,168,498,5-Stairs; Anchor Runs; Jumps,Unrecorded,Medium,10.8
c9027267-045a-4f66-bcce-6d90106d5e63,Gothique Resonance,P4Koo,EXC,S,11,Arcade,174,595,Anchor Runs; Jacks; Side-3 Singles,Unrecorded,VeryEasy,10.72
ac49ef09-bfe0-4828-b319-86fab6bb2d59,Highway Chaser,Cosmograph,SUNNY,S,11,Arcade,155,453,Anchor Runs; Footswitches; Runs Without Twists,Unrecorded,Easy,10.72
8f87a211-b909-4a82-a77d-4cea62fc187b,DIE ANOTHER DAY,TNX,NIMGO,D,11,Arcade,98,447,Anchor Runs; Doublesteps; Twists,Unrecorded,Medium,10.72
78238daa-8d1f-42e3-9188-7fa8b06036dc,Rising Star,M2U,CONRAD,S,11,Arcade,140,535,Drills; Sustained; Twists,Unrecorded,Medium,10.7
e719e1ab-ada4-4696-8ae8-d52285d0e2ff,Ultimate Eyes,HyuN,SUNNY,S,11,Arcade,185,546,Bursty; Jacks; Side-3 Singles,Unrecorded,Medium,10.69
b387bf71-6ad5-4d5e-aa39-3fabecc97c5d,Little Munchkin,Castellia,OSING,D,11,Arcade,180,434,Bursty; Jumps; Mid-4 Doubles,Unrecorded,Medium,10.69
299c8193-32af-415b-8438-bb134a09cd69,Switronic - SHORT CUT -,SHK,SUNNY,D,11,ShortCut,120,376,Mid-4 Doubles; Runs; Twists,Unrecorded,Easy,10.68
f865df6e-ece4-4f2a-a242-6f935c7a0d3c,"Simon Says, EURODANCE!! (feat. Sara☆M)",Jehezukiel?KAZEMURA?Hideky,,S,11,Arcade,180,561,Runs Without Twists; Sustained; Twists,Unrecorded,Medium,10.65
390c58d5-4808-44b2-8abd-08ab4fed61ad,STAGER,Ras,CONRAD,S,11,Arcade,146,537,Jumps; Sustained; Twists,Unrecorded,VeryEasy,10.63
8af1eef2-0f10-42cd-a65c-8234f84af974,Ercitite,Doin x neur6sia,FEFEMZ,D,11,Arcade,135,467,,Unrecorded,Easy,10.63
d64a1c9f-1c17-4133-8352-b5af8079d39d,Athena's Shield,Jehezukiel,SUNNY,S,11,Arcade,176,650,Footswitches; Jacks; Side-3 Singles,Unrecorded,Medium,10.6
235b5e89-1d37-4894-a90d-86e167852a92,BRAIN POWER,NOMA,SUNNY,S,11,Arcade,170 ~ 170,524,5-Stairs; Doublesteps; Sustained,Unrecorded,Easy,10.57
77f17b0b-5233-4a60-a9a1-c171e99d5135,Switronic,SHK,CONRAD,S,11,Arcade,120 ~ 120,551,Runs; Runs Without Twists; Sustained,Unrecorded,Easy,10.55
7c93caee-4aa2-4e67-a12f-2b80769c7fa9,Papasito (feat.  KuTiNA),Yakikaze & Cashew feat. KuTiNA,FEFEMZ,D,11,Arcade,128,317,Cross-pad Transitions; Drills; Jacks,Unrecorded,Easy,10.53
b2f7aa41-a623-42f6-87a7-678af6f1c00e,MilK,Morimori Atsushi,FEFEMZ,D,11,Arcade,155,406,Cross-pad Transitions; Drills; Mid-4 Doubles,Unrecorded,Easy,10.3
5e3a2951-6108-401d-ace1-40bf84f9f0d7,Timing,HIGHTEEN,OSING,D,11,Arcade,164,441,Bursty; Drills; Jacks,Unrecorded,Medium,10.3
efb10c63-66b6-45de-85a1-c54dd87753d9,Showdown,litmus*,CONRAD,D,11,Arcade,130,466,Cross-pad Transitions; Jumps; Twists,Unrecorded,Easy,9.6
c17defc9-4d47-4c77-9f9a-961391c47237,Sarabande,MAX,EXC,D,11,Arcade,157,553,Jacks; Runs; Runs Without Twists,Unrecorded,VeryEasy,9.08
bf0346ca-b3ab-4f1f-9e7a-d6b1550ffa17,Festival of Death Moon,SHK,SPHAM,D,11,Arcade,204,555,Doublesteps; Jumps; Twists,Unrecorded,Hard,8.86
a4a8be28-ef76-47a8-b38e-f7167d4b6a3e,Sugar Plum,Mr. Weq,SUNNY,D,11,Arcade,170,407,Jacks; Mid-4 Doubles; Sustained,Unrecorded,Easy,8.63
2f69c634-06e8-46be-ba33-8d15a53271ac,Cygnus,Nato,SUNNY,S,11,Arcade,188,624,Bursty; Jacks; Side-3 Singles,Unrecorded,Medium,8.48
ce27a9a4-342d-495e-9846-a5aeb9c03191,Wedding Crashers - SHORT CUT -,SHK,SUNNY,S,11,ShortCut,165,527,5-Stairs; Runs; Twists,Unrecorded,Easy,8.47
b4c387c4-7986-4a43-b5b1-e92572d52d55,MURDOCH,WONDERTRAVELER Project,NIMGO,S,11,Arcade,179,611,Anchor Runs; Drills; Runs Without Twists,Unrecorded,VeryEasy,8.47
fde6f394-b36c-4dc9-944a-cf03da95ffba,Canon D,BanYa,BPM,S,11,Arcade,160,611,Side-3 Singles; Sustained; Twists,Unrecorded,Medium,8.47
7eb9d7b8-49c3-404e-a181-1003978b68ee,Solfeggietto,Unknown,WINDFORCE,D,11,Arcade,157,419,Bursty; Runs; Runs Without Twists,Unrecorded,Easy,8.42
143c3d22-ad3a-44fc-b6c6-fa48351e98fc,Iolite Sky,Doin,WINDFORCE,D,11,Arcade,90,518,Jumps; Mid-6 Doubles; Sustained,Unrecorded,Easy,8.41
4e428056-5f37-488d-bd6c-71fdbf2939ca,Poseidon - SHORT CUT -,Quree,EXC,S,11,ShortCut,160,468,Anchor Runs; Runs; Runs Without Twists,Unrecorded,Easy,8.4
cb434a27-168b-4e14-b2b1-c0946d2c0c7b,Transacaglia in G-minor,ATAS,SUNNY,S,11,Arcade,158,446,Side-3 Singles; Sustained; Twists,Unrecorded,Medium,8.4
b25823c5-62fe-483b-ba1b-384b9834838f,Amai Yuuwaku Dangerous,Bakusute Sotokanda Icchome,BANNIE,S,11,Arcade,125,,Bursty; Drills; Twists,Unrecorded,Overrated,0
dc7046ee-2f99-41a9-95bb-763ddaa3c1c2,Annihilator Method,DM Ashura,EXC,S,11,Arcade,192,461,Bursty; Footswitches; Jacks,Unrecorded,Overrated,0
431b42dd-3bad-4b4c-8ed6-74817c9df7f0,Avalanche,Memme,HP,S,11,Arcade,175,528,Anchor Runs; Runs; Runs Without Twists,Unrecorded,Overrated,0
a28d9f57-8a61-4f8e-8481-96d33bc5a595,Beat The Ghost,BanYa Production,HIDDEN PARTS,S,11,Arcade,124,,Bursty; Doublesteps; Twists,Unrecorded,Overrated,0
92cd481d-4edc-438f-a8f3-f52f742ca990,Black Dragon,Memme,MINAMI,S,11,Arcade,162,437,Anchor Runs; Runs; Runs Without Twists,Unrecorded,Underrated,0
0ea24d8f-cd64-4b1d-b108-90308fa1afd1,Broken Karma (PIU Edit),Quree,NIMGO,S,11,Arcade,180,,Runs; Runs Without Twists; Side-3 Singles,Unrecorded,Overrated,0
65ae85ba-e246-4dcf-b0f7-08d798b03ea6,Bullfighter's Song,BanYa Production,EHNE,S,11,Arcade,168,346,Doublesteps; Sustained; Twists,Unrecorded,Overrated,0
f1b0f46e-f03e-45cb-bf48-fd23cc4a7957,Caprice of Otada,BanYa Production,EHWA,D,11,Arcade,160,,Cross-pad Transitions; Doublesteps; Drills,Unrecorded,Overrated,0
09719eec-ac0c-4462-afd5-ebb2dae90ab8,Chicken Wing,BanYa,ANDAMIRO,S,11,Arcade,200,496,Brackets; Doublesteps; Twists,Unrecorded,Overrated,0
f78c12fc-a226-4c77-819b-88b549da1ec6,Clematis Rapsodia,Jehezukiel,BME,S,11,Arcade,260,600,Doublesteps; Drills; Jumps,Unrecorded,VeryHard,0
92537ce5-035e-411f-9d7c-4111c243d1ac,Come to Me,BanYa,ANDAMIRO,S,11,Arcade,100 ~ 100,,,Unrecorded,Overrated,0
a9eb060b-5024-4d43-954b-3f3c4e95213c,Cosmical Rhythm,SID-Sound,AYAPPING,D,11,Arcade,128,480,Jumps; Mid-4 Doubles; Sustained,Unrecorded,VeryEasy,0
a0fed707-9c12-4ee4-b9ea-c9f1f3798fb6,Destination - SHORT CUT -,SHK,BPM,S,11,ShortCut,150,497,Side-3 Singles; Sustained; Twists,Unrecorded,VeryEasy,0
baf1bcf3-ba4e-491e-8907-275046c2519c,Dual Racing <RED vs BLUE>,Nato & r300k,CONRAD,S,11,Arcade,165,,Jacks; Jumps; Twists,Unrecorded,Overrated,0
4d02ffbc-f68d-411c-ac96-6642745d6269,Fallen Angel,DM Ashura ft. Ariel,H. FELKER,S,11,Arcade,157,700,Jumps; Sustained; Twists,Unrecorded,Medium,0
97ecf953-b3fe-4b5d-a67d-99a9b791df57,Feel My Happiness,3R2,ENVYtic,S,11,Arcade,175,517,Runs; Runs Without Twists; Side-3 Singles,Unrecorded,Medium,0
8103b5b6-81ad-4b9f-a674-5bccf9b8f4c1,Fires of Destiny,Jehezukiel,BME,D,11,Arcade,155,460,Doublesteps; Mid-6 Doubles; Twists,Unrecorded,Medium,0
52b3b785-f15e-47b6-af3c-5659922a92aa,Galaxy Collapse,Kurokotei,SUNNY,S,11,Arcade,150 ~ 150,549,Anchor Runs; Jacks; Sustained,Unrecorded,Easy,0
e0ca974a-2d86-4015-9f6c-2693a0ae24f0,Get Up (and go),BanYa Production,BPM,S,11,Arcade,164,,Drills; Side-3 Singles; Twists,Unrecorded,Overrated,0
1487c06d-8299-46fe-9ebf-559c13cb4aad,Heart Attack,DJ Counterforce,NIMGO,S,11,Arcade,148,357,5-Stairs; Sustained; Twists,Unrecorded,Medium,0
7b650c4a-e16d-49e8-8405-639c44ea4abc,HELIX,ESTi,MINAMI,S,11,Arcade,175,,Runs; Side-3 Singles; Twists,Unrecorded,Overrated,0
0b22e7f9-3f70-4dd0-b940-a3646ab0e0a2,Hellfire,Memme,NIMGO,S,11,Arcade,170,604,Drills; Side-3 Singles; Twists,Unrecorded,Underrated,0
ba99c1d2-63a0-42d2-9929-daeb4b1030d8,Hello,BanYa,ANDAMIRO,S,11,Arcade,140,,Jacks; Side-3 Singles; Twists,Unrecorded,Overrated,0
2984f16a-9663-4bf3-ac0b-863e50ced7a7,Hi Bi,BanYa,ANDAMIRO,D,11,Arcade,145,374,Doublesteps; Jumps; Twists,Unrecorded,Medium,0
726258b0-313f-4f31-97e1-34377ae4381f,Hungarian Dance V,BanYa Production,ANDAMIRO,D,11,Arcade,145,332,10-Stairs; Jacks; Jumps,Unrecorded,Easy,0
e735d3a3-39f2-4d17-b0c8-a6a281beed45,Hyperion,M2U,OSING,D,11,Arcade,145,484,Mid-4 Doubles; Runs; Twists,Unrecorded,Underrated,0
0fa39362-5ff4-4104-ae18-cf23f9fbc404,Hypnosis(SynthWulf Mix),BanYa & SynthWulf,KAHRUNYA & ANDAMIRO,S,11,Arcade,175,,Anchor Runs; Jumps; Twists,Unrecorded,Overrated,0
aeb3274c-d083-4ba3-84eb-f067c4bfa614,I Want U - SHORT CUT -,MAX,SUNNY,S,11,ShortCut,156,586,Runs; Runs Without Twists; Twists,Unrecorded,VeryEasy,0
0ad3bbad-ccd1-4e09-ad5f-0cf9077e15f6,Idealized Romance,void,CONRAD,S,11,Arcade,140,482,Brackets; Bracket Jumps; Jumps,Unrecorded,Hard,0
fdaa0f01-1d99-4f74-875a-b48b5a3a9b9c,Just Hold On (To All Fighters),void,NIMGO,S,11,Arcade,170,,Jacks; Runs; Runs Without Twists,Unrecorded,Overrated,0
68cec7ed-2dd1-4215-a94b-a139833ba9ab,Katkoi,M2U,CONRAD,S,11,Arcade,180,584,Bursty; Drills; Jumps,Unrecorded,Overrated,0
ea9afc10-e8f0-4797-8a32-ba98b58000aa,Love is a Danger Zone,BanYa,BPM,S,11,Arcade,140,502,Drills; Jacks; Twists,Unrecorded,Overrated,0
203577e2-dd67-4147-910e-22474e700f58,Love is a Danger Zone pt. 2,BanYa,BPM,S,11,Arcade,162,563,Bursty; Jumps; Twists,Unrecorded,Overrated,0
1662ac3b-5a43-41cb-b0cf-b190ea667138,Lucky Star,INFX feat. Miori Celesta,CONRAD,S,11,Arcade,180,596,,Unrecorded,Medium,0
d0bc545a-23e1-4185-a00d-65d3f3bac296,Magical Vacation,SID-Sound,HUGE,S,11,Arcade,154,,Doublesteps; Jumps; Twists,Unrecorded,VeryEasy,0
55870ff8-5ce2-4b71-befd-d5011df38bc4,MATADOR,Cranky,AYAPPING,S,11,Arcade,168,,Drills; Side-3 Singles; Twists,Unrecorded,Overrated,0
89f00c0a-0038-44b3-9c13-24c2e7b7247a,Milky Way Galaxy,3R2,ENVYtic,S,11,Arcade,175,,Jacks; Side-3 Singles; Twists,Unrecorded,Overrated,0
23154bb7-1835-4578-a3ce-b6a469119f7b,Moonlight,BanYa,ANDAMIRO,S,11,Arcade,180,,Drills; Footswitches; Jacks,Unrecorded,Overrated,0
30ad14ed-3cc7-498d-90c3-163ca7f38b9a,Native,SHK,ANDAMIRO,D,11,Arcade,135,446,Cross-pad Transitions; Jacks; Sustained,Unrecorded,Medium,0
3346e8f1-7cc0-4716-82ed-939aa471a0e3,Oh! Rosa,BanYa,ANDAMIRO,D,11,Arcade,148,300,Brackets; Bracket Twists; Doublesteps,Unrecorded,Hard,0
97f00223-e22e-469c-8115-ad540ba79771,Over the Horizon,Yamajet,FEFEMZ,S,11,Arcade,190,512,Bursty; Doublesteps; Jumps,Unrecorded,Medium,0
26c7f228-51f2-423a-af6f-e0e826964afd,POINT ZERO 2,SynthWulf,FEFEMZ,S,11,Arcade,170,538,Anchor Runs; Runs Without Twists; Side-3 Singles,Unrecorded,Medium,0
9cf95ed0-6366-468a-962a-b9ebf4ea9429,Pop The Track,J-Mi & Midi-D Ft. Hanna Stockzell,ANDAMIRO,D,11,Arcade,160,404,Drills; Runs; Runs Without Twists,Unrecorded,Medium,0
a402946f-5752-4622-9e7c-3d81db13c8b7,PRIME,TatshMusicCircle,NIMGO,S,11,Arcade,165,,5-Stairs; Jacks; Twists,Unrecorded,Overrated,0
3a89fd9d-ede5-461f-bbdd-b4f7205ad5e1,Rage of Fire,MAX,OSING,D,11,Arcade,155,454,Bursty; Co-op Pad Transitions; Runs,Unrecorded,Easy,0
edb55626-b738-4837-bd97-87205669ba15,Rage of Fire,MAX,OSING,S,11,Arcade,155,555,5-Stairs; Bursty; Twists,Unrecorded,Medium,0
87b0b42e-0e51-42d7-8cbc-1265be9a2673,Red Snow,Cashew,EXC,S,11,Arcade,170,570,5-Stairs; Doublesteps; Twists,Unrecorded,Medium,0
f884de06-52e2-457d-8e8d-4f46c30a0cdb,Redline,Archefluxx,NIMGO,S,11,Arcade,170,,Bursty; Runs; Twists,Unrecorded,Overrated,0
8f9ac85a-61ca-4354-9e1d-ce975334192a,Reminiscence,MAX,BME,D,11,Arcade,155,569,Runs; Runs Without Twists; Twists,Unrecorded,Medium,0
f2f47c11-535a-492a-9ce3-a4bc9b23d541,Rock the house,Matduke,AYAPPING,D,11,Arcade,175,576,Drills; Twists; Yog Walks,Unrecorded,Overrated,0
e2d6ad71-3e17-4e38-9809-55c66ff4da6a,Selfishness,SID-Sound,HP,S,11,Arcade,160,580,Doublesteps; Jacks; Jumps,Unrecorded,Overrated,0
87337a0e-4f12-44b6-b888-217edd392384,She Likes Pizza,BanYa,ANDAMIRO,D,11,Arcade,229.5,,Brackets; Bracket Jumps; Doublesteps,Unrecorded,Overrated,0
29e1c9ed-0cbe-4102-9f3f-fcc5a46346d4,Smile Diary,you,NIMGO,S,11,Arcade,175,,Bursty; Doublesteps; Jumps,Unrecorded,Underrated,0
e5e5ccc5-5328-482f-be4c-f4d612948bce,Solitary,BanYa,ANDAMIRO,S,11,Arcade,136,306,Brackets; Bracket Twists; Footswitches,Unrecorded,Overrated,0
283e806f-abc5-42b8-8061-289798002ce8,Start On Red,Nato,CONRAD,S,11,Arcade,160,,5-Stairs; Sustained; Twists,Unrecorded,VeryEasy,0
aa5c6537-e6f7-44d3-bd04-88ad49741552,Street show down,BanYa,SUNNY,S,11,Arcade,124,,Doublesteps; Sustained; Twists,Unrecorded,Overrated,0
f38a5c36-46ab-466f-827a-f4ab5be30737,Super Stylin',Warak,AYAPPING,S,11,Arcade,146,529,5-Stairs; Drills; Jumps,Unrecorded,Medium,0
8256c02a-91d4-45ff-8af7-524809e70656,Tepris,Doin,ANDAMIRO,D,11,Arcade,144.9,444,Anchor Runs; Runs Without Twists; Sustained,Unrecorded,Underrated,0
dfe93e9b-d4ae-4c8b-bf62-3025e4cf1144,The Festival of Ghost2 (Sneak),Brandy,EXC,S,11,Arcade,136,,Anchor Runs; Jumps; Twists,Unrecorded,VeryEasy,0
58a73d8c-4120-4745-876a-e471b5d77c19,The Quick Brown Fox Jumps Over The Lazy Dog,Doin,NIMGO,S,11,Arcade,200,601,Drills; Runs; Runs Without Twists,Unrecorded,Medium,0
4b7998db-0fd9-4a19-8e91-344ba1b8eaec,The Reverie,uma,CONRAD,S,11,Arcade,150,543,5-Stairs; Side-3 Singles; Twists,Unrecorded,VeryEasy,0
17c037dd-d805-4534-b80d-71136b21d142,Toccata,BanYa Production,BPM,S,11,Arcade,104,470,5-Stairs; Doublesteps; Twists,Unrecorded,VeryEasy,0
c1205d56-646f-4f6e-8196-f68908cd68be,Travel to Future,Neutral Moon,CONRAD,S,11,Arcade,160,467,5-Stairs; Jacks; Twists,Unrecorded,Underrated,0
e4cdbe76-fa5a-4417-9b64-4e8c33078c43,Underworld ft. Skizzo (PIU Edit.),MonstDeath vs Neutral Moon,BME,S,11,Arcade,190,575,Bursty; Jacks; Runs Without Twists,Unrecorded,Medium,0
bbad1111-12ed-433e-b788-fed35cc42fdb,Utsushiyo No Kaze feat. Kana,void feat. Kana,EXC,S,11,Arcade,152,547,5-Stairs; Jacks; Sustained,Unrecorded,Hard,0
5f5233ed-e63e-4c51-92d2-01e1f262d07f,video out c,Vospi,NIMGO,S,11,Arcade,198,,Bursty; Drills; Twists,Unrecorded,Overrated,0
947a160f-6079-4346-b08e-d7949da8193d,Visual Dream II (In Fiction),Aragon,BANNIE,D,11,Arcade,175,,Anchor Runs; Bursty; Cross-pad Transitions,Unrecorded,Overrated,0
b0549c67-2ecf-401d-97d9-9cdedf9027c8,Waltz of Doge,Cashew,CONRAD,S,11,Arcade,250,438,Jacks; Side-3 Singles; Twists,Unrecorded,Overrated,0
ab4761ae-4da7-48d0-b72c-908621cd32fc,We will meet again,BanYa,ANDAMIRO,D,11,Arcade,118,,Doublesteps; Drills; Twists,Unrecorded,Overrated,0
718619b9-a47d-4161-b309-25ed94cea322,Winter - SHORT CUT -,BanYa,BPM,S,11,ShortCut,168,415,Bursty; Runs; Twists,Unrecorded,VeryHard,0
642e9d1c-74ae-41ae-a370-e63d4b5ca01a,Xenesis,BanYa Production,BPM,S,11,Arcade,152,,Anchor Runs; Bursty; Drills,Unrecorded,Overrated,0
5aced419-ef5b-4129-84d5-78e1cbaa8f68,XX OPENING - SHORT CUT -,MAX,SUNNY,S,11,ShortCut,175,509,5-Stairs; Brackets; Bracket Jumps,Unrecorded,Easy,0
2d234121-2164-4e62-ab24-da244b0cfacd,Rock the house,Matduke,AYAPPING,S,10,Arcade,175,570,Drills; Jacks; Twists,Unrecorded,Medium,13.56
88996d0d-0002-4ac9-b313-cc4a710555e2,Log In,SHK,BPM,S,10,Arcade,140,568,Drills; Side-3 Singles; Twists,Unrecorded,Hard,13.52
0096e5e9-ecc2-46ad-9288-f4b29812bdc9,Nemesis,M2U,EXC,S,10,Arcade,160,505,Anchor Runs; Bursty; Jumps,Unrecorded,VeryHard,13.51
fe5e309b-6eef-404f-af68-12943750148c,Scorpion King,r300k,NIMGO,D,10,Arcade,113,366,Anchor Runs; Runs; Twists,Unrecorded,Underrated,12.8
f5211619-2db9-4b03-88dc-c9cd552a65e4,V3,Beautiful Day,NIMGO,D,10,Arcade,160,428,Anchor Runs; Bursty; Twists,Unrecorded,VeryHard,12.2
678a821a-b08d-4db4-82d5-52e1a0fe7a61,Hellfire,Memme,NIMGO,D,10,Arcade,170,387,Bursty; Drills; Jacks,Unrecorded,Medium,11.86
c3815928-817a-418a-9bdf-45dc24ad382e,Heart Attack,DJ Counterforce,NIMGO,D,10,Arcade,148,281,Jacks; Sustained; Twists,Unrecorded,Hard,11.66
da2c04f0-d723-493a-ae48-7e6cdb92d99d,Get Your Groove On,BanYa,ANDAMIRO,D,10,Arcade,96,200,Cross-pad Transitions; Doublesteps; Twists,Unrecorded,Hard,11.5
607a777c-00cd-4ff8-8cea-214e63d540e9,Moment Day,MAX,NIMGO,S,10,Arcade,155,504,Anchor Runs; Runs; Twists,Unrecorded,Underrated,11.47
09ad7d09-caa1-495a-be28-46b19a0fe6d4,Elysium,Warak,ENVYtic,D,10,Arcade,128,444,Cross-pad Transitions; Jumps; Sustained,Unrecorded,Hard,11.47
317cf657-e522-440e-94aa-8d91ab7d9fa5,Twist of Fate (feat. Ruriling),Jehezukiel feat. Ruriling,BME,D,10,Arcade,141,492,Mid-4 Doubles; Mid-6 Doubles; Twists,Unrecorded,Hard,11.46
b20ea763-4a05-4714-b02f-f79cd7bfee0d,Fly High,Dreamcatcher,BME,D,10,Arcade,154,442,Drills; Mid-6 Doubles; Twists,Unrecorded,Easy,11.37
07ae90d6-62cb-46e2-b681-9db596f6f3ca,Your Mind,Roy Mikelate,WINDFORCE,D,10,Arcade,180,475,Doublesteps; Jumps; Mid-4 Doubles,Unrecorded,VeryHard,11.31
2911fcd4-db9c-4ad1-bc60-955f135ef979,Poseidon,Quree,SUNNY,S,10,Arcade,160,452,Anchor Runs; Runs; Twists,Unrecorded,VeryHard,11.26
8d09015c-560f-4d5f-badb-f57c6582150b,CO5M1C R4ILR0AD,kanone,FEFEMZ,S,10,Arcade,155,508,Runs; Runs Without Twists; Side-3 Singles,Unrecorded,Medium,11.19
f12761dd-5618-4fdc-b520-50d569ed03b8,Another Truth,Novasonic,ANDAMIRO,D,10,Arcade,136,215,Jumps; Sustained; Twists,Unrecorded,Medium,11.13
dffd2ae8-d791-4dc5-8c98-f8fc5e1a7b69,Hestia,Gentle Stick,EXC,S,10,Arcade,150,651,Bursty; Sustained; Twists,Unrecorded,Easy,11.04
06185727-ca67-43bc-a677-9d0f4781ebb5,Super Fantasy,SHK,EXC,S,10,Arcade,145,605,Anchor Runs; Side-3 Singles; Twists,Unrecorded,Medium,10.98
76fee43e-e5ee-46cd-be8b-6cf86647033b,Enjoy The Show,RiraN ft. Negoto Bunnyla,NIMGO,S,10,Arcade,160,534,Drills; Jumps; Sustained,Unrecorded,Medium,10.95
3497f159-726b-49bd-9085-d54f0d7e951e,BANG BANG,IVE (아이브),CONRAD,S,10,Arcade,152,380,5-Stairs; Doublesteps; Jumps,Unrecorded,Medium,10.94
f3264e8c-c62f-4441-953a-8603d85cbcd7,Anguished Unmaking,void,NIMGO,D,10,Arcade,170,353,Anchor Runs; Runs; Runs Without Twists,Unrecorded,Medium,10.86
0913ded1-393d-42c2-a523-e4199cd12a41,Danger & Danger,Cranky,FEFEMZ,D,10,Arcade,155,356,Jacks; Mid-4 Doubles; Mid-6 Doubles,Unrecorded,Medium,10.57
98127c6b-5fb9-4108-a065-f82c5261db4f,ASDF,Doin,HP,D,10,Arcade,170,497,Anchor Runs; Bursty; Mid-6 Doubles,Unrecorded,Medium,10.56
27a99eed-1bf8-4680-817d-55fc95de5374,Time Attack <BLUE>,r300k,WINDFORCE,D,10,Arcade,119,472,Cross-pad Transitions; Runs; Runs Without Twists,Unrecorded,Medium,10.48
5e09ce64-edef-44f0-9f27-2b76b7576299,Obliteration,ATAS,AEVILUX,D,10,Arcade,150,435,Doublesteps; Jacks; Sustained,Unrecorded,Medium,10.44
f02779cd-181f-4d8d-9537-0e9d0f1a5699,Slam,Novasonic,ANDAMIRO,D,10,Arcade,131.99,251,Co-op Pad Transitions; Jumps; Twists,Unrecorded,Medium,10.43
bd65d191-8ec8-4b45-aec0-c2265b8d1c7b,The Stranger,ONF (온앤오프),CONRAD,D,10,Arcade,116,370,Jumps; Mid-6 Doubles; Twists,Unrecorded,Easy,10.37
d8547a8a-d7df-4fa7-972d-1cebcf0a8d2e,Arcana Force,mzet:-P,OSING,D,10,Arcade,175,477,Anchor Runs; Jacks; Mid-4 Doubles,Unrecorded,Medium,10.28
ae2598ca-1a42-4ffd-8c48-9c458f513eca,Tribe Attacker,Hi-G,HP,D,10,Arcade,150,372,Jacks; Jumps; Mid-6 Doubles,Unrecorded,Medium,10.27
a7127390-6eaa-4290-b0f6-0c2da367dd77,Up & Up (Produced by AWAL),Skizzo ProducedBy AWAL,WINDFORCE,D,10,Arcade,150,358,Bursty; Runs; Runs Without Twists,Unrecorded,Medium,10.06
34b30c10-3247-42d6-989f-09b2cc5ef842,Till the end of time,BanYa,UYAB,D,10,Arcade,140,416,Anchor Runs; Mid-6 Doubles; Twists,Unrecorded,Easy,9.83
6b621614-e942-448f-88f6-1c9833f590c0,Super Stylin',Warak,AYAPPING,D,10,Arcade,146,452,Anchor Runs; Mid-4 Doubles; Twists,Unrecorded,Medium,9.7
e4a03ed3-6bab-4764-b9fb-7958a9c846c6,Tritium,Memme,OSING,D,10,Arcade,180,450,Bursty; Runs; Yog Walks,Unrecorded,Hard,9.65
c88b1e40-795c-4952-a90c-cf8ea576b369,Requiem,MAX,EXC,D,10,Arcade,160,484,Bursty; Drills; Runs Without Twists,Unrecorded,Medium,9.49
ef3df641-57b4-401d-aeb2-1e0c1e9e960b,Nostalgia,Woody,CONRAD,D,10,Arcade,100,391,Runs Without Twists; Sustained; Twists,Unrecorded,Easy,9.46
60b2d42e-f310-41e1-843e-b74c5379fc6f,Switronic,SHK,CONRAD,D,10,Arcade,120 ~ 120,447,Runs; Runs Without Twists; Sustained,Unrecorded,VeryEasy,9.43
6190410f-5238-4cff-b29c-abcce315b766,Follow Me,SHK,EXC,D,10,Arcade,155,367,Jumps; Sustained; Twists,Unrecorded,Easy,9.31
87d0abb2-a243-45e5-b3fa-de5153124e6c,Passing Rider,mzet:-P,NIMGO,D,10,Arcade,175,372,Bursty; Runs; Runs Without Twists,Unrecorded,Easy,9.18
32a0d63f-1b06-4920-9373-d84cd23b23ad,Amai Yuuwaku Dangerous,Bakusute Sotokanda Icchome,BANNIE,D,10,Arcade,125,459,Anchor Runs; Mid-4 Doubles; Twists,Unrecorded,Hard,9.13
44c55c81-b3ec-4ab0-a35d-f7cf4880b31f,Hey U,MAZO,NIMGO,D,10,Arcade,162,449,Bursty; Drills; Twists,Unrecorded,Medium,9.04
ffbc75d1-d345-45e5-a59c-104aa6d1f8e0,Yeo rae a,SID-Sound,EXC,D,10,Arcade,90,475,Bursty; Mid-6 Doubles; Twists,Unrecorded,Easy,9.01
8bbfa256-2e58-46e7-96a3-6448c9830964,VANISH,Applesoda,OSING,D,10,Arcade,174,411,Cross-pad Transitions; Drills; Jacks,Unrecorded,Medium,8.88
0773ab87-c9ea-4716-8175-a34b2de65256,INFINITY,Lunatic Sounds,NIMGO,D,10,Arcade,175,483,Bursty; Runs; Twists,Unrecorded,Medium,8.85
b1b1f4c9-81db-4934-8223-2d297a5bdded,Le Grand Bleu,KIEN,BANNIE,D,10,Arcade,165,445,Runs; Runs Without Twists; Twists,Unrecorded,Easy,8.72
277b4418-6fda-49c8-a47c-a6e8a2d766f7,SUPER☆HARAGURO☆POP,Zekk,refos,S,10,Arcade,160,625,Bursty; Doublesteps; Jacks,Unrecorded,Medium,7.48
7cb344da-a646-4d85-8f56-9abef2e9fadc,Versailles,HyuN & MIIM,CONRAD,S,10,Arcade,160 ~ 160,450,5-Stairs; Bursty; Twists,Unrecorded,Medium,7.48
9dfeee5d-ee2b-4f00-ae44-338fb0960e81,King’s Tomb,r300k,refos,S,10,Arcade,113,396,,Unrecorded,Medium,7.48
a10eb2bf-1e19-4d43-8e41-21a10aceb947,Solve My Hurt,Doin,SPHAM,S,10,Arcade,234,504,5-Stairs; Sustained; Twists,Unrecorded,Hard,7.48
975d0669-b8cf-4ee2-821f-93afaf12a327,DUEL,Cashew & D_AAN,FEFEMZ,S,10,Arcade,155,509,5-Stairs; Runs; Runs Without Twists,Unrecorded,Easy,7.48
c0d6cc9c-11d6-481b-98cf-2bd064e2747a,Iolite Sky,Doin,WINDFORCE,S,10,Arcade,90,510,5-Stairs; Jumps; Sustained,Unrecorded,Medium,7.48
81d48bdb-9a04-420d-90a0-beae9e0dffed,Kill Them!,Archefluxx,NIMGO,D,10,Arcade,170,422,Bursty; Cross-pad Transitions; Drills,Unrecorded,Medium,7.48
ed5936e2-a618-4024-97dc-fa5e0e745648,Curiosity Overdrive,t+pazolite,DulKi,S,10,Arcade,192,561,Bursty; Drills; Side-3 Singles,Unrecorded,Medium,7.48
f858c882-b937-48b8-8c4b-e485644ca8b3,Ugly Dee,BanYa Production,HP,S,10,Arcade,92,432,Bursty; Doublesteps; Drills,Unrecorded,Easy,7.48
db760da9-8255-4281-af5a-be0c3164e492,%X (Percent X),Pory,AEVILUX,S,10,Arcade,150,557,Doublesteps; Jacks; Jumps,Unrecorded,Hard,7.47
6eb749e8-12b3-47fe-bf9b-acbd8bf85731,SONIC BOOM,USAO,SUNNY,S,10,Arcade,205,563,5-Stairs; Doublesteps; Jumps,Unrecorded,Easy,7.47
3350b7e4-0f7e-44b2-bfff-b7f7e8b6f272,Lacrimosa,Fiverwater,SUNNY,S,10,Arcade,210,419,Doublesteps; Jumps; Sustained,Unrecorded,Medium,7.47
c48b32d0-ff82-4163-a894-d37a91d9e750,Reality,SHK,BPM,S,10,Arcade,135,332,Drills; Runs; Side-3 Singles,Unrecorded,Medium,7.47
ba996266-b7dd-4c67-971c-c0a42e214f25,DJ Otada,BanYa Production,HIDDEN PARTS,S,10,Arcade,180,453,Bursty; Jumps; Runs Without Twists,Unrecorded,Hard,7.47
0a581b73-a1d6-4e83-9006-c056ac6b83bc,GLORIA,Croire,CONRAD,S,10,Arcade,245,443,5-Stairs; Jacks; Sustained,Unrecorded,Easy,7.47
c54e299a-02ff-4bc3-8950-c899d666e93c,You Got Me Crazy,MAX,EXC,S,10,Arcade,128,509,5-Stairs; Jacks; Twists,Unrecorded,Medium,7.47
9dc2ff49-38a0-4489-9d8c-69302d4dc5d1,Campanella,Cashew,EXC,S,10,Arcade,140,429,Brackets; Bracket Jumps; Jacks,Unrecorded,Easy,7.47
e2fc19ab-b85c-4130-94ee-d2ced8388fff,Twist of Fate (feat. Ruriling),Jehezukiel feat. Ruriling,BME,S,10,Arcade,141,621,Drills; Side-3 Singles; Sustained,Unrecorded,Easy,7.47
b8e28953-0ff5-49a3-9853-d459e9d76deb,Repentance,Abel,WINDFORCE,S,10,Arcade,240,473,5-Stairs; Drills; Sustained,Unrecorded,Medium,7.46
6354a4db-f2d4-4514-96c0-cbe066ec78f0,Imperium,sakuzyo,EXC,S,10,Arcade,174,660,Drills; Jacks; Runs Without Twists,Unrecorded,Medium,7.46
1e9382a3-aa56-4756-801c-c2e663a254a5,Showdown,litmus*,CONRAD,S,10,Arcade,130,449,Jacks; Side-3 Singles; Twists,Unrecorded,Medium,7.46
3f87f2b9-c4bb-4d1e-876b-552b58cd0abe,Wicked Legend,D_AAN,WINDFORCE,S,10,Arcade,150,436,Anchor Runs; Runs; Runs Without Twists,Unrecorded,Medium,7.46
6302e133-f04a-4447-9d7d-62cbce860e9a,Wedding Crashers,SHK,FEFEMZ,S,10,Arcade,165,545,Doublesteps; Drills; Runs Without Twists,Unrecorded,Medium,7.46
a9166c72-a40b-46fa-8db0-aa92a56e5c12,Harmagedon,HyuN vs lixound,SUNNY,S,10,Arcade,194,546,Bursty; Drills; Twists,Unrecorded,Medium,7.46
5a5294d4-9b5f-404d-91cd-4caef2d380bd,B2,MAX,HP,S,10,Arcade,158,525,Anchor Runs; Jacks; Twists,Unrecorded,Medium,7.46
e382189f-dccf-43d7-8ec7-b6b3c674b47f,Nade Nade,Doin,NIMGO,S,10,Arcade,100,694,Bursty; Runs; Runs Without Twists,Unrecorded,VeryEasy,7.46
81a93056-acc0-47f8-9663-00da2e499d0c,Headless Chicken,r300k,AEVILUX,S,10,Arcade,90.5,444,Doublesteps; Jumps; Sustained,Unrecorded,Easy,7.46
37cd0b07-aa69-4eba-b575-55cf97d13915,EMOMOMO,Ras,SUNNY,S,10,Arcade,145,582,5-Stairs; Jacks; Side-3 Singles,Unrecorded,Easy,7.46
291a467a-a22d-4b8e-b9c2-4c85a4a24b66,Set me up,BanYa,ANDAMIRO,S,10,Arcade,120,274,Brackets; Bracket Jumps; Bracket Twists,Unrecorded,Easy,7.45
88d14098-f439-4059-82d2-a8a1a974aaeb,Crossing Delta,t+pazolite + Ginkiha + Hommarju,SPHAM,S,10,Arcade,180,555,Anchor Runs; Runs Without Twists; Side-3 Singles,Unrecorded,Medium,7.45
11555fb5-c100-416d-ab15-4e5bb801fa0f,Pumping Up,BanYa,SUNNY,S,10,Arcade,135,333,Doublesteps; Jumps; Twists,Unrecorded,Easy,7.45
8ac9214f-751e-4fd6-8ed7-27e84850f09b,F(R)IEND,D_AAN,OSING,S,10,Arcade,200,470,Bursty; Jacks; Side-3 Singles,Unrecorded,Easy,7.45
92cdc214-1444-4131-9913-d073c0f04c62,Turkey March -Minimal Tunes-,BanYa Production,BPM,S,10,Arcade,130,497,Anchor Runs; Drills; Side-3 Singles,Unrecorded,Medium,7.45
1bb3ee70-f5e8-4d62-a653-1834029c3711,Kokugen Kairou Labyrinth,A:llhα & ANE & 2riA,CONRAD,S,10,Arcade,215,472,Drills; Runs; Runs Without Twists,Unrecorded,Easy,7.44
bd482617-f29b-4d20-833b-822c89b34102,Kill Them!,Archefluxx,NIMGO,S,10,Arcade,170,535,5-Stairs; Bursty; Drills,Unrecorded,VeryHard,7.44
07cf3c68-77ae-42c3-87b1-863401e2db56,Allegro Con Fuoco,DM Ashura,ANDAMIRO,S,10,Arcade,156,423,Brackets; Bracket Jumps; Jacks,Unrecorded,Medium,0
883c1713-2884-4372-afec-c354dcc4f8ba,Allegro Più Mosso,DM Ashura,HP,S,10,Arcade,160,451,Doublesteps; Jacks; Jumps,Unrecorded,Easy,0
999b23eb-5d79-43f9-9ef0-67711a190b10,Asterios -ReEntry-,ATAS,NIMGO,S,10,Arcade,148,455,Bursty; Doublesteps; Drills,Unrecorded,Medium,0
2861c72c-21ba-4f3f-830f-4e25198aed0b,Awakening,typeMARS,OSING,S,10,Arcade,150,541,Runs; Runs Without Twists; Twists,Unrecorded,Medium,0
fd046ee8-2888-43af-be17-0a082d82207d,Bad Apple!! feat. Nomico - FULL SONG -,Masayoshi Minoshima feat. Nomico,NIMGO,S,10,FullSong,138,768,5-Stairs; Sustained; Twists,Unrecorded,Medium,0
6a9d756e-189e-4f22-a682-7d19474def0a,Bee,BanYa,HP,S,10,Arcade,160,312,5-Stairs; Runs; Runs Without Twists,Unrecorded,Medium,0
647fd792-ae00-4f86-a98a-056c60790908,Chinese restaurant,Memme,EXC,S,10,Arcade,175,517,Anchor Runs; Runs; Runs Without Twists,Unrecorded,VeryHard,0
de92858c-c87c-4b66-baa8-b735d6fe8f00,Cycling!,Yamajet feat. あまね (COOL&CREATE),MINAMI,S,10,Arcade,220,626,Bursty; Drills; Side-3 Singles,Unrecorded,Medium,0
bc3fe3c6-5b1c-4a03-b75b-58c58312b163,District 1,MAX,WINDFORCE,S,10,Arcade,158,559,5-Stairs; Doublesteps; Runs Without Twists,Unrecorded,Hard,0
990fa204-7b16-49d2-a49d-ebc0f0349929,Dr. M,BanYa,BPM,S,10,Arcade,145,415,5-Stairs; Anchor Runs; Twists,Unrecorded,Medium,0
173d5160-e604-451d-b9e0-0fc440e78a99,Euphorianic - SHORT CUT -,SHK,,S,10,ShortCut,,357,Runs; Runs Without Twists; Side-3 Singles,Unrecorded,Medium,0
4cbafbfb-4d56-4c01-b203-55ff6af02bc7,Final Audition,BanYa,BPM,S,10,Arcade,130.5,377,Jacks; Side-3 Singles; Twists,Unrecorded,Medium,0
fd69bd1e-89bb-44b7-91a5-b64674aa74f9,Final Audition 2,BanYa,ANDAMIRO,S,10,Arcade,130,302,Footswitches; Jacks; Side-3 Singles,Unrecorded,Hard,0
8ac096e4-5aa3-45ba-838c-76e59eed40cd,Final Audition Ep. 1,BanYa,ANDAMIRO,S,10,Arcade,189,340,Jacks; Sustained; Twists,Unrecorded,VeryHard,0
54e16257-f938-4b6f-86fb-fccd276cac49,Fires of Destiny,Jehezukiel,BME,S,10,Arcade,155,458,Brackets; Bracket Jumps; Drills,Unrecorded,Easy,0
e6a5c0c5-b7b9-486e-a746-353365537563,Get Up,BanYa,ANDAMIRO,S,10,Arcade,180,486,5-Stairs; Bursty; Twists,Unrecorded,Medium,0
65cc7c38-d816-4421-9d89-6a0ac2625d5c,Heart Rabbit Coaster,Nato,FEFEMZ,S,10,Arcade,200,482,Bursty; Jacks; Jumps,Unrecorded,Hard,0
f23885b7-2193-4e4f-b2aa-314380a6247e,Hello William,BanYa Production,BPM,S,10,Arcade,170,442,Anchor Runs; Bursty; Twists,Unrecorded,Hard,0
1956522a-1d79-470e-a279-fdd7e4ae218d,Hey U,MAZO,NIMGO,S,10,Arcade,162,451,Bursty; Drills; Jumps,Unrecorded,Easy,0
902dbb6c-6dd1-4d49-860c-6ffef3abd8f8,Hyacinth,Yahpp,NIMGO,S,10,Arcade,193,574,Anchor Runs; Bursty; Side-3 Singles,Unrecorded,Easy,0
327287ff-af13-4594-bd97-7de9768205f2,Hypercube,MAX,NIMGO,S,10,Arcade,145,414,Anchor Runs; Doublesteps; Jacks,Unrecorded,Easy,0
0a9149a2-5a6e-431e-802b-4b6baaf68844,INFINITY,Lunatic Sounds,NIMGO,S,10,Arcade,175,553,5-Stairs; Anchor Runs; Runs,Unrecorded,Medium,0
89df1504-3eda-436a-a4ab-a071077bdca9,K.O.A : Alice In Wonderworld,BanYa Production,BPM,S,10,Arcade,156,377,5-Stairs; Jumps; Twists,Unrecorded,Underrated,0
98d1a619-5b81-4a8d-abf6-cca84d9ab3e3,Karyawisata,Vesuvia x REDSHiFT,CONRAD,S,10,Arcade,150 ~ 150,500,Anchor Runs; Drills; Runs Without Twists,Unrecorded,Easy,0
3920b8cc-8cf6-47a5-a32c-b3190721c166,Lepton Strike,Nato,OSING,S,10,Arcade,183,555,Drills; Jacks; Side-3 Singles,Unrecorded,Hard,0
933632e8-cf01-4707-8daf-aa13b6451c4b,Life is PIANO,Junk,CONRAD,S,10,Arcade,133,451,Side-3 Singles; Sustained; Twists,Unrecorded,Medium,0
c9f9ece0-bbfa-4fd9-b339-f53e753b9e20,Like Me,SHK,EXC,S,10,Arcade,155,369,Anchor Runs; Jumps; Twists,Unrecorded,Medium,0
907d65fe-fb3f-46fb-b94a-3f328e0088bd,Meteorize,Paul Bazooka,ENVYtic,S,10,Arcade,136,456,5-Stairs; Drills; Twists,Unrecorded,Hard,0
64921ad8-c294-4e9d-80ec-b99e41e735f8,Money Fingers,BanYa Production,HIDDEN PARTS,S,10,Remix,170,582,Drills; Jacks; Twists,Unrecorded,Easy,0
2bc578ee-862b-4385-8c16-ab68f90e5c89,Move That Body!,DM Ashura feat. Skizzo & Hanna Stockzell,NIMGO,S,10,Arcade,145,462,Doublesteps; Footswitches; Jumps,Unrecorded,VeryEasy,0
e5df995b-2f92-4b13-9b36-7dd170c68c88,My Dreams,BanYa Production,ANDAMIRO,S,10,Arcade,136,419,Anchor Runs; Doublesteps; Jumps,Unrecorded,Medium,0
394e0cb9-dab0-47ac-8496-d745d1c667c3,Native,SHK,ANDAMIRO,S,10,Arcade,135,446,Jacks; Sustained; Twists,Unrecorded,Medium,0
fe90cb10-f575-4e1b-a13c-6f2a855c2720,Necromancy,Zircon,BPM,S,10,Arcade,173,576,Jacks; Sustained; Twists,Unrecorded,Hard,0
80cf04c7-1599-4cc9-8ec9-af1e05d2d0ae,Obelisque,ESTi x M2U,MINAMI,S,10,Arcade,130,529,5-Stairs; Side-3 Singles; Twists,Unrecorded,Medium,0
e58ac1a3-b625-4c61-8d5e-ab623ea4ea72,Obliteration,ATAS,SUNNY,S,10,Arcade,150,507,Jacks; Runs; Runs Without Twists,Unrecorded,Medium,0
6730ceb1-43ef-4252-9e7d-598008254a89,Oh! Rosa,BanYa,ANDAMIRO,S,10,Arcade,148,308,Footswitches; Jumps; Twists,Unrecorded,Underrated,0
b101fa7d-61a5-4ec3-8bc8-1c9548d274dd,Overblow,MAX,BPM,S,10,Arcade,155,454,5-Stairs; Bursty; Twists,Unrecorded,VeryEasy,0
f96a4de0-ea98-4575-afae-6141a4741c62,Overblow2,MAX,NIMGO,S,10,Arcade,155,399,5-Stairs; Runs; Twists,Unrecorded,Medium,0
b8f41a9e-6bff-428c-bedd-31b96e8f024d,PaPa helloizing,BanYa Production,BPM,S,10,Remix,145 ~ 145,549,Brackets; Bracket Jumps; Twists,Unrecorded,Medium,0
d52e99d4-3f72-4fd4-8998-59bb1de22466,Pavane,Doin & V.A.,ANDAMIRO,S,10,Arcade,160,548,Anchor Runs; Sustained; Twists,Unrecorded,VeryHard,0
bcf2e345-144a-443f-b6a8-014914a212b3,Point Zero One,SynthWulf,NIMGO,S,10,Arcade,170,579,5-Stairs; Side-3 Singles; Twists,Unrecorded,Hard,0
81198324-8fc1-4fb1-aa6a-58dc90ac6ad8,Pop The Track,J-Mi & Midi-D Ft. Hanna Stockzell,ANDAMIRO,S,10,Arcade,160,463,Doublesteps; Drills; Twists,Unrecorded,Medium,0
dc8477e6-1e71-48be-985e-b1f457a55617,Reminiscence,MAX,BME,S,10,Arcade,155,552,Runs; Runs Without Twists; Twists,Unrecorded,Medium,0
67b924d0-e7d3-4fe8-bb11-697bcfd899a4,Sarabande - SHORT CUT -,MAX,EXC,S,10,ShortCut,157,271,Anchor Runs; Runs; Twists,Unrecorded,VeryHard,0
1f060ca8-0917-4eea-8228-bd52def22a3f,She Likes Pizza,BanYa,ANDAMIRO,S,10,Arcade,229.5,303,Doublesteps; Jumps; Twists,Unrecorded,Underrated,0
9f1157fe-d4c4-4655-b7d0-3e54a5585a38,Silhouette Effect,Nato,HP,S,10,Arcade,167,640,Bursty; Jacks; Twists,Unrecorded,Medium,0
b2f77399-8500-4864-a826-177f7a8f4b79,Slapstick Parfait,t+pazolite,SUNNY,S,10,Arcade,160,504,Jacks; Runs; Runs Without Twists,Unrecorded,Medium,0
4f21b85b-359e-4469-a1b6-38142989a2f2,Sorceress Elise,YAHPP,BPM,S,10,Arcade,158,664,5-Stairs; Bursty; Twists,Unrecorded,Medium,0
08854732-c9b0-4e3a-b570-87e6e44a07e8,Stardream (feat. Romelon),Cashew & Rorychesell (SID-SOUND),BME,S,10,Arcade,160,477,Jacks; Runs Without Twists; Twists,Unrecorded,Medium,0
a3acefbc-694a-4e70-b945-3e00950a077f,Sugar Conspiracy Theory,MAX,NIMGO,S,10,Arcade,170,589,Anchor Runs; Bursty; Twists,Unrecorded,VeryEasy,0
0220cced-2152-44f6-b9d1-5d3a3a39e07d,Telling Fortune Flower,Koharu feat. Renyata,NIMGO,S,10,Arcade,200,442,Drills; Jacks; Side-3 Singles,Unrecorded,Hard,0
1ed7dba5-f000-465c-a06c-aab1f3b95e6b,Unique,SHK,HP,S,10,Arcade,145,638,Drills; Jacks; Twists,Unrecorded,Easy,0
24180f1e-d5f9-4bee-ad17-187683220232,Utopia,Smiley,BPM,S,10,Arcade,166,531,Anchor Runs; Runs; Twists,Unrecorded,Hard,0
f256dc5e-ecfa-4d92-a9a9-2fd7efec13ec,Vook,BanYa,ANDAMIRO,S,10,Arcade,184,354,Bursty; Footswitches; Runs Without Twists,Unrecorded,Underrated,0
19191fcf-74be-4693-a50c-5391b59671b2,Xuxa,Smiley,ANDAMIRO,S,10,Arcade,160,399,Anchor Runs; Runs; Runs Without Twists,Unrecorded,Hard,0
38ac9290-75cb-4a0f-b2f9-d59a2551122e,Yog-Sothoth,Nato,EXC,S,10,Arcade,200,542,Anchor Runs; Runs; Runs Without Twists,Unrecorded,VeryHard,0
149dd23d-4dad-401f-a1ad-05aa2949d7ce,Yoropiku Pikuyoro !,Bakusute Sotokanda Icchome,EXC,S,10,Arcade,198,583,Anchor Runs; Runs Without Twists; Side-3 Singles,Unrecorded,Easy,0
6215a29f-dac4-4733-bcb9-3a7ccf899a97,God Mode feat. skizzo,Nato & Skizzo,MINAMI,D,9,Arcade,152,410,Bursty; Footswitches; Mid-4 Doubles,,VeryHard,12.71
cc36c551-2210-422a-b897-2796ec651790,Bring Back The Beat,Lunatic Sounds,HUGE,D,9,Arcade,160,348,Anchor Runs; Doublesteps; Mid-6 Doubles,,Hard,12.57
75d7ca28-ac8e-415c-ace2-82b47cd44f76,Chase Me,Dreamcatcher,NIMGO,S,9,Arcade,200,382,Anchor Runs; Drills; Twists,,VeryHard,12.53
1e351059-b37a-412d-8980-a3e82270fe44,Good Night,Dreamcatcher,NIMGO,S,9,Arcade,196,577,Bursty; Runs; Runs Without Twists,,Hard,12.3
2ab96c1e-ca86-4f78-a8a4-250ed047e2ec,Ragnarok,SynthWulf,CONRAD,D,9,Arcade,170,460,Drills; Runs; Runs Without Twists,,Medium,11.72
ca9c71e8-0175-4e0c-a016-2b5a89de7c7e,Sudden Romance [PIU Edit],void,NIMGO,D,9,Arcade,152,368,Doublesteps; Jumps; Sustained,,Medium,11.65
57af6184-da64-45f5-bd92-dfdfc78fb50a,Bad Apple!! feat. Nomico,Masayoshi Minoshima feat. Nomico,NIMGO,S,9,Arcade,138,497,Side-3 Singles; Sustained; Twists,,Medium,10.76
7dc5004f-36e3-422d-a905-ee72ec31bd2b,Deca Dance,Yooh,FEFEMZ,S,9,Arcade,160,463,Anchor Runs; Jacks; Side-3 Singles,,Medium,10.7
8b1c5507-6517-442e-999a-b029dccc6b87,%X (Percent X),Pory,AEVILUX,D,9,Arcade,150,387,Doublesteps; Runs; Runs Without Twists,,Medium,10.47
4ddf7df3-5101-4894-bcd1-d887a6697eb9,Jogging,LUCY,NIMGO,S,9,Arcade,138,501,Runs; Runs Without Twists; Twists,,Hard,10.15
6ce46926-86e9-4af4-bf8f-7f47bfac2b80,Awakening,typeMARS,OSING,D,9,Arcade,150,409,Jacks; Runs; Runs Without Twists,,Medium,10.15
b4a17e46-4c1f-472a-bee0-b23f6f3a0070,Smile Diary,you,NIMGO,D,9,Arcade,175,460,Bursty; Co-op Pad Transitions; Jacks,,VeryHard,9.94
1d9fda3d-0b8d-45cf-bd14-b96014665edf,Lacrimosa,Fiverwater,SUNNY,D,9,Arcade,210,341,Jumps; Mid-6 Doubles; Twists,,Easy,9.53
bc39bfa5-d5a5-4cf1-808e-386921bbbbc1,Christmas Memories,Warak,CONRAD,D,9,Arcade,170,451,Doublesteps; Jumps; Mid-6 Doubles,,Medium,9.41
28ab16cb-d02b-4b68-beef-cb8026a00b49,Meteorize,Paul Bazooka,ENVYtic,D,9,Arcade,136,436,Bursty; Cross-pad Transitions; Twists,,Easy,9.3
674dbeaf-3eeb-4303-8762-033c07206168,Mad5cience,Paul Bazooka,ENVYtic,D,9,Arcade,130,421,Anchor Runs; Drills; Runs,,VeryEasy,9.26
33342452-f546-4ad5-abc1-4323ce1da9e1,Pumping Jumping,BanYa Production,ANDAMIRO,D,9,Arcade,116,271,Doublesteps; Jumps; Twists,,VeryEasy,8.79
4b68bef8-c1b0-47da-9208-193181066c12,Gun Rock,BanYa Production,JKD,D,9,Arcade,104,208,Drills; Footswitches; Twists,,Hard,8.68
1cb86996-0f11-4d50-97ef-e6fff2118c6a,D Gang,BanYa,ANDAMIRO,D,9,Arcade,150,249,Brackets; Runs; Runs Without Twists,,Medium,8.62
e9ca9031-590c-4c0d-b36b-6cdc09de7400,Top City,BanYa,ANDAMIRO,D,9,Arcade,110.8,187,Anchor Runs; Cross-pad Transitions; Twists,,Medium,7.05
c6e258fd-ce3b-4d68-8c18-af7565947552,The Stranger,ONF (온앤오프),CONRAD,S,9,Arcade,116,351,5-Stairs; Side-3 Singles; Twists,,Easy,6.49
5253169d-5b91-40cd-9f03-ec4974b523be,Removable Disk0,Doin,SUNNY,S,9,Arcade,130,381,5-Stairs; Side-3 Singles; Twists,,Medium,6.48
282f3af2-a2bd-4f64-a70a-3fca076d826a,Elysium,Warak,ENVYtic,S,9,Arcade,128,442,Jacks; Jumps; Sustained,,Easy,6.47
ac5bebbd-2bdb-43d1-8460-189dd03a3d05,Ercitite,Doin x neur6sia,FEFEMZ,S,9,Arcade,135,466,,,Overrated,6.46
084fe9e8-2b7d-4ba3-9a2c-524fe35a6c35,DIE ANOTHER DAY,TNX,NIMGO,S,9,Arcade,98,413,Anchor Runs; Doublesteps; Jumps,,Easy,6.4
2fc30941-abdf-4ec8-b565-ba16e64e8fef,U Got Me Rocking,MAX,HP,S,9,Arcade,128,498,5-Stairs; Jacks; Twists,,Easy,6.37
0c45711c-1c49-472c-9e14-595623ea3c32,2006. LOVE SONG,BanYa Production,JKD,S,9,Arcade,96,253,Doublesteps; Jumps; Sustained,,Easy,0
d5c94208-f9a8-4bfc-b2e1-b4cac6ae640d,4NT,PODA,OSING,S,9,Arcade,180,270,Doublesteps; Jacks; Side-3 Singles,,VeryEasy,0
8331d366-ba6c-4676-b2f3-25290fbaca2a,A Site De La Rue,STREME REVERIE,EXC,S,9,Arcade,186,437,Drills; Runs Without Twists; Side-3 Singles,,Underrated,0
d4cb1ce8-8e42-44f9-9486-ca5e06c58ca9,Achluoias,D_AAN,EXC,S,9,Arcade,200,569,Anchor Runs; Runs; Runs Without Twists,,Overrated,0
a64dd58c-06ff-4b21-89af-27b323674d62,All I Want For X-mas,BanYa,ANDAMIRO,S,9,Arcade,130,282,Footswitches; Jacks; Side-3 Singles,,VeryHard,0
be5d0f09-3d4f-42a3-b0c0-31f8a83c2fc2,Altale,sakuzyo,FEFEMZ,S,9,Arcade,90,607,Doublesteps; Drills; Jumps,,Easy,0
e0d30fa6-33e6-4756-9908-1cd26a3c1e14,Arcana Force,mzet:-P,OSING,S,9,Arcade,175,,Anchor Runs; Jacks; Side-3 Singles,,VeryHard,0
8d2e6dd0-80f2-4d2d-9333-1a08700e4a78,ASDF,Doin,HP,S,9,Arcade,170,,Anchor Runs; Bursty; Drills,,Overrated,0
ada353e9-f044-43f6-97fb-cd894a95006d,BATTLE NO.1,TANO*C Sound Team,DulKi,S,9,Arcade,200,615,Bursty; Drills; Footswitches,,Overrated,0
a6f474f8-0471-4c11-8d30-a0f575b1df85,Beat of The War,BanYa,HP,S,9,Arcade,140 ~ 140,380,Doublesteps; Drills; Side-3 Singles,,Overrated,0
6172352c-be06-4674-9955-dcd099a47cac,Betrayer,BanYa,ANDAMIRO,S,9,Arcade,92,261,Bursty; Doublesteps; Twists,,Overrated,0
d99a43c0-9ac4-41cb-8872-2eb813b85e10,Blaze Emotion,Yahpp,HP,S,9,Arcade,170,,Bursty; Jacks; Side-3 Singles,,Overrated,0
2d7d100a-e115-4d9b-a846-97d2060334de,Blaze emotion (Band version),Yahpp,ENVYtic,S,9,Arcade,170,,Jacks; Runs; Runs Without Twists,,Overrated,0
b2d3c9eb-45b2-44f1-bb0e-044932a5370b,Blazing,BanYa,HP,S,9,Arcade,158,374,Anchor Runs; Bursty; Jacks,,Underrated,0
82171a2f-6001-4e1d-a7bd-0a81a0f74d58,Butterfly,MAX & Rorychesell (SID-SOUND),BPM,S,9,Arcade,128,,Doublesteps; Sustained; Twists,,Overrated,0
ca6dace8-a04f-4bf4-9481-2856438735c8,Chicken Wing,BanYa,HP,S,9,Arcade,200,530,Bursty; Runs; Runs Without Twists,,Overrated,0
0ce04929-b657-48be-9e9e-495aee6dbaff,Chimera,Yahpp,JKD,S,9,Arcade,210,601,Anchor Runs; Bursty; Drills,,Overrated,0
f6a4586f-22d0-47bf-ab49-2a0d7fadb28e,Club Night,Matduke,AEVILUX,S,9,Arcade,170,577,Anchor Runs; Runs; Runs Without Twists,,Medium,0
d408775a-effe-417d-a5f6-a1c081ab9e06,Csikos Post,BanYa,ANDAMIRO,S,9,Arcade,180,339,Anchor Runs; Side-3 Singles; Twists,,Overrated,0
c866185b-6bb4-4c23-b639-e781b4c456de,Death Moon - SHORT CUT -,SHK,EXC,S,9,ShortCut,160,,Runs; Runs Without Twists; Twists,,Overrated,0
356e1d8c-2cbb-46a5-9f5a-3a240c7b8c28,DESTRUCIMATE,KURORAK,CONRAD,S,9,Arcade,193,475,Anchor Runs; Bursty; Runs Without Twists,,Overrated,0
96a62f81-6d62-4951-b40f-23140a44f464,Doppelganger,MonstDeath,CONRAD,S,9,Arcade,210,421,5-Stairs; Bursty; Jacks,,Medium,0
962028e4-aa00-4963-bf4f-a2005078603a,Dr. M,BanYa,ANDAMIRO,S,9,Arcade,145,303,Bursty; Footswitches; Twists,,Overrated,0
215b7136-a0ee-46f1-9fa2-3c5d23f01fe5,Emperor,BanYa,HP,S,9,Arcade,150,327,Doublesteps; Jumps; Twists,,Overrated,0
dadb671c-61ea-4aa0-a000-30005ba6c841,Final Audition 3,BanYa,HP,S,9,Arcade,130.5,362,5-Stairs; Footswitches; Twists,,Overrated,0
dcb87587-5942-45de-9fbd-dab6598185b9,Final Audition Ep. 2-2,Yahpp,EHNE,S,9,Arcade,200,551,5-Stairs; Bursty; Side-3 Singles,,Overrated,0
16635dc0-dbc3-4225-85ce-99ce3cef5be9,Final Audition Ep. 2-X,Yahpp,ANDAMIRO,S,9,Arcade,170,,Bursty; Doublesteps; Jumps,,Overrated,0
23962a2d-a57a-414b-9829-0227fe13b3a6,Fly High,Dreamcatcher,BME,S,9,Arcade,154,485,5-Stairs; Doublesteps; Jumps,,Medium,0
28e6dcdc-8932-456e-8371-1579d31c753f,Follow Me,SHK,EXC,S,9,Arcade,155,347,Drills; Jumps; Sustained,,Underrated,0
553cf55d-03e4-4332-9cdb-45ba4e5512b6,Fracture Temporelle,Kurokotei,BME,S,9,Arcade,232,298,5-Stairs; Runs; Runs Without Twists,,VeryHard,0
fcf6c6b4-d715-4f3d-8a72-087756ec4c70,Free Style,BanYa,SUNNY,S,9,Arcade,99,265,5-Stairs; Runs; Twists,,Easy,0
21aba253-0f36-4677-b5ce-68ca443c77f4,Gun Rock,BanYa Production,JKD,S,9,Arcade,104,251,Doublesteps; Jumps; Twists,,Overrated,0
26ab9684-55d4-41e8-90ef-f7c4ae8bd30b,Higgledy Piggledy,BanYa Production,BPM,S,9,Arcade,150,512,Bursty; Jacks; Twists,,Medium,0
3df3cb86-09f7-4c9a-94a8-d3e9b598bafb,Houseplan,Houseplan,SUNNY,S,9,Arcade,128,389,5-Stairs; Sustained; Twists,,Medium,0
8f2cdcb5-94fb-4178-ba95-fb5769cc8157,Hungarian Dance V,BanYa Production,ANDAMIRO,S,9,Arcade,145,,Anchor Runs; Drills; Jacks,,Overrated,0
86c7b339-0cd4-4041-8f52-6868b8e9eb43,Hyperion,M2U,OSING,S,9,Arcade,145,435,Jacks; Sustained; Twists,,Overrated,0
b397c11e-5175-414f-8eae-a4d1de4d3ecd,Indestructible,Matduke,AEVILUX,S,9,Arcade,174,500,Doublesteps; Jacks; Jumps,,Overrated,0
5833c74b-6356-413f-8181-711a0c219d2a,K.O.A : Alice in Wonderworld - SHORT CUT -,BanYa Production,ANDAMIRO,S,9,ShortCut,156,,Bursty; Jumps; Twists,,Overrated,0
3d2afcc2-7d5b-425b-93af-7f8b5a4f947e,Kasou Shinja,MAX,NIMGO,S,9,Arcade,170,,Drills; Runs; Runs Without Twists,,Overrated,0
acf1462d-bb96-4748-9f76-fc58d8b7b79d,La Cinquantaine,Pory,NIMGO,S,9,Arcade,164,498,Anchor Runs; Bursty; Side-3 Singles,,Overrated,0
4e3a31b9-210a-404e-ab08-dc644c2bf3f7,Last Rebirth,SHK,BANNIE,S,9,Arcade,120,357,Runs; Sustained; Twists,,Medium,0
805e8fd0-e5b7-4f4b-87bc-ab79a596e0cf,Latino Virus,Warak,HP,S,9,Arcade,170,,Bursty; Jumps; Twists,,Overrated,0
ad3b5838-2a8f-4910-8bee-b2687361d9ae,Le Nozze di Figaro ~Celebrazione Remix~,Unknown,,S,9,Arcade,172,,5-Stairs; Drills; Twists,,Hard,0
fb4d955c-0169-4678-80f4-08ad6663bee5,Love is a Danger Zone,BanYa,ANDAMIRO,S,9,Arcade,140,340,Anchor Runs; Runs; Runs Without Twists,,Overrated,0
09c329fc-acca-4b9f-9db9-f2dfa3c2e35c,Love is a Danger Zone pt. 2 - SHORT CUT -,BanYa,ANDAMIRO,S,9,ShortCut,162,,5-Stairs; Runs; Twists,,Overrated,0
1d0015ef-4c7a-4779-9956-6399d3b505d7,Mitotsudaira,ETIA.,NIMGO,S,9,Arcade,136,503,5-Stairs; Sustained; Twists,,Overrated,0
4033e55e-4766-49ab-96f8-31337803e16e,Money,BanYa Production,MSGOON,S,9,Arcade,130,,Drills; Runs; Runs Without Twists,,Overrated,0
9567372c-ac6a-409a-81d4-0169e4c5ace4,Monolith,Affinity,HP,S,9,Arcade,196,561,Bursty; Jacks; Runs Without Twists,,Overrated,0
66549352-080a-404a-a6bd-deb487ef7e53,Murdoch vs Otada,ESPITZ vs WONDERTRAVELER Project,FEFEMZ,S,9,Arcade,180,484,Jacks; Runs; Runs Without Twists,,Medium,0
4c80b822-3031-4aba-9a19-2466cdfe4d0f,Naissance 2,BanYa,KANN,S,9,Arcade,129,267,Doublesteps; Footswitches; Twists,,Overrated,0
b4d4c931-d00a-4d22-a190-5760c67aab4e,Night Duty,A.V.,SUNNY,S,9,Arcade,140,,5-Stairs; Sustained; Twists,,Medium,0
5d4480b7-16cd-4576-8c4f-c18270544012,Oy Oy Oy,BanYa,ANDAMIRO,S,9,Arcade,148,272,Bursty; Doublesteps; Footswitches,,Overrated,0
eec13efb-9d30-4bb1-a290-b78fa71f1e1c,Red Swan,Yahpp,HP,S,9,Arcade,172,,Drills; Jumps; Twists,,Overrated,0
922eb645-b619-40fa-a5b6-20710cae9cf6,Robot battle,CYO Style,EXC,S,9,Arcade,198,,Drills; Runs Without Twists; Side-3 Singles,,Overrated,0
7284de38-d7e2-4625-98ed-b30885807d54,She Likes Pizza,BanYa,ANDAMIRO,S,9,Arcade,229.5,257,Doublesteps; Jumps; Twists,,Overrated,0
80315a73-48e4-4c37-989e-cae66e8751fa,Slam,Novasonic,HP,S,9,Arcade,131.99,312,Footswitches; Jumps; Twists,,Underrated,0
7f21c23a-371a-4db0-86fe-5eff8d73e7d8,Smells Like A Chocolate,Vospi,ANDAMIRO,S,9,Arcade,175.9,561,Anchor Runs; Side-3 Singles; Twists,,Medium,0
82754e9b-9475-4006-90f3-4c0304751f61,Solfeggietto,Unknown,WINDFORCE,S,9,Arcade,157,418,Bursty; Runs; Runs Without Twists,,Easy,0
4d946119-e1af-4eb8-9295-12e96243c43d,Solitary 2,BanYa,HP,S,9,Arcade,136,358,Footswitches; Runs; Twists,,Overrated,0
753887b7-a752-4a82-9cbb-312995bcdeb2,Stardust Overdrive,typeMARS,CONRAD,S,9,Arcade,175,473,Drills; Footswitches; Runs,,Overrated,0
e451ff83-ef6b-4127-b3db-8d976b6ff9fe,Storm,KOYOTE,CONRAD,S,9,Arcade,139,307,5-Stairs; Doublesteps; Twists,,Hard,0
12970dfa-1fbd-455c-a045-f3a75aadfa55,Sudden Romance [PIU Edit],void,NIMGO,S,9,Arcade,152,376,Doublesteps; Drills; Jumps,,Easy,0
5fee4325-b8ed-4e63-9e8b-16ebe519e100,Switronic - SHORT CUT -,SHK,SUNNY,S,9,ShortCut,120,434,5-Stairs; Runs; Runs Without Twists,,Overrated,0
f46c5432-2388-44ca-ac69-b60632cd8542,Tales of Pumpnia,Applesoda,CONRAD,S,9,Arcade,200,498,5-Stairs; Drills; Side-3 Singles,,Overrated,0
643ca1cf-a7e1-4f1b-ae8f-240de16bd3cd,The Devil,BanYa Production,BPM,S,9,Arcade,130 ~ 130,,Bursty; Runs; Runs Without Twists,,Overrated,0
4ca52527-8202-4a01-b69d-bd62f7b043a2,Tribe Attacker,Hi-G,ANDAMIRO,S,9,Arcade,150,371,Doublesteps; Jacks; Jumps,,Overrated,0
a8180a9c-a4e2-4e66-8e7e-75f8dd33aef9,Uranium,Memme,WINDFORCE,S,9,Arcade,170,444,5-Stairs; Runs; Runs Without Twists,,Overrated,0
25812894-061f-4bf8-95ec-a362617e0385,V3,Beautiful Day,NIMGO,S,9,Arcade,160,421,Anchor Runs; Doublesteps; Twists,,Hard,0
dc6ae395-7219-4deb-a141-9158fecf7a14,We Got 2 Know,MAX,ANDAMIRO,S,9,Arcade,128,,5-Stairs; Bursty; Twists,,Overrated,0
0fbf8776-a9c0-4218-8504-0e578fb55b8f,We will meet again,BanYa,ANDAMIRO,S,9,Arcade,118,272,Footswitches; Sustained; Twists,,Overrated,0
7d7df1ec-0f0d-470b-9a99-a6232f04b300,Witch Doctor #1,Yahpp,AHGOO & JKD,S,9,Arcade,122,256,Doublesteps; Jumps; Twists,,Overrated,0
b990e163-f212-4885-9b9e-0a970b513de7,X-Rave,DM Ashura,ANDAMIRO,S,9,Arcade,147,464,5-Stairs; Footswitches; Jacks,,Overrated,0
6fa523d2-75a3-4663-bc71-612bc1a09877,XTREE,Yahpp,ANDAMIRO,S,9,Arcade,190,,Bursty; Doublesteps; Jumps,,Overrated,0
00cdaaef-643b-4d9d-8f65-433443a86990,Your Mind,Roy Mikelate,WINDFORCE,S,9,Arcade,180,482,Doublesteps; Jumps; Sustained,,Medium,0
c8f707e7-ba53-41c9-8c2a-cf6d0314bfc7,Anguished Unmaking,void,NIMGO,S,8,Arcade,170,359,Anchor Runs; Runs; Runs Without Twists,,Overrated,10.63
f876a7ee-d093-4125-8a82-6efead8f110d,Do the Dance,ILLIT (아일릿),CONRAD,S,8,Arcade,130,392,Drills; Sustained; Twists,,Easy,10.53
8d6e6de6-3f9c-4a38-9deb-e6f5d2b2c061,Storm,KOYOTE,CONRAD,D,8,Arcade,139,262,Bursty; Cross-pad Transitions; Drills,,Medium,9.46
fcfd9824-d440-49c9-a4cd-471a7216371f,Asterios -ReEntry-,ATAS,NIMGO,D,8,Arcade,148,266,Bursty; Co-op Pad Transitions; Twists,,Medium,8.86
38ddb5e0-2318-439b-b9aa-5407f3d2fe0d,Monkey Fingers 2,BanYa Production,MSGOON,D,8,Arcade,180,224,Anchor Runs; Runs; Runs Without Twists,,VeryHard,8.82
730cb4a0-2582-4dc8-b5e7-b9aadc9a2e00,Overblow2,MAX,NIMGO,D,8,Arcade,155,301,Anchor Runs; Bursty; Twists,,VeryHard,8.76
930a4f2f-7e78-462c-a59b-74d6b83329ea,Houseplan,Houseplan,SUNNY,D,8,Arcade,128,222,Runs; Runs Without Twists; Sustained,,Easy,8.74
9c1e761c-68c9-4792-988a-f53f594c03b3,BRAIN POWER,NOMA,SUNNY,D,8,Arcade,170 ~ 170,314,Anchor Runs; Bursty; Twists,,Medium,8.7
e1821ba1-c388-4d76-9de1-bef85310b0a2,Lala,Yassi Pressman,SUNNY,D,8,Arcade,126,227,Doublesteps; Footswitches; Twists,,Easy,8.57
09f81ee9-1ce9-401b-83ca-df74ed20411a,Airplane,TYPHOON,NIMGO,D,8,Arcade,120,373,Bursty; Drills; Mid-6 Doubles,,Medium,8.45
027e8ca4-9b2f-439c-8397-ce8ee64226cf,Poseidon,Quree,SUNNY,D,8,Arcade,160,291,Mid-4 Doubles; Runs; Twists,,Medium,7.85
13a18498-7f03-4d11-9073-dee0014b3541,All I Want For X-mas,BanYa,ANDAMIRO,D,8,Arcade,130,177,Footswitches; Jacks; Twists,,Medium,7.71
916c21a5-4f82-434a-84c4-1450750d67da,Higgledy Piggledy,BanYa Production,Rune,D,8,Arcade,150,353,Bursty; Jumps; Mid-6 Doubles,,Medium,7.64
3074c058-2a56-4694-bd5d-b9cf8a5f2b1a,Butterfly,MAX & Rorychesell (SID-SOUND),ANDAMIRO,D,8,Arcade,128,288,Bursty; Mid-4 Doubles; Runs Without Twists,,Easy,7.54
421677e6-92c6-4d89-88b3-de3f47715268,Last Rebirth,SHK,BANNIE,D,8,Arcade,120,236,Runs; Runs Without Twists; Twists,,Easy,6.57
47da79e1-2401-4a69-adc1-c37e7a6f0583,The People didn't know,BanYa Production,BPM,D,8,Arcade,134,276,Anchor Runs; Bursty; Doublesteps,,VeryHard,6.48
e23f41d1-a835-4d80-aba1-e3f44c907701,BSPower Explosion,Memme,OSING,S,8,Arcade,180,474,Bursty; Runs; Runs Without Twists,,Overrated,5.5
26a88d06-1228-4e69-ab0b-0f15cafc6454,CALL ME BACK,TNX,SUNNY,S,8,Arcade,128,407,Jacks; Sustained; Twists,,Medium,5.5
b20ad8a3-147a-41b8-aee4-0a97b0e79563,Punishment Restaurant,memme,JUNARE,S,8,Arcade,175,542,Bursty; Drills; Side-3 Singles,,Hard,5.5
02879382-b87f-4428-8cba-4cafbfb890a3,Time Attack <BLUE>,r300k,WINDFORCE,S,8,Arcade,119,550,Runs; Sustained; Twists,,Overrated,5.5
133dea65-a810-49db-b710-2be442c6bf60,Silver Beat feat. ChisaUezono,Tatsh feat. ChisaUezono,NIMGO,D,8,Arcade,153,276,Bursty; Drills; Twists,,VeryEasy,5.49
6b9b74e7-8621-456f-a2c7-f2540bd8a1c9,Night Duty,A.V.,SUNNY,D,8,Arcade,140,235,Anchor Runs; Runs; Twists,,Medium,5.49
6664120b-b2cd-4ccd-b9d4-ebb03a730e07,Adrenaline Blaster,QWertism & Quree & WyvernP,FEFEMZ,S,8,Arcade,150,,Footswitches; Runs Without Twists; Twists,,Overrated,0
1509108c-1d8b-4c3e-9e1b-82647b8629d9,Another Truth,Novasonic,BPM,S,8,Arcade,136,250,Jumps; Side-3 Singles; Sustained,,VeryEasy,0
3ed12b47-1c4d-4620-aaa1-865919092e73,BANYA HIPHOP REMIX,BanYa,ANDAMIRO,S,8,Remix,99,332,Doublesteps; Footswitches; Jumps,,Overrated,0
c6df309d-5216-4d3a-ad24-905281f018a6,BEDLAM,SANY-ON,NIMGO,S,8,Arcade,183,418,Anchor Runs; Bursty; Drills,,Overrated,0
190602ae-2117-4f9d-bc59-1c791f595c23,Black Dragon,Memme,MINAMI,S,8,Arcade,162,371,Drills; Runs; Side-3 Singles,,Overrated,0
6352eb77-5106-4699-8a1b-287c6173b305,Bluish Rose,WyvernP,SUNNY,S,8,Arcade,130,,Side-3 Singles; Sustained; Twists,,Easy,0
bbc2abbc-063a-4a67-89e0-a09b2231d08d,BRAIN POWER,NOMA,SUNNY,S,8,Arcade,170 ~ 170,354,Doublesteps; Sustained; Twists,,Easy,0
b89573e2-0e73-4eb6-b6dc-e6ae10fc61ef,Break Out,Lunatic Sounds,CONRAD,S,8,Arcade,175,,Jacks; Side-3 Singles; Twists,,Overrated,0
d810604e-0b64-4a61-837a-5a767dc03983,Can-can ~Orpheus in The Party Mix~,Sr. Lan Belmont,OSING,S,8,Arcade,195,408,Doublesteps; Jumps; Twists,,Medium,0
07ddf86d-da17-4684-9b35-6c1d4604f2af,Caprice of Otada,BanYa Production,Rune,S,8,Arcade,160,,Bursty; Doublesteps; Twists,,Overrated,0
ceceb53b-0b01-4cef-9c50-7a766037fe5b,Christmas Memories,Warak,CONRAD,S,8,Arcade,170,447,Doublesteps; Jumps; Twists,,Overrated,0
9a010394-51d0-461c-a7d9-b07e033285ba,Clue,Transin,NIMGO,S,8,Arcade,140,372,Runs; Runs Without Twists; Twists,,Overrated,0
7937f398-f055-4b80-a388-766512d43125,Cosmical Rhythm,SID-Sound,AYAPPING,S,8,Arcade,128,572,Drills; Sustained; Twists,,Medium,0
c0f4a9d0-3109-4ec5-bfdd-cf2fda2f3c66,CROSS SOUL,HyuN feat. Syepias,NIMGO,S,8,Arcade,200,496,Bursty; Drills; Runs Without Twists,,Medium,0
abcba3b9-69d1-42d6-aff3-154a837eabc0,Cutie Song,Memme,BME,S,8,Arcade,174,309,Jacks; Jumps; Twists,,Hard,0
07630a5a-bc0b-4265-a8c0-d4f0eea815d3,Cynical,RiraN ft. Negoto Bunnyla,CONRAD,S,8,Arcade,155,447,,,Medium,0
3e3bd80a-ac6f-433e-af53-c525bd586556,Danger & Danger,Cranky,FEFEMZ,S,8,Arcade,155,385,Drills; Side-3 Singles; Twists,,Overrated,0
da655da0-4f05-40dc-a319-dda68cf3958f,Demon of Laplace,Quree,NIMGO,S,8,Arcade,144,465,Drills; Runs; Runs Without Twists,,Easy,0
3636daf9-31ea-4fbc-ab0f-a814c81e88bb,Euphorianic,SHK,CONRAD,S,8,Arcade,140,444,Anchor Runs; Runs; Runs Without Twists,,Medium,0
c30d10ec-4be8-44a0-b2b5-90ccddc62aeb,Extravaganza,BanYa,ANDAMIRO,S,8,Arcade,195,385,Anchor Runs; Bursty; Twists,,Overrated,0
c72548fa-9996-4847-9c34-a6768c55cedc,Final Audition 3,BanYa,ANDAMIRO,S,8,Arcade,130.5,,Brackets; Bracket Jumps; Twists,,Overrated,0
6f9fcf1a-7731-4290-a4fc-1a085ae7b20c,Final Audition Ep. 1,BanYa,HP,S,8,Arcade,189,343,Jacks; Sustained; Twists,,Underrated,0
db6cc8eb-febe-45e1-b6a9-1d2e8883a67a,Final Audition Ep. 2-1,Yahpp,EHNE,S,8,Arcade,170,,Brackets; Bracket Jumps; Side-3 Singles,,Overrated,0
a89d9fe9-f62f-43ea-b856-c773669217cf,Force of Ra,Memme,CONRAD,S,8,Arcade,180,537,Anchor Runs; Runs; Runs Without Twists,,Overrated,0
c37977b5-9f87-4f15-944e-ecaeac6b3399,Forgotten Vampire,WyvernP,SUNNY,S,8,Arcade,137,,Doublesteps; Runs; Twists,,Overrated,0
4ac9999c-5a1d-4d33-8284-73949a416d72,Glimmer Gleam,Doin,SPHAM,S,8,Arcade,85,425,Side-3 Singles; Sustained; Twists,,Easy,0
359c5932-e715-4fe7-a1f8-8472a24f530a,God Mode 2.0 feat. Skizzo,Nato feat. Skizzo,NIMGO,S,8,Arcade,155,,Bursty; Drills; Runs Without Twists,,Overrated,0
cc53fdee-c471-4bab-9671-cd65d7fda5fb,God Mode feat. skizzo,Nato & Skizzo,MINAMI,S,8,Arcade,152,432,Runs; Runs Without Twists; Twists,,Medium,0
37a74b41-2cb5-4ef6-b382-61e7c8b2c182,Goodtek,EBIMAYO,FEFEMZ,S,8,Arcade,190,446,Drills; Side-3 Singles; Twists,,Medium,0
457d2d8c-9bab-46ec-be6c-3b3d657ead3f,Gothique Resonance,P4Koo,EXC,S,8,Arcade,174,496,Jacks; Runs Without Twists; Side-3 Singles,,Overrated,0
e2960917-20b9-443b-865a-affa4e69379a,Halloween Party ~Multiverse~,SHK,,S,8,Arcade,160,547,Bursty; Runs; Runs Without Twists,,Easy,0
522c72fd-4859-4f01-bab3-f9de6790cae8,Hi Bi,BanYa,ANDAMIRO,S,8,Arcade,145,,Runs; Runs Without Twists; Twists,,Hard,0
9ebaba93-9636-4b09-b4d5-63d8b827d369,HUSH,Yassi Pressman & Nadine Lustre,NIMGO,S,8,Arcade,81.5,396,Bursty; Drills; Twists,,Overrated,0
275c91ad-2f65-4aaa-a917-1c8839f3685d,Imprinting,Sakuzyo,EXC,S,8,Arcade,175,552,Bursty; Drills; Runs Without Twists,,Medium,0
824e2819-00fb-4fba-9900-3b6084feb79c,iRELLiA,HyuN,CONRAD,S,8,Arcade,204,409,Jacks; Runs Without Twists; Twists,,Medium,0
5659f873-3140-4f17-87d7-02d4c69688b6,J Bong,BanYa,HP,S,8,Arcade,140,,Doublesteps; Jumps; Twists,,Overrated,0
4cf341ed-4d08-46e2-8745-b7a87b11fa01,Jam O Beat,BanYa Production,Overdeath,S,8,Arcade,120,,Doublesteps; Jumps; Twists,,Overrated,0
a030816d-f57c-4773-aed2-8396d040724f,JANUS,MAX,CONRAD,S,8,Arcade,174,,Bursty; Runs; Runs Without Twists,,Overrated,0
4eaeef90-a782-4abb-9c4c-de02a6c7b19b,Jonathan's Dream,MAX & Seorryang (SID-SOUND),ANDAMIRO,S,8,Arcade,140,587,Runs; Runs Without Twists; Twists,,Medium,0
50644b18-d1d0-4535-b925-823240c3a950,Katkoi,M2U,CONRAD,S,8,Arcade,180,,Bursty; Jumps; Runs Without Twists,,Overrated,0
e3b93f58-9dcf-4488-a81a-7e2cd16ab3ed,Lala,Yassi Pressman,SUNNY,S,8,Arcade,126,406,Jacks; Sustained; Twists,,Hard,0
fa90cb67-ff76-4bf0-a82c-2d9610f83598,Le Grand Rouge,KIEN,SPHAM,S,8,Arcade,166,,5-Stairs; Side-3 Singles; Twists,,Overrated,0
187ce5fb-ef83-4f20-89dd-aa96051c2341,Little Munchkin,Castellia,OSING,S,8,Arcade,180,426,Bursty; Jumps; Side-3 Singles,,Underrated,0
e4208f3c-a43e-426d-b354-e4816e1d23bd,Lucid Dream,Unknown,SPHAM,S,8,Arcade,173,333,Side-3 Singles; Sustained; Twists,,Medium,0
b36a1b54-7ff6-4e63-92a8-8bbbafd6fe4e,Lucky Star,INFX feat. Miori Celesta,CONRAD,S,8,Arcade,180,512,,,Overrated,0
790daf6c-6879-4348-a093-c4543cd64ae2,Monkey Fingers 2,BanYa Production,MSGOON,S,8,Arcade,180,,Bursty; Jacks; Twists,,Overrated,0
0ecdbf61-7021-44de-94ca-8f97467fbb2b,Moonlight,BanYa,ANDAMIRO,S,8,Arcade,180,511,Runs; Runs Without Twists; Twists,,Medium,0
58fdc6e7-6448-4025-839f-a60ffb1e223e,My Way,BanYa,HP,S,8,Arcade,118,277,Doublesteps; Jumps; Twists,,Medium,0
445a305c-8982-4ffb-9b49-97fc5db6898c,Naissance,BanYa,HP,S,8,Arcade,136,280,Doublesteps; Jumps; Twists,,Overrated,0
bdfa4813-ff78-4aae-a35a-0d7387a79492,Nihilism - Another Ver.-,Nato,NIMGO,S,8,Arcade,190,538,Bursty; Jacks; Side-3 Singles,,Overrated,0
1c3a40a5-65aa-4c6f-8c3a-d2ec34a04c0c,Nostalgia,Woody,CONRAD,S,8,Arcade,100,381,5-Stairs; Sustained; Twists,,Easy,0
1d36374e-7476-4815-9f89-0850a52ebf4a,Odin,Gram,SPHAM,S,8,Arcade,200,434,Footswitches; Sustained; Twists,,Overrated,0
8bde5423-7b4e-4ec7-81a1-2c09f71c3f3f,Oy Oy Oy,BanYa,ANDAMIRO,S,8,Arcade,148,238,Bursty; Footswitches; Twists,,Overrated,0
f9049105-854e-4f0b-aa47-4183e05a3a9a,Papa Gonzales,BanYa,HP,S,8,Arcade,145,,Doublesteps; Jumps; Twists,,Overrated,0
6a462c13-ee21-4eae-bceb-eed8f893809b,Passacaglia,SynthWulf,HP,S,8,Arcade,175,527,Anchor Runs; Runs; Runs Without Twists,,Underrated,0
7931bc14-e7fc-4736-b8b9-77434fb2c757,Passing Rider,mzet:-P,NIMGO,S,8,Arcade,175,,Anchor Runs; Bursty; Jacks,,Overrated,0
e82755e6-f498-478c-a0e0-c090062458ba,Paved Garden,Ginkiha,OSING,S,8,Arcade,187,364,Bursty; Drills; Jacks,,Easy,0
b9628e5b-336f-4d18-b7ef-d29cd45ff642,Point Break,BanYa,SUNNY,S,8,Arcade,92,251,5-Stairs; Sustained; Twists,,Overrated,0
807046e1-69bf-470c-ac1e-bb6f9c2f4354,Pumptris 8Bit ver.,Yahpp,HP,S,8,Arcade,162,,Drills; Runs; Runs Without Twists,,Overrated,0
5a783293-9a1c-42b2-bbb1-d5f7ae47d164,Pumptris 8Bit ver. - SHORT CUT -,Yahpp,ANDAMIRO,S,8,ShortCut,162,483,Anchor Runs; Side-3 Singles; Twists,,Overrated,0
1c980895-5f7e-4d93-97bd-2a4f1eda4011,Ragnarok,SynthWulf,CONRAD,S,8,Arcade,170,540,Anchor Runs; Runs; Runs Without Twists,,Overrated,0
7d7cd7af-ef1d-471b-8a0e-56c57e0b93c0,Rock the house,Matduke,AYAPPING,S,8,Arcade,175,552,Anchor Runs; Drills; Side-3 Singles,,Overrated,0
c58a41da-1225-49f2-a9d5-2305f30c8791,Rolling Christmas,BanYa,ANDAMIRO,S,8,Arcade,142,379,Anchor Runs; Jumps; Twists,,Hard,0
6f8e8323-e144-42be-adec-aeafccb85d16,Scorpion King,r300k,NIMGO,S,8,Arcade,113,,Anchor Runs; Footswitches; Twists,,Overrated,0
cf865207-b7d1-4801-8127-e9f17d35f2f7,Solitary,BanYa,HP,S,8,Arcade,136,288,Footswitches; Jacks; Twists,,Underrated,0
09a0cea9-f42b-4bf8-a87f-80f50d46f4e2,Solitary 2,BanYa,ANDAMIRO,S,8,Arcade,136,,Doublesteps; Footswitches; Twists,,Overrated,0
828d2be2-d9a1-497a-bd4b-f4dc65b801fd,Sorceress Elise,YAHPP,,S,8,Arcade,158,,Anchor Runs; Bursty; Twists,,VeryHard,0
965d0508-a137-4d97-b7a4-330a6bccdbba,STAGER,Ras,CONRAD,S,8,Arcade,146,363,5-Stairs; Doublesteps; Jumps,,Medium,0
64bb9e3f-f42e-4033-9e8b-604a3c08339e,Start On Red,Nato,CONRAD,S,8,Arcade,160,435,Runs; Runs Without Twists; Sustained,,Overrated,0
f129e745-9af0-4551-90e2-55038e3ded2a,Street show down,BanYa,ANDAMIRO,S,8,Arcade,124,266,Footswitches; Side-3 Singles; Twists,,Medium,0
cbb7b04c-c364-4fd9-b9e3-1cc8884ad11b,Sudden Appearance Image,Blacklolita,DulKi,S,8,Arcade,170,,Jacks; Sustained; Twists,,Overrated,0
090c3ed6-f9b3-4083-baa7-1089c7431a44,Super Stylin',Warak,AYAPPING,S,8,Arcade,146,509,Anchor Runs; Jacks; Jumps,,Overrated,0
dbb13fce-69b1-4fd7-a739-e9aca841dc32,SWEET WONDERLAND,MAX feat. ankimo,CONRAD,S,8,Arcade,170,415,Drills; Jacks; Jumps,,Easy,0
fd6a3b44-a1ba-415b-972f-ff6ec791d0de,Switronic,SHK,CONRAD,S,8,Arcade,120 ~ 120,359,Runs; Runs Without Twists; Sustained,,Medium,0
723d3841-2ee1-481b-ba8f-accea896c235,The End of the World ft. Skizzo,MonstDeath feat. Skizzo,SUNNY,S,8,Arcade,150,,Jumps; Sustained; Twists,,Overrated,0
d3ea31ac-29bf-43a0-ae49-31050c735b3f,"The People didn't know ""Pumping up""",BanYa Production,BPM,S,8,Remix,134,546,Doublesteps; Jumps; Sustained,,Overrated,0
ef02c785-e2c3-420c-8462-b9b461be49c0,The Reverie,uma,CONRAD,S,8,Arcade,150,,Anchor Runs; Drills; Twists,,Overrated,0
7d949149-8bc3-47c5-956a-ee3294805344,Tritium,Memme,OSING,S,8,Arcade,180,418,Bursty; Jacks; Runs Without Twists,,VeryHard,0
1dc849aa-9659-4418-88ad-547df8de1c3e,U Got 2 Know,MAX,HP,S,8,Arcade,127,,Runs; Side-3 Singles; Twists,,Overrated,0
541eabf9-b993-4b8f-8c3a-93ab035fe38a,Underworld ft. Skizzo (PIU Edit.),MonstDeath vs Neutral Moon,BME,S,8,Arcade,190,495,Bursty; Drills; Runs Without Twists,,Overrated,0
1efb71a1-c255-47db-a86e-a413b864d306,Up & Up (Produced by AWAL),Skizzo ProducedBy AWAL,WINDFORCE,S,8,Arcade,150,,Drills; Jumps; Side-3 Singles,,Overrated,0
726b117b-005f-41a1-aa20-c5a0802aadfd,Vector,Zekk,SPHAM,S,8,Arcade,178,398,Anchor Runs; Side-3 Singles; Twists,,Medium,0
bb4c9595-5c1d-422f-b6dc-8f96e7a691bb,Violet Perfume,SHK,BANNIE,S,8,Arcade,145,305,Anchor Runs; Sustained; Twists,,Medium,0
1577d0ec-3fb8-401c-8a34-e338d2959d6d,Visual Dream II (In Fiction),Aragon,BANNIE,S,8,Arcade,175,585,Bursty; Jumps; Twists,,Hard,0
e3cbd2f3-b477-4347-b269-24a9fd4b78ab,Waltz of Doge,Cashew,CONRAD,S,8,Arcade,250,,Runs; Runs Without Twists; Sustained,,Overrated,0
4d426827-3c00-430c-8805-9642b88a7e41,Windmill,Yak Won,BPM,S,8,Arcade,246,420,Jacks; Sustained; Twists,,Medium,0
cb2e3bcb-5ca1-45c6-b5f8-b0f054bc9084,Witch Doctor #1,Yahpp,HP,S,8,Arcade,122,,Jacks; Sustained; Twists,,Underrated,0
27db0b94-2d0b-4ddf-a75d-820f48a6f11a,X-Tream,BanYa,HP,S,8,Arcade,162,,Bursty; Drills; Jacks,,Overrated,0
b4ccda6a-ab9f-4397-95a9-26578b7ea089,Yeo rae a,SID-Sound,NIMGO,S,8,Arcade,90,321,Anchor Runs; Side-3 Singles; Twists,,Medium,0
b4fa37ee-b72e-4338-8e6a-2ce7f1ec8444,After a thousand years,Toto,HP,S,7,Arcade,180,,Bursty; Runs; Runs Without Twists,,Underrated,12.18
8a54456e-d446-4d24-a4d4-27d66a407a24,Log In,SHK,BPM,S,7,Arcade,140,447,Anchor Runs; Runs Without Twists; Side-3 Singles,,Underrated,10.99
6652164f-4756-411b-a368-55363247b0c8,E.O.N,HiTECH NINJA,CONRAD,S,7,Arcade,165,389,Bursty; Runs; Runs Without Twists,,Underrated,10.82
cece0cc8-71e6-45b9-9361-1ea3aa1c4b6e,B3,MAX,CONRAD,S,7,Arcade,160,439,Bursty; Runs; Runs Without Twists,,Hard,10.82
4214aa92-5014-476f-95ba-0a8189c5ea06,Gargoyle,Sanxion7,HP,S,7,Arcade,150,401,Anchor Runs; Runs; Runs Without Twists,,VeryHard,10.81
98735af5-1832-46c4-bd26-00b22816d65f,Allegro Con Fuoco,DM Ashura,ANDAMIRO,S,7,Arcade,156,,Bursty; Jumps; Runs Without Twists,,VeryHard,10.81
11872ebc-e3f0-49cc-8f73-90f1c34f56d5,BOOOM!!,RiraN,DulKi,S,7,Arcade,160,377,Anchor Runs; Footswitches; Jacks,,VeryHard,10.8
fca5c2b4-eafb-4580-8aea-761673ffc909,Pop The Track,J-Mi & Midi-D Ft. Hanna Stockzell,ANDAMIRO,S,7,Arcade,160,403,Runs; Runs Without Twists; Twists,,Hard,10.71
530479f3-dd6f-4017-a78d-a58510ca2072,Take Out,SHK,BPM,S,7,Arcade,170,517,Bursty; Jacks; Runs Without Twists,,Hard,10.7
d2e2aa96-6934-488b-b258-dfca90bfc154,Lohxia,The Musical Ghost,CONRAD,S,7,Arcade,155,372,Bursty; Jacks; Side-3 Singles,,Medium,10.7
eb1ec232-33bf-4047-a7c8-32b5234333be,Elise,DM Ashura,BPM,S,7,Arcade,162,494,Drills; Runs; Runs Without Twists,,Hard,10.69
95049cb6-3176-4a1e-a178-c7372e2e27ee,FLVSH OUT,Getty,SUNNY,S,7,Arcade,160,,Drills; Jacks; Side-3 Singles,,Hard,10.67
3d4fc77f-705c-4976-afef-f887b7695399,Versailles,HyuN & MIIM,CONRAD,S,7,Arcade,160 ~ 160,375,Bursty; Runs; Runs Without Twists,,Medium,10.66
c0deb55e-7d79-45b3-b2a6-63871fcc766c,Necromancy,Zircon,HP,S,7,Arcade,173,486,Doublesteps; Jacks; Jumps,,Medium,10.65
61493dea-9b9a-43c5-a3d0-56455eab5569,D,MAX,BPM,S,7,Arcade,180,365,Bursty; Runs; Runs Without Twists,,Medium,10.65
cda36083-3ec5-4cdb-8183-bbc4988fbddb,Nyan-turne (feat. KuTiNA),Cashew & Castellia,SUNNY,S,7,Arcade,202.1,343,Jacks; Jumps; Sustained,,Medium,10.64
45cf6ae0-3af5-4d9e-8cfa-7e5a577e7ad3,Hestia,Gentle Stick,EXC,S,7,Arcade,150,470,Anchor Runs; Side-3 Singles; Twists,,Medium,10.63
06234a2f-e23b-4885-a403-ea718d51ec65,Earendel,Palami feat.neur6sia,SUNNY,S,7,Arcade,180,346,Footswitches; Jacks; Side-3 Singles,,Medium,10.61
5141d992-eea6-4dbd-ab68-7d02af26204a,Horang Pungryuga,Sangnoksu feat. HANANA,EXC,S,7,Arcade,160,438,Bursty; Doublesteps; Jumps,,Medium,10.57
2d42c039-992a-4c13-b1bb-d18b9bf3aef5,Stardream -Eurobeat Remix-,MAX x Cashew x Dave Rodgers,CONRAD,S,7,Arcade,160,476,Bursty; Runs Without Twists; Side-3 Singles,,Medium,10.57
0acb71a4-c930-44d6-a40d-b8c2755e8767,Papasito (feat.  KuTiNA),Yakikaze & Cashew feat. KuTiNA,FEFEMZ,S,7,Arcade,128,319,Anchor Runs; Runs Without Twists; Side-3 Singles,,Easy,10.55
589e5b74-7219-45e7-9eb6-f60a0b4c2a2c,ESP,Nato,CONRAD,S,7,Arcade,175,379,Bursty; Drills; Runs Without Twists,,Medium,10.54
dd62c54b-914b-4d18-9a6f-35dbb63e9cb6,Timing,HIGHTEEN,OSING,S,7,Arcade,164,365,Doublesteps; Drills; Jumps,,Medium,10.52
9d237c4e-146c-44db-a46c-9b6c95349c29,YOU AND I,Dreamcatcher,EXC,S,7,Arcade,194,458,Bursty; Drills; Jacks,,Medium,10.52
d76fdb31-7edd-4468-be52-59ff969af066,Winter,BanYa,ANDAMIRO,S,7,Arcade,168,303,Bursty; Runs; Runs Without Twists,,VeryEasy,10.52
96a6c646-20e3-4b4c-b107-83853c12d9b4,Cannon X.1,Yahpp,BPM,S,7,Arcade,185,602,Bursty; Drills; Runs Without Twists,,Easy,10.52
87a13be5-0afc-4b81-a417-d0458db62d99,Sugar Conspiracy Theory,MAX,ENVYtic,D,7,Arcade,170,355,Bursty; Doublesteps; Jumps,,VeryHard,8.82
f770ffce-ec80-4f37-b2b5-daa70501b1c0,Wedding Crashers,SHK,FEFEMZ,D,7,Arcade,165,384,Drills; Mid-4 Doubles; Sustained,,VeryHard,8.79
7ec6311a-c231-45cb-a895-57f12b357d99,SUPER☆HARAGURO☆POP,Zekk,refos,S,7,Arcade,160,500,Bursty; Jacks; Side-3 Singles,,Easy,6.85
f63b8a81-6641-4794-a23d-2c0f33471804,Nemesis,M2U,EXC,S,7,Arcade,160,380,Jacks; Jumps; Twists,,Easy,6.8
3ec595bc-ce46-4d1e-b43c-701bd13151e2,Can I friend you on Bassbook? lol,Camellia & Nanahira,DulKi,S,7,Arcade,128,477,Drills; Footswitches; Side-3 Singles,,Medium,6.76
b18e4023-2f59-4ba8-9402-d4924fb89704,The Apocalypse,HyuN feat. Elika,CONRAD,S,7,Arcade,171,357,Doublesteps; Jumps; Side-3 Singles,,Easy,6.75
cc2d82d4-6900-46dd-b9b9-8bd57acb811e,"Simon Says, EURODANCE!! (feat. Sara☆M)",Jehezukiel?KAZEMURA?Hideky,,S,7,Arcade,180,424,Doublesteps; Runs; Runs Without Twists,,Easy,6.73
7c1a4c31-e8cf-43e8-bf01-9c797704b447,Dancing,Said,NIMGO,S,7,Arcade,151,364,Bursty; Drills; Runs Without Twists,,Easy,6.73
e24093a2-733a-4e17-8f23-8a25e175e1e5,Goodbounce,EBIMAYO,SUNNY,S,7,Arcade,180,,Drills; Jacks; Sustained,,VeryEasy,6.68
eceeb532-314a-492c-8a9c-5f2e38ab69df,Athena's Shield,Jehezukiel,SUNNY,S,7,Arcade,176,509,Jacks; Side-3 Singles; Sustained,,VeryEasy,6.6
d869404b-9321-4d9d-a13b-37b146e38615,Pop Sequence,Hommarju,AEVILUX,S,7,Arcade,110,,Doublesteps; Jumps; Side-3 Singles,,VeryEasy,6.6
d425b648-cd17-45c2-aa65-ebcac27e28ad,SONIC BOOM,USAO,SUNNY,S,7,Arcade,205,334,Anchor Runs; Jacks; Side-3 Singles,,VeryEasy,6.59
acbb849c-60ea-4c68-a38e-943ad8542703,Etude OP 10-4,MAX,SUNNY,S,7,Arcade,176,494,Bursty; Doublesteps; Jacks,,VeryEasy,6.56
2eee70e9-42ba-46e2-a33e-f5e67af250f8,Beethoven Virus,BanYa,Kwon Oh-Seok,S,7,Arcade,162,286,Anchor Runs; Bursty; Twists,,VeryHard,6.52
1a153f44-1171-409d-9e0b-ea6575639935,Toccata,BanYa Production,ANDAMIRO,S,7,Arcade,104,295,Runs; Runs Without Twists; Twists,,Easy,5.9
12fad172-d3ba-4012-a8b1-69ca9784ecc9,Death Moon,SHK,NIMGO,D,7,Arcade,160,350,Doublesteps; Jumps; Runs,,Easy,5.5
fd508013-63c7-4101-81f6-c1815129fa00,Do the Dance,ILLIT (아일릿),CONRAD,D,7,Arcade,130,223,Footswitches; Sustained; Twists,,Easy,5.5
806d9cd1-9223-4dbc-87c8-735469945e19,Eternal Universe,Quree,SUNNY,S,7,Arcade,200,425,Bursty; Drills; Jacks,,Overrated,5.07
5ca88637-9f37-4313-a1cc-a121fe61c1e6,Beat of The War 2,BanYa,HP,S,7,Arcade,120 ~ 120,436,Doublesteps; Drills; Side-3 Singles,,Hard,4.94
5da3b018-e46c-460a-9db1-17dd3440c5fd,Wedding Crashers - SHORT CUT -,SHK,,S,7,ShortCut,165,416,Doublesteps; Runs; Runs Without Twists,,Easy,4.5
7a039493-cd92-46ff-ab25-c2fbe1965da7,About The Universe,SOTUI & MIssionary,OSING,S,7,Arcade,180,320,Jacks; Side-3 Singles; Twists,,Overrated,0
079863bd-a36c-4296-bb82-29e601706ca3,Accident,MAX,BPM,S,7,Arcade,183,517,Bursty; Runs; Twists,,Overrated,0
fbc3bdd6-33d4-4136-8df8-8a1f571b9132,Acquire,ryhki,CONRAD,S,7,Arcade,155,392,Doublesteps; Jacks; Jumps,,Medium,0
82e5d27e-5d09-4adf-99e5-b0accac5f2a3,Amphitryon,Gentle Stick,ENVYtic,S,7,Arcade,155,478,Runs; Runs Without Twists; Side-3 Singles,,Overrated,0
bb0cd36e-d620-4a94-a119-7fee1abe09d8,Annihilator Method,DM Ashura,EXC,S,7,Arcade,192,327,Footswitches; Jacks; Side-3 Singles,,Overrated,0
5d215300-66e8-4135-8660-62d18831e9ea,Avalanche,Memme,HP,S,7,Arcade,175,382,Anchor Runs; Runs; Runs Without Twists,,Underrated,0
215dab04-11fc-4875-8c10-419fe5580ac8,Awakening,typeMARS,OSING,S,7,Arcade,150,345,Jumps; Runs; Runs Without Twists,,Overrated,0
1dc80b78-b62a-4f21-847e-be2ee1df2758,B2,MAX,HP,S,7,Arcade,158,514,Anchor Runs; Bursty; Twists,,Overrated,0
9f7aba70-36b9-4359-a03d-00f1ad317247,Bee,BanYa,HP,S,7,Arcade,160,250,Anchor Runs; Drills; Runs,,Overrated,0
8ec7e343-712d-45ce-95d9-ded4ee503c2b,Blaze Emotion,Yahpp,ANDAMIRO,S,7,Arcade,170,443,Bursty; Drills; Twists,,Overrated,0
1345d8dd-469a-4fcb-be19-c9304227bfc1,Blazing,BanYa,ANDAMIRO,S,7,Arcade,158,340,5-Stairs; Bursty; Twists,,Overrated,0
cfe25a89-74d9-48b3-b148-d8a31eaa9966,Break it Down,MAZO,NIMGO,S,7,Arcade,176,318,Doublesteps; Jacks; Jumps,,Overrated,0
7dad51d9-7a68-4d07-adf8-7dd35e25ac3a,Bring Back The Beat,Lunatic Sounds,HUGE,S,7,Arcade,160,348,Doublesteps; Jumps; Side-3 Singles,,Overrated,0
d9443a48-adfc-419c-bba2-c66fbb12fbe5,Canon D,BanYa,ANDAMIRO,S,7,Arcade,160,349,Doublesteps; Runs; Twists,,Medium,0
1121fc21-4546-4183-b60a-f0909bda7e9b,Chinese restaurant,Memme,EXC,S,7,Arcade,175,481,Anchor Runs; Runs Without Twists; Side-3 Singles,,Overrated,0
5824738f-708c-4749-b484-b86223074d47,Cleaner,Doin,BPM,S,7,Arcade,203,414,Bursty; Jacks; Side-3 Singles,,Overrated,0
24410d03-0be1-414f-aa7d-7946517a22b4,Cross Over feat. LyuU,HyuN feat. LyuU,NIMGO,S,7,Arcade,200,475,Bursty; Drills; Twists,,Easy,0
32d2306a-c357-4eda-9c51-639977dc9cd0,Cross Ray,HyuN,SUNNY,S,7,Arcade,176,419,Doublesteps; Drills; Sustained,,Easy,0
581f0267-b3d1-45ca-9a4b-e3a54a967ace,Cross Time,Brandy,CONRAD,S,7,Arcade,160,,Drills; Footswitches; Runs Without Twists,,Overrated,0
e58d0a64-f107-4d63-96fc-e6842fa055e9,Csikos Post,BanYa,EXC,S,7,Arcade,180,329,Bursty; Doublesteps; Side-3 Singles,,Overrated,0
24e8e8c9-8ff6-48f1-b8ce-5b79a116d2a0,Cycling!,Yamajet feat. あまね (COOL&CREATE),MINAMI,S,7,Arcade,220,,Anchor Runs; Side-3 Singles; Sustained,,Overrated,0
79120a03-1391-448c-91af-1278363083a0,Cygnus,Nato,SUNNY,S,7,Arcade,188,415,Drills; Runs; Runs Without Twists,,Overrated,0
82518bf2-51a2-4c89-9090-820d9e9080db,Destination,SHK,ANDAMIRO,S,7,Arcade,150,550,5-Stairs; Side-3 Singles; Twists,,Overrated,0
9f1b08a4-3a0a-409d-99c5-910c69e917f6,Destr0yer,Unknown,EXC,S,7,Arcade,90,600,Bursty; Footswitches; Side-3 Singles,,Easy,0
9abee212-571c-4abd-8b9b-ab33be33f94d,DJ Otada,BanYa Production,BPM,S,7,Arcade,180,349,Bursty; Runs Without Twists; Twists,,Overrated,0
2604d55b-317e-46f8-8551-6cd7466d4c0e,Dual Racing <RED vs BLUE>,Nato & r300k,CONRAD,S,7,Arcade,165,,Runs; Runs Without Twists; Side-3 Singles,,Overrated,0
7144f94b-b780-4c6a-b9f8-c7c723fdb949,EMOMOMO,Ras,SUNNY,S,7,Arcade,145,,Bursty; Jacks; Side-3 Singles,,Medium,0
dad27bd0-9025-4d57-b9b2-04e038eaae50,Energy Synergy Matrix,Tanchiky,DulKi,S,7,Arcade,160,545,Anchor Runs; Bursty; Jacks,,Overrated,0
927ea82c-5886-470a-ae92-489d387704e4,Euphorianic - SHORT CUT -,SHK,,S,7,ShortCut,,285,Anchor Runs; Runs; Runs Without Twists,,Overrated,0
41b5119e-78df-43df-a91c-4f551097811e,Faster Z,Yahpp,ANDAMIRO,S,7,Arcade,162,524,Anchor Runs; Bursty; Runs Without Twists,,Overrated,0
4832a165-8637-4cb4-b005-d87104c75a88,Final Audition,BanYa,ANDAMIRO,S,7,Arcade,130.5,296,Footswitches; Side-3 Singles; Twists,,Overrated,0
979af99b-33c7-482b-ace8-e89d33d7ae70,Final Audition 2,BanYa,HP,S,7,Arcade,130,286,Jacks; Runs; Runs Without Twists,,Overrated,0
64225672-2015-4343-9f4d-ba852e65c4e5,Galaxy Collapse,Kurokotei,SUNNY,S,7,Arcade,150 ~ 150,426,Runs; Runs Without Twists; Sustained,,VeryEasy,0
89612a65-5ca7-41f9-860e-c7176f1c8299,Get Up (and go),BanYa Production,BPM,S,7,Arcade,164,397,Bursty; Drills; Side-3 Singles,,Overrated,0
ce1cf291-4559-4512-9172-7cc67957636d,Get Your Groove On,BanYa,ANDAMIRO,S,7,Arcade,96,206,Anchor Runs; Doublesteps; Twists,,Overrated,0
9195a038-2653-4b73-a91c-97b403ee46e9,Guitar Man,BanYa Production,EHWA,S,7,Arcade,120,290,Anchor Runs; Drills; Side-3 Singles,,Overrated,0
47a23ea0-5b43-47d4-9d46-f94cf2844768,Hardkore of the North,Diclonius Kid,HP,S,7,Arcade,190,547,Bursty; Jacks; Runs Without Twists,,Medium,0
275c38ec-49dc-45aa-a26c-0de0975e2110,Heart Attack,DJ Counterforce,NIMGO,S,7,Arcade,148,275,Jacks; Sustained; Twists,,Overrated,0
49cd8f12-46b2-4d12-a613-55efc9186041,HELIX,ESTi,MINAMI,S,7,Arcade,175,,Anchor Runs; Bursty; Side-3 Singles,,Overrated,0
b0bb57ea-e83c-4ab0-bbfd-bfed27101f4d,Hellfire,Memme,NIMGO,S,7,Arcade,170,366,Bursty; Drills; Jacks,,Overrated,0
730ac871-84d2-47ca-9710-126a86c948c3,Highway Chaser,Cosmograph,SUNNY,S,7,Arcade,155,325,Anchor Runs; Jacks; Side-3 Singles,,Overrated,0
f096abd5-b0b3-4a81-ab95-f3a32a44b2c2,HTTP,Quree,AEVILUX,S,7,Arcade,147,403,Doublesteps; Jumps; Sustained,,Overrated,0
37eede70-1df4-41b1-a038-cf5290a3e3e7,HUSH,Yassi Pressman & Nadine Lustre,NIMGO,D,7,Arcade,81.5,249,Anchor Runs; Runs; Twists,,Medium,0
f9967fb6-ed73-4693-bdb9-8400f38dc279,I Want U,MAX,SUNNY,S,7,Arcade,156,399,Anchor Runs; Doublesteps; Side-3 Singles,,Overrated,0
d79c9b93-4309-44cf-b3d6-c6ce6621baf9,I Want U - SHORT CUT -,MAX,SUNNY,S,7,ShortCut,156,342,Bursty; Runs; Runs Without Twists,,Overrated,0
8cfd38db-364f-4af5-a397-e85267981214,Ice of Death,Fiverwater,CONRAD,S,7,Arcade,172,399,Bursty; Jacks; Runs Without Twists,,Overrated,0
98346cc6-0bd5-4e23-9c67-958350a00f3f,Idealized Romance,void,CONRAD,S,7,Arcade,140,,Anchor Runs; Runs; Runs Without Twists,,Overrated,0
654cb3c2-61c6-44a3-a336-382743911ecf,Imaginarized City,Reku Mochizuki,GGWANG,S,7,Arcade,156,340,Anchor Runs; Doublesteps; Jumps,,Easy,0
74f31e24-26dc-4c9d-a83c-4044b721d25c,Iolite Sky,Doin,WINDFORCE,S,7,Arcade,90,422,Doublesteps; Jacks; Side-3 Singles,,Overrated,0
b54e289a-b2ca-4673-aab8-08c9d8baf1d7,J Bong,BanYa,ANDAMIRO,S,7,Arcade,140,337,Bursty; Footswitches; Twists,,Overrated,0
06135b39-661d-487e-9b66-a526049b28a8,Jogging,LUCY,SUNNY,D,7,Arcade,138,239,Anchor Runs; Runs; Sustained,,VeryHard,0
d732f00b-3824-45f7-b2ab-f3025e08ba08,Jump,BanYa,ANDAMIRO,S,7,Arcade,96,232,Jacks; Sustained; Twists,,Overrated,0
c093337b-9ea7-4e6f-aeee-64c7dd5a68b9,Just Hold On (To All Fighters),void,NIMGO,S,7,Arcade,170,445,Runs; Runs Without Twists; Side-3 Singles,,Medium,0
e4ab6229-fb45-466b-a814-39c6c526aed9,Karyawisata,Vesuvia x REDSHiFT,CONRAD,D,7,Arcade,150 ~ 150,334,Bursty; Cross-pad Transitions; Twists,,Easy,0
f1867284-d643-43b2-8be2-3773ee71e83b,Karyawisata,Vesuvia x REDSHiFT,CONRAD,S,7,Arcade,150 ~ 150,,Bursty; Drills; Runs Without Twists,,Overrated,0
17aa3e6d-38cb-4b8e-b00a-790da02231b7,Kasou Shinja,MAX,NIMGO,S,7,Arcade,170,327,Bursty; Jacks; Side-3 Singles,,Overrated,0
952328b2-6e1f-42b3-a356-d5f998c6969e,King’s Tomb,r300k,refos,S,7,Arcade,113,336,,,VeryEasy,0
38094966-e4a6-4d87-9388-c8a4e07c76ee,Latino Virus,Warak,HP,S,7,Arcade,170,403,Bursty; Doublesteps; Jumps,,Overrated,0
61dc6b67-e78b-4ab0-9cc1-80411214037c,Le Grand Bleu,KIEN,BANNIE,S,7,Arcade,165,530,Drills; Runs; Runs Without Twists,,Easy,0
98f4160e-85f2-4acb-a691-6a9d44083459,Life is PIANO,Junk,CONRAD,S,7,Arcade,133,,Runs; Runs Without Twists; Sustained,,Overrated,0
04416e91-5bbc-4c00-8f29-49a1c30890bc,Love is a Danger Zone pt. 2,BanYa,BPM,S,7,Arcade,162,368,Bursty; Drills; Jumps,,Overrated,0
2874ed3a-5991-4261-b2e0-c559949f3fba,Love is a Danger Zone(Cranky Mix),BanYa & Cranky,ZELLLOOO & ANDAMIRO,S,7,Arcade,155,432,Bursty; Drills; Twists,,Overrated,0
81b708cc-d713-4691-b1bd-3d622caf9952,Lucid(PIU Edit),Yak Won,BPM,S,7,Arcade,40 ~ 40,564,Runs; Runs Without Twists; Twists,,Overrated,0
edf64049-fa18-494f-b8ef-c05dd2b07d5f,Macaron Day,HyuN,SUNNY,S,7,Arcade,173,435,Bursty; Jacks; Jumps,,Overrated,0
685b2318-2028-4ba6-8b8e-d4bc71a00dcb,Magical Vacation,SID-Sound,HUGE,D,7,Arcade,154,296,Bursty; Jumps; Mid-6 Doubles,,VeryHard,0
c774acdb-e6bc-4d71-8d27-b2f66502fea5,Maria,BanYa,ANDAMIRO,S,7,Arcade,136,236,Bursty; Footswitches; Twists,,Overrated,0
57eb03a8-a047-44db-8a12-3cfef2ea34a6,MATADOR,Cranky,AYAPPING,S,7,Arcade,168,,Drills; Jumps; Side-3 Singles,,Overrated,0
9567f5aa-b677-4488-80de-b2756bb947ba,MATADOR,Cranky,AYAPPING,D,7,Arcade,168,343,Doublesteps; Mid-4 Doubles; Mid-6 Doubles,,Easy,0
c018de1b-cc36-42df-9e79-798588ab815b,MilK,Morimori Atsushi,FEFEMZ,S,7,Arcade,155,400,Bursty; Drills; Jacks,,Medium,0
b6633e23-66df-486a-ac29-cc749d596f64,Miss S' story,BanYa,ANDAMIRO,S,7,Arcade,111,247,Anchor Runs; Footswitches; Twists,,Overrated,0
a57efee8-9430-4f98-84aa-21e3fd4aff47,Mission Possible,BanYa,ANDAMIRO,S,7,Arcade,124,,Doublesteps; Jumps; Twists,,Overrated,0
f38e454b-d0a6-4394-9cc3-a172848dde12,Obelisque,ESTi x M2U,MINAMI,S,7,Arcade,130,,Drills; Side-3 Singles; Twists,,Overrated,0
d5382bca-c2a5-4512-9a99-7857ed2699f8,Obliteration,ATAS,AEVILUX,S,7,Arcade,150,433,Doublesteps; Jacks; Side-3 Singles,,Overrated,0
4952b15f-8d22-47d4-81c2-8fde4cdc7675,Overblow,MAX,BPM,S,7,Arcade,155,395,Bursty; Jacks; Runs Without Twists,,Overrated,0
b91ce9a8-809a-45cc-87e8-4605ea86c337,Perpetual,Qu-ail,WINDFORCE,S,7,Arcade,180,411,Bursty; Drills; Side-3 Singles,,Overrated,0
f29b32a8-5270-438d-9922-cb5ddbce1e15,Phantom,BanYa,HP,S,7,Arcade,140,343,Runs; Runs Without Twists; Twists,,Overrated,0
06c31d31-0510-4c20-820f-42eac9309f7a,Phantom -Intermezzo-,BanYa Production,HP,S,7,Arcade,140,,Bursty; Jumps; Twists,,Overrated,0
257db2c3-fa2a-4a51-a6ea-9eb133b9349a,Point Break,BanYa,SUNNY,D,7,Arcade,92,195,Bursty; Mid-4 Doubles; Mid-6 Doubles,,VeryEasy,0
63742661-4ad7-4816-93cb-47da36cce7c4,PRIME,TatshMusicCircle,NIMGO,S,7,Arcade,165,,Anchor Runs; Runs; Runs Without Twists,,Overrated,0
adc6ef02-80f8-427c-8e86-a2bafc216f27,PRIME2 Opening - SHORT CUT -,MAX,NIMGO,S,7,ShortCut,145,226,Anchor Runs; Runs; Runs Without Twists,,VeryEasy,0
354245a6-1518-42c9-9cb3-4d6134f046d9,Pull me up (Feat. Monya),Applesoda,SUNNY,S,7,Arcade,160,341,,,VeryEasy,0
e17b2e36-a0eb-48e0-bdf2-ee50afa1830f,Pumptris Quattro,Yahpp,BPM,S,7,Arcade,153,519,Drills; Side-3 Singles; Twists,,Overrated,0
54cce3b4-864b-41c1-959d-d67a6a4f6430,Pupa,Morimori Atsushi,DulKi,S,7,Arcade,202,,Jumps; Side-3 Singles; Sustained,,Medium,0
4b569efb-f35b-4210-b2dd-7a64b178702d,Queen of the Red,ETIA.,BANNIE,S,7,Arcade,188,,Bursty; Drills; Jacks,,Overrated,0
bea5bfcb-c594-4522-b7a8-22d8e413e768,Radetzky Can Can,BanYa,SUNNY,S,7,Arcade,197,306,Bursty; Drills; Jacks,,Overrated,0
7368f3bf-8a2b-4f89-bef6-1254a6d2215f,Rage of Fire,MAX,OSING,S,7,Arcade,155,402,Bursty; Side-3 Singles; Twists,,Overrated,0
81c477c2-4b92-483b-85a9-a9c0f5bdbb43,Rave'til the earth's end,5argon,NIMGO,S,7,Arcade,160,363,Anchor Runs; Drills; Twists,,Overrated,0
d3471cc4-f6bb-4a23-b4a5-582c79123e0e,Red Snow,Cashew,NIMGO,S,7,Arcade,170,286,Jacks; Runs Without Twists; Twists,,Overrated,0
d4fca4a4-ca1e-490b-8d26-e89d73c45dec,Red Swan,Yahpp,HP,S,7,Arcade,172,456,Doublesteps; Drills; Jumps,,Overrated,0
81b33b18-9df9-4198-ae99-c7e5b9f9b0c7,Reminiscence,MAX,BME,S,7,Arcade,155,445,Bursty; Runs; Runs Without Twists,,Overrated,0
c8fe541c-e88b-4d0e-894b-577a8fb54dac,Requiem,MAX,EXC,S,7,Arcade,160,419,Drills; Runs; Runs Without Twists,,Overrated,0
f15c174d-2969-4095-8182-9021337288c2,Sarabande,MAX,EXC,S,7,Arcade,157,473,Runs; Runs Without Twists; Twists,,Overrated,0
ef237b47-7759-425b-b2e9-04a38af1b87d,Silhouette Effect,Nato,HP,S,7,Arcade,167,555,Anchor Runs; Bursty; Doublesteps,,Overrated,0
4b0b4567-b485-4d07-92cd-e3c4e4b2c73c,Slam,Novasonic,ANDAMIRO,S,7,Arcade,131.99,251,Doublesteps; Jumps; Twists,,Overrated,0
ba971562-e348-4c18-8d42-ebeb1e2be39a,Slapstick Parfait,t+pazolite,SUNNY,S,7,Arcade,160,,Anchor Runs; Drills; Runs Without Twists,,Overrated,0
a456bd28-cc1b-433e-8bd6-89a86ec8e7af,Smile Diary,you,NIMGO,S,7,Arcade,175,,Jacks; Jumps; Twists,,Overrated,0
d2a3b551-b7f2-491f-b013-e33f82363b9c,Solitary 1.5,Yahpp,CH24,S,7,Arcade,136,325,Doublesteps; Jacks; Twists,,Overrated,0
b29f9231-b50c-4eeb-9691-c15e10d0c84d,STEP,SID-Sound,NIMGO,S,7,Arcade,156,,,,Overrated,0
629c679a-d78e-474c-b721-158c0e89d20d,Sugar Plum,Mr. Weq,SUNNY,S,7,Arcade,170,405,Anchor Runs; Runs; Runs Without Twists,,Overrated,0
8debd329-fab6-4905-b2a5-7b26f960ea56,Super Capriccio,SHK,EXC,S,7,Arcade,150,495,Anchor Runs; Drills; Side-3 Singles,,Overrated,0
fcee0d7d-5769-461b-971f-0d6d47eb99db,Super Fantasy,SHK,EXC,S,7,Arcade,145,476,Runs; Runs Without Twists; Sustained,,Hard,0
86d03a82-8103-4b2c-abf5-641c2a6c1a5a,Tantanmen,Memme,SUNNY,S,7,Arcade,185,423,Anchor Runs; Drills; Twists,,Overrated,0
d00f2ead-58a8-4f08-8007-932dd20b36a9,Tepris,Doin,ANDAMIRO,S,7,Arcade,144.9,390,Anchor Runs; Footswitches; Runs Without Twists,,Overrated,0
eca1e313-1361-40c9-a9f9-315938ca6428,The End of the World ft. Skizzo,MonstDeath feat. Skizzo,SUNNY,D,7,Arcade,150,182,Doublesteps; Jumps; Twists,,Medium,0
d9b11690-e60d-4b86-9d34-b0b0205e5785,"The People didn't know ""Pumping up""",BanYa Production,,D,7,Remix,134,291,Drills; Jacks; Twists,,Medium,0
5f0204a1-7042-4759-a13b-79d2c8ea110c,THE REVOLUTION,MAX & DOOM,CONRAD,S,7,Arcade,160,,Anchor Runs; Runs; Runs Without Twists,,Overrated,0
7ab9d488-5b14-4a13-a266-4e53397bd19b,Transacaglia in G-minor,ATAS,SUNNY,D,7,Arcade,158,246,Runs; Runs Without Twists; Twists,,Medium,0
f0bd418b-cf5e-483c-bca6-3a36fad932f2,Travel to Future,Neutral Moon,CONRAD,S,7,Arcade,160,387,Jacks; Runs; Runs Without Twists,,Overrated,0
ee15c32b-7ac2-4b42-9bfc-e08d7b1fa10f,Tropicanic,SHK,SUNNY,S,7,Arcade,145,428,Anchor Runs; Runs; Runs Without Twists,,Overrated,0
f93eb9ee-4682-4120-b894-4a7c0c2b9201,Turkey March,BanYa,ANDAMIRO,S,7,Arcade,150,334,Footswitches; Runs Without Twists; Twists,,Overrated,0
4cf16423-3fea-40d4-8442-30553c73b309,U Got 2 Know,MAX,HP,S,7,Arcade,127,376,Runs; Runs Without Twists; Twists,,Overrated,0
3b48385d-9956-406d-9519-0f35f881ba08,Ultimate Eyes,HyuN,SUNNY,S,7,Arcade,185,365,Jacks; Side-3 Singles; Sustained,,Overrated,0
95ffd9b6-9f62-4c22-befe-870b92929fcc,Unfelicitas,Fiverwater,SUNNY,S,7,Arcade,192,364,,,VeryEasy,0
1af0d33d-3f81-45fa-b4d4-fa7160a133e0,Utopia,Smiley,BPM,S,7,Arcade,166,,Anchor Runs; Bursty; Jacks,,Overrated,0
29409bfc-a59d-424f-a261-535a689e3b1b,Utsushiyo No Kaze feat. Kana,void feat. Kana,EXC,S,7,Arcade,152,472,Footswitches; Jacks; Side-3 Singles,,Overrated,0
f1c27620-0788-4072-918d-0c4202f3887b,Vook,BanYa,HP,S,7,Arcade,184,317,Anchor Runs; Runs; Runs Without Twists,,Overrated,0
9ab49c83-1d39-41e5-8707-681102738fe9,We Got 2 Know,MAX,ANDAMIRO,D,7,Arcade,128,172,Bursty; Doublesteps; Twists,,Easy,0
959326cb-11d7-4fea-9ac1-859b6b57cbb6,What Happened,Throwdown,HP,S,7,Arcade,130,,Anchor Runs; Doublesteps; Drills,,Overrated,0
58103174-cc28-44d4-b68e-807e864a57b2,wither garden,uma feat. Kanon Tachibana,CONRAD,S,7,Arcade,168,376,Doublesteps; Jacks; Jumps,,Overrated,0
f39c8ec7-4ad3-4b37-97f2-783f2df7b010,Xenesis,BanYa Production,ANDAMIRO,S,7,Arcade,152,327,Anchor Runs; Doublesteps; Jumps,,Overrated,0
24e80f5a-464c-4d36-96b4-dfc90d34b16b,Yeo rae a,SID-Sound,EXC,D,7,Arcade,90,283,Bursty; Mid-6 Doubles; Twists,,Hard,0
27640c86-eee5-4cd8-89ab-daa8b08784c7,Asterios -ReEntry-,ATAS,NIMGO,S,6,Arcade,148,274,Drills; Jacks; Side-3 Singles,,Overrated,6.94
a12e677a-eb46-4244-965c-bb1ceef98e9d,Altale,sakuzyo,FEFEMZ,D,6,Arcade,90,268,Jacks; Mid-4 Doubles; Mid-6 Doubles,,Medium,6.9
ed87a95b-8b5b-4613-80e6-91bfd4da2970,Beethoven Virus,BanYa,ANDAMIRO,S,6,Arcade,162,338,Anchor Runs; Bursty; Twists,,Underrated,6.83
9d16e147-ef3c-4232-8107-e595829124ef,BANG BANG,IVE (아이브),CONRAD,S,6,Arcade,152,265,Bursty; Footswitches; Jumps,,Easy,6.64
b9e1a1ac-3c38-4090-b098-c923e5f4e204,Feel My Happiness,3R2,ENVYtic,D,6,Arcade,175,209,Bursty; Drills; Runs,,Medium,6.54
487c6aa7-c753-4b70-9170-3e9e21f398c4,Yo! Say!! Fairy!!!,MYUKKE.,SUNNY,S,6,Arcade,150,273,Bursty; Jumps; Sustained,,Medium,6.24
65d881f8-1b03-4875-8b95-98d9e1a943a1,Keep On!,AmamoriP,OSING,S,6,Arcade,185,354,Anchor Runs; Runs Without Twists; Side-3 Singles,,Medium,6.17
48a884c0-8e19-4e5c-8a23-274fabc8cb5f,T.B.H,QWER,NIMGO,S,6,Arcade,178,473,Bursty; Drills; Jacks,,Medium,6.13
7db0f942-2064-4671-ae0d-6dcb77114d3f,Another Truth,Novasonic,ANDAMIRO,S,6,Arcade,136,196,Side-3 Singles; Sustained; Twists,,Medium,5.99
bfb60993-4bfb-420b-9ecc-afda8154b141,Removable Disk0,Doin,ENVYtic,D,6,Arcade,130,182,Drills; Jacks; Jumps,,VeryHard,5.46
314291b7-d7d9-4a7a-8bd9-654d2d5cdc16,Tropicanic,SHK,SUNNY,D,6,Arcade,145,200,Bursty; Runs; Runs Without Twists,,Medium,5.42
9cf610a4-a2de-47cc-bd3c-3c941546bb4a,Death Moon,SHK,NIMGO,S,6,Arcade,160,370,Anchor Runs; Drills; Twists,,VeryEasy,5.4
729354f5-c26f-48b6-90ee-4277a3358254,%X (Percent X),Pory,AEVILUX,S,6,Arcade,150,,Doublesteps; Drills; Twists,,Overrated,0
cb437a3d-3c77-40f5-bf9c-e8f62c08214b,A nightmare,BanYa,ANDAMIRO,S,6,Arcade,120,200,Footswitches; Jacks; Twists,,Overrated,0
7b558ee8-ade7-4bf0-99f0-3163eb82cd8f,Allegro Furioso,DM Ashura,EXC,S,6,Arcade,176,,Anchor Runs; Jacks; Twists,,Medium,0
5761460b-cd9e-4e0f-970f-c3c605f0da50,Allegro Più Mosso,DM Ashura,HP,S,6,Arcade,160,,Doublesteps; Jumps; Sustained,,Overrated,0
2507c182-be15-47e7-931d-2f792cc5533a,Altale,sakuzyo,FEFEMZ,S,6,Arcade,90,345,Drills; Side-3 Singles; Twists,,Easy,0
46d52094-ed6f-4b11-8988-01c74d5bcc6d,Amai Yuuwaku Dangerous,Bakusute Sotokanda Icchome,BANNIE,D,6,Arcade,125,269,Mid-4 Doubles; Runs; Twists,,Easy,0
ffaadb30-0ec3-494d-8b99-bade29969631,Amai Yuuwaku Dangerous,Bakusute Sotokanda Icchome,BANNIE,S,6,Arcade,125,333,Jumps; Side-3 Singles; Sustained,,Overrated,0
9cb4acec-00fe-441e-ba9d-8fea42c43cd1,An Interesting View,BanYa,ANDAMIRO,S,6,Arcade,160,200,Bursty; Drills; Runs Without Twists,,Overrated,0
36965647-e460-4d65-b7b4-e700ba4a459a,BANYA HIPHOP REMIX,BanYa,ANDAMIRO,S,6,Remix,99,259,Doublesteps; Footswitches; Jumps,,Overrated,0
091c7f37-be0b-46c8-929d-043211c94873,Beat of The War,BanYa,ANDAMIRO,S,6,Arcade,140 ~ 140,200,Doublesteps; Footswitches; Twists,,Overrated,0
f5c4e1ea-6ab7-43f8-9078-4aeebd2cea2d,Betrayer -act.2-,msgoon,ANDAMIRO,S,6,Arcade,92,318,Anchor Runs; Side-3 Singles; Twists,,Overrated,0
67dc97a2-b10a-4761-b62d-ade41a6845ab,Blaze Emotion,Yahpp,HP,S,6,Arcade,170,386,Runs; Runs Without Twists; Sustained,,Overrated,0
d82e0149-05cf-4f3e-adf8-1b627abe7c36,Bluish Rose,WyvernP,SUNNY,D,6,Arcade,130,178,Drills; Runs; Twists,,Medium,0
98220c82-b198-4141-bbc5-df8d33611d51,Butterfly,MAX & Rorychesell (SID-SOUND),ANDAMIRO,S,6,Arcade,128,280,Anchor Runs; Runs; Runs Without Twists,,Overrated,0
0e2195dd-5261-4682-adb3-fa2fa375491f,CALL ME BACK,TNX,SUNNY,D,6,Arcade,128,214,Doublesteps; Jumps; Mid-6 Doubles,,Easy,0
479a8b4c-689b-4069-8e89-2353888b42aa,Campanella,Cashew,EXC,S,6,Arcade,140,262,Doublesteps; Jacks; Jumps,,Medium,0
72501747-02f8-4c86-b570-74c57c01e9eb,Caprice of Otada,BanYa Production,BPM,S,6,Arcade,160,462,Anchor Runs; Bursty; Twists,,Overrated,0
2e7997c8-bbb6-4526-9ef2-e3dcf2bd2b2e,Chicken Wing,BanYa,HP,S,6,Arcade,200,367,Bursty; Runs; Runs Without Twists,,Overrated,0
c2dd7f1e-ed3a-4ab9-81b1-77cd7a912621,Chopsticks Challenge,Yahpp,EHNE,S,6,Arcade,128,250,Jacks; Runs Without Twists; Side-3 Singles,,Overrated,0
cc6d7e45-eb1f-4fb2-965e-bb4fe8bc9b08,Close Your Eye,BanYa,ANDAMIRO,S,6,Arcade,105,201,Anchor Runs; Footswitches; Twists,,Overrated,0
070e06ea-6c9a-4c2e-b1a3-4276fb29de41,Come to Me,BanYa,ANDAMIRO,S,6,Arcade,100 ~ 100,201,,,Overrated,0
9f461d0e-8846-4945-ac9c-83b97770a44e,Conflict,Siromaru + Cranky,EXC,S,6,Arcade,160,483,Jacks; Jumps; Side-3 Singles,,Medium,0
9e8aedb4-74b5-4818-a64b-5a4944923562,Cosmical Rhythm,SID-Sound,AYAPPING,S,6,Arcade,128,,Jacks; Runs Without Twists; Sustained,,Overrated,0
7659a265-25ca-4229-bd22-ceb360ecabfe,D Gang,BanYa,ANDAMIRO,S,6,Arcade,150,251,Bursty; Runs; Runs Without Twists,,Overrated,0
4c9a5365-2b6a-43fa-bea3-cfd0d466b6a2,Dance with me,BanYa,HP,S,6,Arcade,122,250,Bursty; Doublesteps; Jumps,,Overrated,0
2b699ebf-05ac-4d95-ae99-d48e637cd13c,Dignity,Crash,ANDAMIRO,S,6,Arcade,195,294,5-Stairs; Runs; Runs Without Twists,,Medium,0
db897623-9724-4cb6-82ec-da01791177f6,District 1,MAX,SUNNY,S,6,Arcade,158,365,Bursty; Jacks; Runs Without Twists,,Overrated,0
5d3e127b-7c05-4501-9620-ab24dc346de9,"Dizzy Dance, Street Light",WyvernP,NIMGO,S,6,Arcade,128,370,,,VeryEasy,0
6010b957-9d7f-47af-9cf8-7d711ca5113b,Do U Know That-Old School,BanYa Production,Overdeath,S,6,Arcade,120,200,Footswitches; Side-3 Singles; Twists,,Overrated,0
570063cc-cf5e-4c3a-879e-8bfe8b504b39,Dolly Kiss,SID-Sound,ENVYtic,D,6,Arcade,149,227,Doublesteps; Jumps; Twists,,Easy,0
9e367cff-0776-40f9-97d2-a5a6935ff671,Dolly Kiss,SID-Sound,ENVYtic,S,6,Arcade,149,348,Bursty; Drills; Twists,,Easy,0
ab1641b4-d035-4dbe-bc9c-356dd86faf1a,Dr. M,BanYa,EXC,S,6,Arcade,145,298,Bursty; Drills; Runs Without Twists,,Overrated,0
8b3c8c4c-ef29-43a5-a6f4-a9822f6fbd1d,Ercitite,Doin x neur6sia,FEFEMZ,S,6,Arcade,135,335,,,VeryEasy,0
d46a148d-52d7-4f2c-bc2d-1fbc13dc3f0c,Fallen Angel,DM Ashura ft. Ariel,KAHRUNYA,S,6,Arcade,157,,Anchor Runs; Doublesteps; Twists,,Overrated,0
9a0bf9a4-9f7b-491c-aba9-baa984252203,Fires of Destiny,Jehezukiel,BME,S,6,Arcade,155,,Bursty; Jacks; Runs Without Twists,,Overrated,0
0823d84b-bb2d-489a-911b-44b436caeabe,First Love,BanYa,ANDAMIRO,S,6,Arcade,104,203,Anchor Runs; Sustained; Twists,,Overrated,0
26200bd9-62a9-4c27-be20-65f089c92bcc,Follow Me,SHK,EXC,S,6,Arcade,155,326,Bursty; Drills; Jumps,,Medium,0
bf1f3b6f-3cf9-4dbf-a9c3-eabffee2a691,Forgotten Vampire,WyvernP,SUNNY,S,6,Arcade,137,224,Bursty; Doublesteps; Sustained,,VeryEasy,0
47865878-3bcc-481c-be1a-2d11ba2ded98,Full Moon,Dreamcatcher,NIMGO,S,6,Arcade,190,342,Drills; Runs; Runs Without Twists,,Medium,0
84d1b9df-8b7c-40e5-a010-ebd6ab5987b0,Good Night,Dreamcatcher,NIMGO,S,6,Arcade,196,200,Doublesteps; Jumps; Twists,,VeryHard,0
95e696db-aed9-45c5-9c0d-37036f75bb1c,Good Night,Dreamcatcher,NIMGO,D,6,Arcade,196,164,Doublesteps; Jumps; Twists,,Medium,0
d283eb44-c4cc-48c2-a2d5-f1a27c0eb671,Harmagedon,HyuN vs lixound,SUNNY,S,6,Arcade,194,,Bursty; Doublesteps; Runs Without Twists,,Overrated,0
22026fb3-7583-4102-9da0-b9b6dd88faee,Headless Chicken,r300k,AEVILUX,S,6,Arcade,90.5,222,Doublesteps; Side-3 Singles; Sustained,,Overrated,0
87a38dd3-5a03-48de-9911-898a53917948,Hello William,BanYa Production,ANDAMIRO,S,6,Arcade,170,301,Anchor Runs; Bursty; Jumps,,Overrated,0
9ce5ebfb-816b-4ef6-834f-7d560efb1f10,Higgledy Piggledy,BanYa Production,Rune,S,6,Arcade,150,385,Bursty; Doublesteps; Jumps,,Overrated,0
7f6da5cd-581c-4025-b2f1-0869d2105c24,Houseplan,Houseplan,SUNNY,S,6,Arcade,128,228,Jumps; Runs Without Twists; Sustained,,Overrated,0
f3d5b9c9-38bf-4d3e-8d4f-ae286bfc5ab6,Hungarian Dance V,BanYa Production,ANDAMIRO,S,6,Arcade,145,240,Bursty; Jacks; Runs Without Twists,,Overrated,0
fb37137c-3690-4b7f-9472-e9a3e969e73b,Hypercube,MAX,NIMGO,S,6,Arcade,145,,Bursty; Drills; Twists,,Overrated,0
fbb82ba9-8c97-4ad4-a063-0c5ff6126fd6,I Want U,MAX,SUNNY,D,6,Arcade,156,259,Doublesteps; Jumps; Mid-6 Doubles,,Medium,0
d7cfbf05-379c-4638-8242-78fb46d7efa2,Jonathan's Dream,MAX & Seorryang (SID-SOUND),SUNNY,S,6,Arcade,140,313,Bursty; Runs; Runs Without Twists,,Overrated,0
c6dd86a3-0ea4-4d36-8732-952723fece89,Kitty Cat,Coconut,SUNNY,D,6,Arcade,128,203,Runs; Runs Without Twists; Sustained,,Medium,0
601044cf-ec4e-4127-bba2-1bf5815776be,Lacrimosa,Fiverwater,SUNNY,S,6,Arcade,210,333,Bursty; Doublesteps; Jumps,,Overrated,0
d07f33e1-e8c8-449c-828e-b3b014fa64d1,Like Me,SHK,EXC,S,6,Arcade,155,373,Anchor Runs; Bursty; Side-3 Singles,,Overrated,0
809167fc-3ed7-4675-9ca7-3558547fc2ee,Magical Vacation,SID-Sound,HUGE,S,6,Arcade,154,326,Drills; Side-3 Singles; Twists,,Overrated,0
c1cd540a-8966-4e5d-8605-784a820218b3,Milky Way Galaxy,3R2,ENVYtic,S,6,Arcade,175,332,Bursty; Jacks; Side-3 Singles,,Overrated,0
a547291c-08b4-4501-a280-ace1fd173aa9,Moment Day,MAX,NIMGO,S,6,Arcade,155,,Bursty; Runs; Runs Without Twists,,Overrated,0
51fb0a99-fa52-47d1-85fd-ff7b469ff693,Monkey Fingers,BanYa,ANDAMIRO,S,6,Arcade,186,260,Anchor Runs; Jacks; Side-3 Singles,,Overrated,0
6394ebd6-7e2f-430e-b0ef-be71d7aa3d54,My Way,BanYa,ANDAMIRO,S,6,Arcade,118,201,Bursty; Doublesteps; Twists,,Overrated,0
d1bb02da-41bb-46e4-9471-620f06837e51,Night Duty,A.V.,SUNNY,S,6,Arcade,140,222,Drills; Runs; Runs Without Twists,,Overrated,0
9af49d16-6913-44f0-a294-e1d00e4b3bf3,Papa Gonzales,BanYa,ANDAMIRO,S,6,Arcade,145,269,Anchor Runs; Bursty; Twists,,Overrated,0
01482504-a367-40ba-9a08-c01204a977b9,Pavane,Doin & V.A.,HP,S,6,Arcade,160,455,Runs Without Twists; Side-3 Singles; Sustained,,Medium,0
398e7feb-3e16-47c1-9a4a-0ca4f6f335da,Point Break,BanYa,ANDAMIRO,S,6,Arcade,92,200,Doublesteps; Footswitches; Twists,,Overrated,0
8bad7570-3e64-4b1e-96b3-3b7f96860e22,Poseidon,Quree,SUNNY,S,6,Arcade,160,,Doublesteps; Drills; Jumps,,Overrated,0
a07fa9f5-9175-4318-9ba0-2b4751dd1d9e,Pump me Amadeus,BanYa,ANDAMIRO,S,6,Arcade,170,237,Runs; Sustained; Twists,,Overrated,0
69e9622a-b428-4ac6-b6c9-64f58cd10a6b,Pumping Jumping,BanYa Production,ANDAMIRO,S,6,Arcade,116,228,Doublesteps; Jumps; Twists,,Overrated,0
0afcd964-f6fc-4e1c-9260-54bc284243d3,Reality,SHK,ANDAMIRO,S,6,Arcade,135,268,Bursty; Doublesteps; Runs Without Twists,,Easy,0
0c9b6130-23a5-43e0-8796-51d2e7daec28,Reality,SHK,ANDAMIRO,D,6,Arcade,135,186,Bursty; Runs; Runs Without Twists,,VeryHard,0
c4aebcb0-9e50-4ae6-9faa-0ed5d1042ef6,Removable Disk0,Doin,ENVYtic,S,6,Arcade,130,,Jumps; Runs; Runs Without Twists,,Overrated,0
c714660d-c127-4340-8ba8-93f79f240ed6,Repentance,Abel,WINDFORCE,S,6,Arcade,240,,Bursty; Runs; Runs Without Twists,,Overrated,0
e6c016ca-4288-40d2-8680-d43d0cc9fd45,Rising Star,M2U,CONRAD,S,6,Arcade,140,409,Bursty; Drills; Runs Without Twists,,Underrated,0
fa458b2c-c5ce-4069-95b5-6422d6adcc12,Selfishness,SID-Sound,HP,S,6,Arcade,160,,Bursty; Doublesteps; Jumps,,Overrated,0
2845842e-5ee1-48c4-b42e-1a2044513cfd,Set me up,BanYa,HP,S,6,Arcade,120,251,Bursty; Doublesteps; Jumps,,Overrated,0
468a5fe3-fba5-479a-a3a8-0180967beabf,Showdown,litmus*,CONRAD,S,6,Arcade,130,,Bursty; Jacks; Runs Without Twists,,Overrated,0
1f31e9f4-b539-4933-a7f6-7777a5206fbf,Smells Like A Chocolate,Vospi,HP,S,6,Arcade,175.9,385,Anchor Runs; Bursty; Drills,,Overrated,0
88112172-9b5a-438e-a2e7-48cce48ff6ac,Soldiers (TANO*C W TEAM RED ANTHEM),DJ Noriken,SUNNY,S,6,Arcade,170,269,Doublesteps; Jacks; Sustained,,Overrated,0
c0912f10-40fd-468e-827e-08c93e1cae29,Solitary,BanYa,ANDAMIRO,S,6,Arcade,136,248,Anchor Runs; Footswitches; Twists,,Overrated,0
75d99004-9fb7-49ce-9934-8c7837f16943,Sorceress Elise,YAHPP,,S,6,Arcade,158,494,Anchor Runs; Bursty; Twists,,Overrated,0
8927bc5c-fabf-4b71-b661-4bfa72c91fcb,Stardream (feat. Romelon),Cashew & Rorychesell (SID-SOUND),BME,S,6,Arcade,160,,Bursty; Doublesteps; Runs Without Twists,,Overrated,0
d3cfc17f-ee1b-4c01-a152-70e5d1c450bd,Storm,KOYOTE,CONRAD,S,6,Arcade,139,231,Bursty; Runs Without Twists; Sustained,,VeryEasy,0
be1c0bda-40b6-4455-8db1-c0b9356985c3,Sudden Romance [PIU Edit],void,NIMGO,S,6,Arcade,152,294,Doublesteps; Jumps; Twists,,Overrated,0
a559928d-1381-4dcf-9496-86b85a727efd,Sugar Conspiracy Theory,MAX,ENVYtic,S,6,Arcade,170,396,Footswitches; Jumps; Side-3 Singles,,VeryEasy,0
838354bf-fdc9-4a9b-898e-9c00b8dcdcf5,Super Stylin',Warak,AYAPPING,S,6,Arcade,146,317,Anchor Runs; Side-3 Singles; Twists,,Overrated,0
6f5b5a1e-9d2a-4812-a616-e160455da6de,Switronic - SHORT CUT -,SHK,SUNNY,S,6,ShortCut,120,256,Doublesteps; Jumps; Runs Without Twists,,Overrated,0
8efc19b5-0f6a-4b7b-9d73-e54c7ad3f502,The Devil,BanYa Production,BPM,S,6,Arcade,130 ~ 130,340,Anchor Runs; Bursty; Runs Without Twists,,Easy,0
1d01c235-e32b-4f6c-b1cf-e838c13745ba,The Stranger,ONF (온앤오프),CONRAD,S,6,Arcade,116,287,Anchor Runs; Doublesteps; Jumps,,Medium,0
a48a51f4-edf1-4247-8535-b9ec649ed081,Top City,BanYa,ANDAMIRO,S,6,Arcade,110.8,200,Anchor Runs; Drills; Twists,,Overrated,0
e2d3a9a3-4951-492d-8352-dec2117a9d72,Transacaglia in G-minor,ATAS,SUNNY,S,6,Arcade,158,,Bursty; Doublesteps; Jacks,,Overrated,0
c7794652-c36a-4903-8b2f-84468e3f7910,Turkey March -Minimal Tunes-,BanYa Production,ANDAMIRO,S,6,Arcade,130,371,Anchor Runs; Runs; Runs Without Twists,,Overrated,0
fe0927d5-e590-4e05-94f6-639f0deaa40e,Twist of Fate (feat. Ruriling),Jehezukiel feat. Ruriling,BME,S,6,Arcade,141,,Bursty; Doublesteps; Jumps,,Overrated,0
59e8033a-da35-48e2-ac5c-c95fb0688b0e,U Got Me Rocking,MAX,HP,D,6,Arcade,128,233,Bursty; Jacks; Twists,,Easy,0
85c7c1d4-a189-4203-b21f-f2aca2c4ec99,U Got Me Rocking,MAX,HP,S,6,Arcade,128,355,Jacks; Runs; Runs Without Twists,,Overrated,0
4baf84ac-2148-4977-80ea-0c216890daea,Unique,SHK,HP,S,6,Arcade,145,474,Drills; Runs; Runs Without Twists,,Overrated,0
e6baf44b-bb5f-4f24-a972-bc5ad83014d8,V3,Beautiful Day,NIMGO,S,6,Arcade,160,248,Bursty; Runs; Runs Without Twists,,Overrated,0
9b1875ff-aa3a-41f3-b401-62ff7a645992,VANISH,Applesoda,OSING,S,6,Arcade,174,327,Bursty; Jacks; Side-3 Singles,,VeryEasy,0
3088b7bf-896b-402d-8e3a-a44ef82348f8,Violet Perfume,SHK,BANNIE,S,6,Arcade,145,398,Bursty; Runs; Runs Without Twists,,Medium,0
632b5980-c34b-46f8-bc7a-6f0628f08d7c,Wedding Crashers,SHK,SUNNY,S,6,Arcade,165,,Doublesteps; Jumps; Sustained,,Easy,0
51970254-f58f-4353-96a8-1f612e1b24bc,Wedding Crashers - SHORT CUT -,SHK,SUNNY,D,6,ShortCut,165,229,Runs; Runs Without Twists; Twists,,Easy,0
dbbf7bf7-c9b9-4a80-8013-d078fd13f2de,Will-O-The-Wisp,BanYa,ANDAMIRO,S,6,Arcade,210,176,Bursty; Jumps; Twists,,Overrated,0
65ec67ba-4a63-40ef-9604-8b8e6822c0b7,Winter - SHORT CUT -,BanYa,BPM,S,6,ShortCut,168,418,Bursty; Runs; Runs Without Twists,,Overrated,0
61474a4d-4855-4d2a-a856-4307a2c2b9db,Witch Doctor,BanYa,HP,S,6,Arcade,195,201,Runs; Runs Without Twists; Twists,,Overrated,0
0a13e8db-39d9-47c1-a400-79fbefb1bb21,Witch Doctor #1,Yahpp,HP,S,6,Arcade,122,151,Jacks; Runs; Twists,,Overrated,0
e5ad4e63-3d31-4f07-a48d-89ea42830519,X-Rave,DM Ashura,ANDAMIRO,S,6,Arcade,147,290,Anchor Runs; Jacks; Twists,,Overrated,0
e265ad59-8141-4e58-88ed-b4ecdb8d063d,Xuxa,Smiley,ANDAMIRO,S,6,Arcade,160,222,Bursty; Drills; Twists,,Overrated,0
f066c4ba-531e-4520-8108-83bfab53f0f3,XX OPENING - SHORT CUT -,MAX,,S,6,ShortCut,175,325,Bursty; Doublesteps; Jumps,,Overrated,0
2c19173b-8baa-44e0-9104-c45cd1f47119,Yoropiku Pikuyoro !,Bakusute Sotokanda Icchome,EXC,D,6,Arcade,198,228,Bursty; Mid-4 Doubles; Twists,,Easy,0
342401f1-0774-4295-af01-57f6dd880578,You again my love,CYO Style & Henohenomoheji,AYAPPING,D,6,Arcade,137,261,Anchor Runs; Drills; Sustained,,Underrated,0
88ac2e14-42f2-40fc-a0b6-6fe9d8671627,You again my love,CYO Style & Henohenomoheji,AYAPPING,S,6,Arcade,137,,Anchor Runs; Drills; Jacks,,Overrated,0
d160386d-85c9-4f66-92bb-ae79c1dca55d,You Got Me Crazy,MAX,NIMGO,S,6,Arcade,128,,Bursty; Doublesteps; Side-3 Singles,,Overrated,0
b0cf4c33-0bbe-429a-a8ee-acff541ddb6e,PRIME Opening - SHORT CUT -,MAX,EXC,CoOp,5,ShortCut,128,8885,,Overrated,,14.97
f07aef6c-39a1-4154-b5ef-e392d8459f66,Monolith,Affinity,HP,S,5,Arcade,196,231,Runs; Runs Without Twists; Sustained,,Easy,5.7
ad6db972-24dc-4f4c-b505-cbc1c96ff180,Stardust Overdrive,typeMARS,CONRAD,D,5,Arcade,175,174,Cross-pad Transitions; Runs; Twists,,Medium,5.5
d320b791-ae41-4086-b3a7-12a5dfecf8f3,Mr. Larpus,BanYa,Kwon Oh-Seok,S,5,Arcade,190,220,5-Stairs; Footswitches; Twists,,Easy,4.48
66b8e48a-1aeb-49b3-b7f9-1c9eff8b2bb1,Bad Apple!! feat. Nomico,Masayoshi Minoshima feat. Nomico,NIMGO,S,5,Arcade,138,305,Jumps; Runs Without Twists; Sustained,,Easy,4.38
8039196d-14bc-48fb-a9a5-bb3199355b5e,Adrenaline Blaster,QWertism & Quree & WyvernP,FEFEMZ,S,5,Arcade,150,211,Bursty; Runs; Runs Without Twists,,VeryEasy,4.33
9ba7281f-b5c7-4f15-a1a9-49e27e732504,404 (New Era),KiiiKiii (키키),NIMGO,S,5,Arcade,127,293,Bursty; Doublesteps; Side-3 Singles,,VeryEasy,0
ce89c39b-2d55-47f0-917f-2c574d1e0e37,Airplane,TYPHOON,NIMGO,S,5,Arcade,120,262,Footswitches; Jacks; Side-3 Singles,,VeryEasy,0
cb03d5e9-a067-4c23-9189-81d5f32c80bc,ALiVE,REDALiCE,SPHAM,S,5,Arcade,170,245,Bursty; Drills; Side-3 Singles,,Easy,0
0ab7ca67-e052-4bac-a527-8cf55758efd2,All I Want For X-mas,BanYa,ANDAMIRO,S,5,Arcade,130,200,Drills; Jumps; Side-3 Singles,,Overrated,0
be1059cb-c4a0-44d0-8f76-83a97f5d7aaa,Allegro Con Fuoco,DM Ashura,ANDAMIRO,S,5,Arcade,156,279,Bursty; Jumps; Twists,,Medium,0
ba5b4469-74ee-4c98-98ca-9b3fcab61499,Anguished Unmaking,void,NIMGO,S,5,Arcade,170,221,Drills; Runs; Runs Without Twists,,VeryEasy,0
f2f61106-89b6-49b3-b021-8450b166d683,Arch of Darkness,Yahpp,HP,S,5,Arcade,135.9,275,Bursty; Doublesteps; Jumps,,Overrated,0
ce2a5f1c-8805-4e6f-8908-191b00d80bd8,Baroque Virus,Zircon,BPM,S,5,Arcade,135,332,Anchor Runs; Sustained; Twists,,Easy,0
b498836d-e346-4544-8560-5eec3e1a24a8,Beat of The War 2,BanYa,ANDAMIRO,S,5,Arcade,120 ~ 120,340,Drills; Footswitches; Side-3 Singles,,Medium,0
cf77e789-3c95-4aa3-a02b-27699e89728c,Betrayer,BanYa,ANDAMIRO,S,5,Arcade,92,179,Bursty; Footswitches; Twists,,Easy,0
504a3d66-6342-4995-afb1-d84efac9ea56,Binary star,SYNTHWULF,NIMGO,S,5,Arcade,170,237,Runs; Runs Without Twists; Sustained,,Easy,0
064bcba6-28ae-49ff-a7fb-71db50e7c8f5,Blaze emotion (Band version),Yahpp,ENVYtic,D,5,Arcade,170,240,Anchor Runs; Drills; Runs Without Twists,,Hard,0
227a6437-4a31-4ba6-8046-1bfad23753c0,Bluish Rose,WyvernP,SUNNY,S,5,Arcade,130,170,Doublesteps; Jumps; Side-3 Singles,,VeryEasy,0
58555974-74d6-4448-bc6b-e45aa04d2a02,BRAIN POWER,NOMA,SUNNY,S,5,Arcade,170 ~ 170,222,Anchor Runs; Bursty; Runs Without Twists,,Easy,0
b2165bab-734a-428a-ad2e-1ede904e1d9a,Break it Down,MAZO,NIMGO,D,5,Arcade,176,139,Jacks; Jumps; Twists,,Medium,0
bc984aeb-2407-4f9b-b685-8bdb5125a6a9,Bullfighter's Song,BanYa Production,AHGOO,S,5,Arcade,168,190,Bursty; Doublesteps; Side-3 Singles,,Overrated,0
d1459671-d4a9-4cfc-a05a-696a8a1689d1,CALL ME BACK,TNX,SUNNY,S,5,Arcade,128,206,Doublesteps; Jumps; Side-3 Singles,,Easy,0
90a60099-5063-4f5a-a147-e5062c1d5ac5,Chase Me,Dreamcatcher,NIMGO,S,5,Arcade,200,248,Runs; Runs Without Twists; Twists,,Easy,0
42f200f2-b295-4a23-86e5-a87d96b34336,Christmas Memories,Warak,CONRAD,S,5,Arcade,170,300,Bursty; Jacks; Runs Without Twists,,Medium,0
73ff18a2-1b71-4791-83f7-719e81ce5a72,D Gang,BanYa,ANDAMIRO,S,5,Arcade,150,190,Bursty; Drills; Twists,,Overrated,0
a81f827b-6b54-40fe-8fcc-860686264d8f,Demon of Laplace,Quree,NIMGO,S,5,Arcade,144,216,Runs; Runs Without Twists; Sustained,,VeryEasy,0
cdcfbd7b-8f1c-40e8-80e9-80b2f4e1dd1c,DIE ANOTHER DAY,TNX,NIMGO,S,5,Arcade,98,216,Doublesteps; Drills; Jumps,,Easy,0
cc7ac670-4df1-43d1-8010-9895533a0e9b,Do the Dance,ILLIT (아일릿),CONRAD,S,5,Arcade,130,203,Jacks; Jumps; Sustained,,Easy,0
c9b9cc6c-8add-4d03-865a-55fe04e1398b,Euphorianic,SHK,CONRAD,S,5,Arcade,140,258,Runs; Runs Without Twists; Sustained,,Easy,0
56583527-96b7-4451-a8f0-ec6870049c3c,Festival of Death Moon,SHK,AEVILUX,S,5,Arcade,204,250,Anchor Runs; Doublesteps; Side-3 Singles,,Overrated,0
10e626df-26a4-40fa-872b-aebafafe5eb7,Final Audition 3,BanYa,HP,S,5,Arcade,130.5,234,Jumps; Runs Without Twists; Sustained,,Overrated,0
7c542157-095e-45b6-b598-4086c1b7c0b1,Final Audition Ep. 2-X,Yahpp,HP,S,5,Arcade,170,296,Bursty; Doublesteps; Jumps,,VeryEasy,0
a6336418-9dd7-46e7-b0b1-6a108cd932c5,Fly High,Dreamcatcher,BME,S,5,Arcade,154,255,Drills; Side-3 Singles; Twists,,Medium,0
a2e16aa1-0905-4ea0-aea2-a1ee81e9fe43,Forgotten Vampire,WyvernP,SUNNY,D,5,Arcade,137,111,Doublesteps; Drills; Twists,,Medium,0
bc80f765-7517-46bd-a9cd-383102257538,Free Style,BanYa,SUNNY,S,5,Arcade,99,144,Bursty; Doublesteps; Jumps,,Overrated,0
67b7fb61-5851-49ca-8bf3-289a3e9794cc,Get Up,BanYa,ANDAMIRO,S,5,Arcade,180,220,Anchor Runs; Bursty; Footswitches,,Overrated,0
7d279e81-00bc-49f7-87eb-36f81b2182e9,Gun Rock,BanYa Production,JKD,S,5,Arcade,104,161,Doublesteps; Jumps; Sustained,,Overrated,0
a894b445-761e-4987-b0e5-069aa94eb0f3,HELIX,ESTi,MINAMI,S,5,Arcade,175,272,Anchor Runs; Bursty; Side-3 Singles,,Easy,0
cc9896b3-82f8-4c54-aaf6-44833f1c7706,Hey U,MAZO,NIMGO,S,5,Arcade,162,193,Doublesteps; Jumps; Twists,,Overrated,0
14b47639-c705-4ecb-8308-3b2ce164ccac,Hi Bi,BanYa,HP,S,5,Arcade,145,341,Anchor Runs; Bursty; Jumps,,Overrated,0
d2baf6a3-fd52-4f52-9493-6e290b852d31,HUSH,Yassi Pressman & Nadine Lustre,NIMGO,S,5,Arcade,81.5,244,Anchor Runs; Drills; Twists,,Easy,0
d6a73bea-f49f-4205-9689-9bc3ea1dc9fe,Hyacinth,Yahpp,SUNNY,S,5,Arcade,193,280,Bursty; Jacks; Runs Without Twists,,VeryEasy,0
66b1e5fd-bd89-4c45-8bc5-d466e44ad2e2,J Bong,BanYa,ANDAMIRO,S,5,Arcade,140,209,Bursty; Doublesteps; Jumps,,VeryEasy,0
be6a04d6-f776-4075-bcc8-ee53e851f042,Jogging,LUCY,NIMGO,S,5,Arcade,138,238,Runs; Sustained; Twists,,VeryEasy,0
b1ab2b98-c37d-45ec-9099-48f7f75805e3,K.O.A : Alice In Wonderworld,BanYa Production,ANDAMIRO,S,5,Arcade,156,237,Bursty; Doublesteps; Jumps,,VeryEasy,0
0571e86d-5734-44b2-ae6d-28b30f1d42ad,Kill Them!,Archefluxx,NIMGO,S,5,Arcade,170,269,Bursty; Doublesteps; Jacks,,Easy,0
4688d175-4aad-4306-a0ae-9eecc39de6ee,Kitty Cat,Coconut,HP,S,5,Arcade,128,201,Drills; Side-3 Singles; Twists,,Easy,0
68ba1209-f927-462a-b860-d08fd286cda5,La Cinquantaine,Pory,NIMGO,S,5,Arcade,164,286,Bursty; Doublesteps; Side-3 Singles,,Overrated,0
10465aaf-77cf-4c2f-be7e-9690d32f84a9,Ladybug,Coconut,HP,S,5,Arcade,133,255,Anchor Runs; Bursty; Runs Without Twists,,Easy,0
67d7eb5e-c48e-4101-9297-be1f25b6d8db,Lala,Yassi Pressman,SUNNY,S,5,Arcade,126,191,Bursty; Jacks; Sustained,,Easy,0
7fa97d30-8c5b-41cb-a1f9-ad8124a70d34,Last Rebirth,SHK,BANNIE,S,5,Arcade,120,191,Drills; Runs Without Twists; Sustained,,Hard,0
762fe435-7036-42ad-b807-caa30381d16e,Log In,SHK,BPM,S,5,Arcade,140,276,Drills; Runs; Twists,,VeryEasy,0
3d88beaa-6c1f-4763-9914-a31abc8b20f4,Mad5cience,Paul Bazooka,ENVYtic,S,5,Arcade,130,259,Doublesteps; Jumps; Side-3 Singles,,Overrated,0
139e0bfb-928f-4c4d-ba3a-531599419cea,Meteorize,Paul Bazooka,ENVYtic,S,5,Arcade,136,279,Anchor Runs; Bursty; Jumps,,Overrated,0
bfc840c0-2327-48ff-b6c3-d15317be4fea,Mission Possible,BanYa,ANDAMIRO,S,5,Arcade,124,128,Anchor Runs; Doublesteps; Twists,,Overrated,0
57627de0-fe31-40d9-8cbf-43e96eea3a54,Move That Body!,DM Ashura feat. Skizzo & Hanna Stockzell,NIMGO,S,5,Arcade,145,232,Doublesteps; Jumps; Twists,,Overrated,0
16aa372b-641f-4f74-8a3c-385d802d1fc3,N,BanYa,ANDAMIRO,S,5,Arcade,106,180,Bursty; Doublesteps; Twists,,Overrated,0
0731e3d7-d2af-4caf-9f19-e111c150f9a2,Naissance,BanYa,HP,S,5,Arcade,136,200,Doublesteps; Footswitches; Twists,,Overrated,0
7dd953ff-2b03-4bce-80c1-94191d98c862,Native,SHK,HP,S,5,Arcade,135,254,Doublesteps; Jumps; Twists,,Overrated,0
01e4bee0-82c7-4dcd-9ee9-8f0004613e52,Nostalgia,Woody,CONRAD,S,5,Arcade,100,190,Doublesteps; Jacks; Sustained,,Medium,0
1c8cff67-6f5f-45db-81b4-d4715e1718c6,Overblow2,MAX,NIMGO,S,5,Arcade,155,254,Doublesteps; Jacks; Jumps,,VeryEasy,0
110c4c75-3edb-427c-9ac3-7f4774e15c69,Pop Sequence,Hommarju,AEVILUX,S,5,Arcade,110,250,Anchor Runs; Doublesteps; Jumps,,Easy,0
78de135e-54f5-456f-8205-e4fe5e52dc79,Pump Jump,BanYa,ANDAMIRO,S,5,Arcade,106,160,Drills; Footswitches; Twists,,Overrated,0
ce15b500-92b6-4fb0-9112-1328a19b941b,Pumping Up,BanYa,ANDAMIRO,S,5,Arcade,135,170,Jumps; Side-3 Singles; Twists,,Overrated,0
c09aa2e5-2dd4-45e1-9b7b-72c387de64c0,Pumptris 8Bit ver.,Yahpp,HP,S,5,Arcade,162,247,Bursty; Jacks; Jumps,,Overrated,0
50fd4bfa-930e-41eb-a134-56024652a773,Redline,Archefluxx,NIMGO,S,5,Arcade,170,236,Runs; Runs Without Twists; Side-3 Singles,,Easy,0
655b3a87-bf7e-4428-b1ad-837017a0c40f,Rolling Christmas,BanYa,ANDAMIRO,D,5,Arcade,142,232,Anchor Runs; Bursty; Mid-4 Doubles,,VeryEasy,0
f8183606-cace-49dd-9635-b6fe7c1e0a40,Rolling Christmas,BanYa,ANDAMIRO,S,5,Arcade,142,262,Bursty; Drills; Jumps,,Overrated,0
4eca80b1-4aff-4635-ae75-a5f4348ce564,Scorpion King,r300k,NIMGO,S,5,Arcade,113,217,Bursty; Doublesteps; Jumps,,VeryEasy,0
9cae8667-6bf8-47ca-816a-60e5ec80dca3,Slam,Novasonic,ANDAMIRO,S,5,Arcade,131.99,192,Doublesteps; Jumps; Twists,,Overrated,0
c0573609-4694-4d07-9a8d-a01509876a46,Star Command,Zircon,ANDAMIRO,S,5,Arcade,155,348,Doublesteps; Jumps; Twists,,Easy,0
271644c9-9eaa-4d16-a7a7-2dee3614a52c,SWEET WONDERLAND,MAX feat. ankimo,CONRAD,S,5,Arcade,170,280,Bursty; Drills; Jacks,,Easy,0
e11779c3-f821-4dc9-b74a-3c0611330dad,Switronic,SHK,CONRAD,S,5,Arcade,120 ~ 120,215,Runs; Runs Without Twists; Sustained,,Overrated,0
8faf8210-8d99-48ba-8e38-9c75f2dcc523,Tek -Club Copenhagen-,BanYa Production,BPM,S,5,Arcade,132,191,Bursty; Doublesteps; Jumps,,Overrated,0
9d5a70a8-4c59-4c0b-8ca8-9c8d45a91af5,The End of the World ft. Skizzo,MonstDeath feat. Skizzo,SUNNY,S,5,Arcade,150,146,Bursty; Doublesteps; Jumps,,VeryEasy,0
92c7736c-5f53-43a8-b469-be511ff10420,The People didn't know,BanYa Production,BPM,S,5,Arcade,134,218,Doublesteps; Drills; Jumps,,VeryEasy,0
42071003-7451-460f-9df8-5f8496bfe2cf,The Reverie,uma,CONRAD,S,5,Arcade,150,242,Bursty; Doublesteps; Jumps,,VeryEasy,0
19d23f4d-7e5b-4503-8981-9b8076b96f28,Tribe Attacker,Hi-G,ANDAMIRO,S,5,Arcade,150,243,Jacks; Jumps; Twists,,Overrated,0
c0883bdb-323d-4c7b-85e8-7702093e9d66,Ugly Dee,BanYa Production,HP,S,5,Arcade,92,169,Bursty; Doublesteps; Jumps,,Overrated,0
f5b499f0-1972-451b-9100-3f24479d7221,Up & Up (Produced by AWAL),Skizzo ProducedBy AWAL,WINDFORCE,S,5,Arcade,150,197,Drills; Runs; Runs Without Twists,,VeryEasy,0
a4d25343-b8f4-4002-a5e0-f4740c49b58d,Visual Dream II (In Fiction),Aragon,BANNIE,S,5,Arcade,175,322,Bursty; Runs; Runs Without Twists,,Medium,0
a07ac4e8-cf28-48ee-b917-42839189bdf5,We Got 2 Know,MAX,ANDAMIRO,S,5,Arcade,128,197,Bursty; Doublesteps; Twists,,VeryEasy,0
89a34b99-9309-40c4-8213-77806720f017,With My Lover,BanYa,ANDAMIRO,S,5,Arcade,124,141,Doublesteps; Jumps; Sustained,,Overrated,0
351076e9-8c92-46df-8119-296631e76991,X-Tream,BanYa,HP,S,5,Arcade,162,191,Anchor Runs; Drills; Runs Without Twists,,VeryEasy,0
4a8ed1ef-2a2c-4909-af2f-24ec9d5a8b6f,Yeo rae a,SID-Sound,EXC,S,5,Arcade,90,231,Bursty; Jumps; Sustained,,VeryEasy,0
8789875b-9fcb-4708-aa08-978da445f8af,Yoropiku Pikuyoro !,Bakusute Sotokanda Icchome,EXC,S,5,Arcade,198,351,Bursty; Doublesteps; Twists,,Medium,0
03656792-aa82-458d-9f3b-ee1542926e79,You Got Me Crazy,MAX,EXC,D,5,Arcade,128,279,Doublesteps; Drills; Jumps,,VeryEasy,0
50f804e9-78e6-4cbd-995b-666d904a42bb,Mental Rider,SQUAR,AEVILUX,CoOp,4,Arcade,120 ~ 120,2000,,Hard,,19.2
88d0ea18-d127-48fc-9f74-4c442386ae5e,Tribe Attacker,Hi-G,PITII,CoOp,4,Arcade,150,1433,,Hard,,19.2
fe64732c-f359-406e-b974-a7beb67dad3a,Bad Apple!! feat. Nomico - FULL SONG -,Masayoshi Minoshima feat. Nomico,NIMGO,CoOp,4,FullSong,138,1931,,Medium,,17.9
4fe4b573-b6fc-4219-9dac-6a82f72f9cc7,Heart Rabbit Coaster,Nato,AEVILUX,CoOp,4,Arcade,200,2000,,Medium,,17.9
38999ff2-879c-4e88-acaf-526e91689a7f,Appassionata,Cashew x D_AAN x Jehezukiel,EXC,CoOp,4,Arcade,160 ~ 160,5000,,Medium,,14.97
42cde875-1977-499f-92aa-f66740885ec2,Feel My Happiness,3R2,SUNNY,CoOp,4,Arcade,175,3000,,Overrated,,10.35
2cf0871d-ea9b-4e50-a2ec-dc677d50ce1c,Can I friend you on Bassbook? lol,Camellia & Nanahira,DulKi,S,4,Arcade,128,277,Drills; Footswitches; Side-3 Singles,,Hard,6.09
dd2ffeed-8130-435d-8da8-1600a2e447bc,SUPER☆HARAGURO☆POP,Zekk,refos,S,4,Arcade,160,385,Bursty; Doublesteps; Jacks,,Overrated,4.42
076cadb5-9b67-439b-8bf1-2d3e38578c63,Punishment Restaurant,memme,JUNARE,S,4,Arcade,175,265,Anchor Runs; Runs Without Twists; Side-3 Singles,,Overrated,4.4
4c7144a7-348c-4efc-90b6-4204d60caad3,Accident,MAX,BPM,S,4,Arcade,183,330,Doublesteps; Runs; Runs Without Twists,,Overrated,0
35fd3af1-6083-4c13-b91e-aa0419146bd9,After a thousand years,Toto,HP,S,4,Arcade,180,312,Bursty; Runs; Runs Without Twists,,Overrated,0
3dd123ff-f6cd-4850-a9ae-f39dc2ee327d,Allegro Più Mosso,DM Ashura,HP,S,4,Arcade,160,230,Bursty; Doublesteps; Jumps,,Overrated,0
7c1a9db5-bb77-4248-922d-cdf66a30b6fc,Amphitryon,Gentle Stick,SUNNY,S,4,Arcade,155,190,Bursty; Doublesteps; Jumps,,Overrated,0
cf7ddd51-378b-41ea-8b93-e1d594f4f2d5,Another Truth,Novasonic,ANDAMIRO,S,4,Arcade,136,171,Jumps; Side-3 Singles; Twists,,Easy,0
1f84bb22-79ab-4edb-b72f-b2cea37cd607,Arcana Force,mzet:-P,,S,4,Arcade,175,170,Anchor Runs; Drills; Twists,,Overrated,0
c2d59351-842a-4907-90e2-3584857688c9,Asterios -ReEntry-,ATAS,NIMGO,S,4,Arcade,148,160,Drills; Jacks; Side-3 Singles,,Overrated,0
93e14afc-5347-430b-996e-a01f9ce0e474,Athena's Shield,Jehezukiel,SUNNY,S,4,Arcade,176,236,Jacks; Runs; Runs Without Twists,,Overrated,0
0309714d-eabf-44bb-b254-66211da56afe,Avalanche,Memme,HP,S,4,Arcade,175,277,Bursty; Runs; Runs Without Twists,,Overrated,0
fca0f9e6-dc4a-4e0c-ac85-5f2523feb83b,B2,MAX,HP,S,4,Arcade,158,330,Anchor Runs; Runs; Runs Without Twists,,Overrated,0
e4f7c6c6-ab12-4600-ad26-5ba2de91b858,BANG BANG,IVE (아이브),CONRAD,S,4,Arcade,152,153,Bursty; Jacks; Side-3 Singles,,Overrated,0
af5d324d-1d94-4c3d-8688-ff7a41cfa9a4,Beat of The War 2,BanYa,HP,S,4,Arcade,120 ~ 120,128,Doublesteps; Drills; Jacks,,Overrated,0
1dcf103e-eb2d-4541-b83c-7c955b807a75,Beat The Ghost,BanYa Production,HIDDEN PARTS,S,4,Arcade,124,111,Doublesteps; Jumps; Twists,,Overrated,0
2eff0d38-25f8-42f1-9641-28d6ffd405eb,Beethoven Virus,BanYa,Kwon Oh-Seok,S,4,Arcade,162,168,Bursty; Jumps; Twists,,Overrated,0
77d2081f-f873-4a41-848d-2427a9e32e27,Betrayer -act.2-,msgoon,ANDAMIRO,S,4,Arcade,92,240,Doublesteps; Jumps; Sustained,,Medium,0
da45d3c2-f289-4c2a-b4a0-f4da7086ddb2,Black Dragon,Memme,MINAMI,S,4,Arcade,162,202,Anchor Runs; Bursty; Side-3 Singles,,Overrated,0
cad2ebfc-e545-42d6-9ed3-4cf8f8f98130,Blazing,BanYa,ANDAMIRO,S,4,Arcade,158,244,Bursty; Footswitches; Twists,,Overrated,0
25382f93-51d3-4518-8359-e116bcbca4d8,Break Out,Lunatic Sounds,CONRAD,S,4,Arcade,175,242,Anchor Runs; Jacks; Side-3 Singles,,Overrated,0
ea2ff769-cc11-4c08-aa7e-5a6899caaa45,Bullfighter's Song,BanYa Production,HP,S,4,Arcade,168,128,Doublesteps; Jacks; Jumps,,Easy,0
f75c661f-1557-4108-8c20-f97000674d3d,Butterfly,MAX & Rorychesell (SID-SOUND),ANDAMIRO,S,4,Arcade,128,139,Anchor Runs; Runs; Runs Without Twists,,Overrated,0
c3a7f242-fcdd-40d0-82eb-40ce52a4beb0,Campanella,Cashew,SUNNY,S,4,Arcade,140,191,Doublesteps; Jumps; Sustained,,Overrated,0
d7397eec-77ea-4111-9831-e39da94cf285,Cannon X.1,Yahpp,EHNE,S,4,Arcade,185,267,Bursty; Drills; Side-3 Singles,,Overrated,0
8be0ffd0-9ad9-4cb8-b239-bcc8433f9216,Caprice of Otada,BanYa Production,ANDAMIRO,S,4,Arcade,160,263,Anchor Runs; Drills; Twists,,Overrated,0
603f798c-c6c4-4dae-bcb9-d3ac6de34879,Chicken Wing,BanYa,HP,S,4,Arcade,200,,Anchor Runs; Runs; Runs Without Twists,,Overrated,0
b9030b7c-adc0-4fdb-afb8-1e53b54b8b04,Chimera,Yahpp,ANDAMIRO,S,4,Arcade,210,547,Bursty; Runs; Runs Without Twists,,Overrated,0
40897513-9b7f-44fe-996b-526830a75ace,Chinese restaurant,Memme,EXC,S,4,Arcade,175,198,Bursty; Doublesteps; Jacks,,Overrated,0
eb09611e-8c1b-457e-88de-0c73498d876a,Cleaner,Doin,BPM,S,4,Arcade,203,198,Runs; Runs Without Twists; Side-3 Singles,,Overrated,0
18cffc4b-46c7-4446-ba4f-f92fe2c04b2a,Clue,Transin,NIMGO,S,4,Arcade,140,188,Footswitches; Jacks; Sustained,,Overrated,0
790a17be-ec05-4154-bb6d-1b309d35a55e,Come to Me,BanYa,HP,S,4,Arcade,100 ~ 100,160,,,Overrated,0
5c0ebc8f-99d9-412c-b02c-6793c2dbd0de,Cosmical Rhythm,SID-Sound,AYAPPING,S,4,Arcade,128,247,Bursty; Jacks; Side-3 Singles,,Overrated,0
e37d267d-4b05-4b70-9fd9-b9842235ce04,Cross Ray,HyuN,SUNNY,S,4,Arcade,176,165,Anchor Runs; Runs; Runs Without Twists,,Overrated,0
d640e5fd-f51c-4c3d-815b-2441264dcfd9,Csikos Post,BanYa,ANDAMIRO,S,4,Arcade,180,,Bursty; Jacks; Jumps,,Overrated,0
49c0f712-f801-4cba-91e2-2ae2b33815ce,Cutie Song,Memme,BME,S,4,Arcade,174,178,Bursty; Doublesteps; Jumps,,VeryEasy,0
7abb1529-d50d-4c24-b824-7f12373b6ed3,Cygnus,Nato,SUNNY,S,4,Arcade,188,200,Bursty; Jacks; Runs Without Twists,,Overrated,0
17b3c1e7-44fb-43b3-9f98-fc700e977da0,D,MAX,BPM,S,4,Arcade,180,185,Bursty; Runs; Runs Without Twists,,Overrated,0
e5bd8061-2814-4515-97c1-4c6a82718656,Dance with me,BanYa,HP,S,4,Arcade,122,135,Doublesteps; Jumps; Sustained,,Overrated,0
59818d91-cd19-4a95-8136-997ceb48063f,Destination,SHK,ANDAMIRO,S,4,Arcade,150,341,Anchor Runs; Runs; Twists,,Overrated,0
932a1e51-af82-4e6c-acd0-adfb37ebc011,Dignity,Crash,ANDAMIRO,S,4,Arcade,195,179,Runs; Runs Without Twists; Twists,,Overrated,0
b1cac113-3b1b-4b1d-a597-50aef2494a23,DJ Otada,BanYa Production,ANDAMIRO,S,4,Arcade,180,231,Bursty; Side-3 Singles; Twists,,Overrated,0
7e340248-566f-4c10-be3d-688a20871666,Do U Know That-Old School,BanYa Production,Overdeath,S,4,Arcade,120,136,Anchor Runs; Footswitches; Twists,,Overrated,0
88d115e7-caa3-4622-9a69-12400ad58e49,Earendel,Palami feat.neur6sia,SUNNY,S,4,Arcade,180,190,Anchor Runs; Runs; Runs Without Twists,,Overrated,0
6f82a5db-2394-414b-887a-b5becfb7fba0,Elise,DM Ashura,BPM,S,4,Arcade,162,333,Anchor Runs; Bursty; Jacks,,Overrated,0
923fb35b-adb6-46f0-87de-4f14c3a8a99f,Elysium,Warak,ENVYtic,S,4,Arcade,128,277,Doublesteps; Jumps; Sustained,,Overrated,0
8a1a5c22-0d7c-4a50-b457-f817f34a89d3,Eternal Universe,Quree,SUNNY,S,4,Arcade,200,219,Anchor Runs; Bursty; Jacks,,Overrated,0
12317d22-ce6f-4527-bfdf-d08f58cf4665,Etude OP 10-4,MAX,SUNNY,S,4,Arcade,176,203,Anchor Runs; Bursty; Jumps,,Overrated,0
6ab2d556-39f0-443d-9ab5-4cde3f81b0df,Euphorianic - SHORT CUT -,SHK,,S,4,ShortCut,,147,Runs; Runs Without Twists; Sustained,,Overrated,0
42f1ee38-fd67-41c8-b2b1-2c2034afc4ac,Extravaganza,BanYa,BPM,S,4,Arcade,195,163,Bursty; Jacks; Side-3 Singles,,Overrated,0
4ef868d5-7bbd-446e-8c6b-15971383cae1,Faster Z,Yahpp,ANDAMIRO,S,4,Arcade,162,216,Anchor Runs; Bursty; Footswitches,,Overrated,0
8fc90efb-d7eb-48a3-962f-33240ba1c329,Feel My Happiness,3R2,ENVYtic,S,4,Arcade,175,164,Bursty; Jumps; Side-3 Singles,,Overrated,0
057526b3-31ef-4e23-93c9-737a44764ebb,Final Audition 2,BanYa,HP,S,4,Arcade,130,153,Runs; Runs Without Twists; Side-3 Singles,,Overrated,0
5b521e23-f3c1-465b-bfac-7e330560a992,Final Audition Ep. 1,BanYa,HP,S,4,Arcade,189,121,Anchor Runs; Drills; Runs Without Twists,,Overrated,0
523b8915-7f7b-4ce7-a9c8-ce498c66ee81,Final Audition Ep. 2-1,Yahpp,ANDAMIRO,S,4,Arcade,170,218,Doublesteps; Drills; Jumps,,Overrated,0
861b8d24-ceb2-4f40-a0f7-35c83d23e338,FLVSH OUT,Getty,SUNNY,S,4,Arcade,160,225,Doublesteps; Jumps; Sustained,,Overrated,0
17682355-948c-4207-b035-45a7fb3a9b56,Follow Me,SHK,EXC,S,4,Arcade,155,208,Bursty; Footswitches; Jumps,,Overrated,0
1ed53ffb-6987-4598-86f4-6114dba52873,Full Moon,Dreamcatcher,NIMGO,S,4,Arcade,190,183,Doublesteps; Drills; Twists,,Overrated,0
3bf4d053-2ce1-46c3-bc69-d4e1f5ec6089,Galaxy Collapse,Kurokotei,,S,4,Arcade,150 ~ 150,259,Runs; Runs Without Twists; Sustained,,Overrated,0
496b5240-5cb3-494c-9b62-070b04e2c598,Gargoyle,Sanxion7,HP,S,4,Arcade,150,210,Anchor Runs; Runs; Runs Without Twists,,Overrated,0
d98b3086-5775-4a23-aaa6-25e6514276f6,Get Up (and go),BanYa Production,BPM,S,4,Arcade,164,331,Bursty; Doublesteps; Runs Without Twists,,Overrated,0
bd3c9d0d-3642-48f4-8ca6-b4a37cb11492,Get Your Groove On,BanYa,ANDAMIRO,S,4,Arcade,96,118,Footswitches; Side-3 Singles; Twists,,Overrated,0
17b221e5-0aed-4684-a913-5c96b364731c,God Mode feat. skizzo,Nato & Skizzo,MINAMI,S,4,Arcade,152,208,Bursty; Side-3 Singles; Twists,,Overrated,0
bbe656e5-3450-4f22-81fb-7befbae0c077,Goodbounce,EBIMAYO,SUNNY,S,4,Arcade,180,181,Bursty; Jacks; Side-3 Singles,,Overrated,0
d9ff927d-272c-499e-9dd1-0916f3814086,Hardkore of the North,Diclonius Kid,HP,S,4,Arcade,190,182,Anchor Runs; Side-3 Singles; Twists,,Medium,0
d48db7be-64b8-4b04-b731-6ef3436a99b5,Harmagedon,HyuN vs lixound,SUNNY,S,4,Arcade,194,142,Doublesteps; Jacks; Jumps,,Overrated,0
5ccc4aa2-b6dc-413e-942e-1b5ad91a406d,Hello William,BanYa Production,ANDAMIRO,S,4,Arcade,170,245,Anchor Runs; Bursty; Twists,,Overrated,0
7c3ff68a-17ab-4ef4-9f02-49957b549279,Hestia,Gentle Stick,EXC,S,4,Arcade,150,228,Doublesteps; Drills; Jacks,,Overrated,0
4e47b6e2-b80c-490d-8618-2e7ef76a6c4a,Highway Chaser,Cosmograph,SUNNY,S,4,Arcade,155,174,Bursty; Jumps; Side-3 Singles,,Overrated,0
4aa978f8-290d-498e-ad25-8d245ae82c11,Horang Pungryuga,Sangnoksu feat. HANANA,EXC,S,4,Arcade,160,216,Bursty; Runs; Runs Without Twists,,Overrated,0
4f995b42-4fa4-450b-8fc7-530bac2f2878,HTTP,Quree,AEVILUX,S,4,Arcade,147,250,Anchor Runs; Doublesteps; Drills,,Overrated,0
353d04c9-fdd4-4a3c-9a9c-507fda785b48,Hungarian Dance V,BanYa Production,ANDAMIRO,S,4,Arcade,145,162,Bursty; Jacks; Side-3 Singles,,Overrated,0
c0f306af-8ed5-4cd9-90fe-bc2e106b39cd,Hyperion,M2U,OSING,S,4,Arcade,145,241,Doublesteps; Runs; Runs Without Twists,,Overrated,0
71bbd09f-d9d8-45cc-a808-34daff864051,I Want U - SHORT CUT -,MAX,,S,4,ShortCut,156,84,Doublesteps; Jumps; Runs Without Twists,,Overrated,0
a9432de8-de72-4245-902f-3de4831d3505,Ice of Death,Fiverwater,SUNNY,S,4,Arcade,172,156,Bursty; Doublesteps; Jumps,,Overrated,0
66386176-a748-41dc-bc12-d8e9ac3a9d89,Idealized Romance,void,CONRAD,S,4,Arcade,140,185,Bursty; Doublesteps; Runs Without Twists,,Overrated,0
38761ff8-89de-4af4-8a37-bee1cc4468fd,Imprinting,Sakuzyo,NIMGO,S,4,Arcade,175,248,Bursty; Drills; Jacks,,Overrated,0
cbb20152-5377-4a39-b1d4-f5eac9c9260a,Jonathan's Dream,MAX & Seorryang (SID-SOUND),SUNNY,S,4,Arcade,140,144,Doublesteps; Jumps; Sustained,,Overrated,0
6eb0fd6c-24b7-40fa-9b2e-da2e2b1f3ce1,Jump,BanYa,ANDAMIRO,S,4,Arcade,96,124,Doublesteps; Jumps; Sustained,,Overrated,0
173fc1de-17f8-4f1c-b590-c364c12a52f1,Just Hold On (To All Fighters),void,NIMGO,S,4,Arcade,170,246,Anchor Runs; Jacks; Side-3 Singles,,Overrated,0
399d1780-30a1-433e-806b-81daf0eb5d50,Karyawisata,Vesuvia x REDSHiFT,CONRAD,S,4,Arcade,150 ~ 150,194,Bursty; Doublesteps; Drills,,Overrated,0
46c679bb-8823-4a3a-b59c-6677b018533a,Kasou Shinja,MAX,NIMGO,S,4,Arcade,170,175,Bursty; Runs; Runs Without Twists,,Overrated,0
43901597-eea2-4c64-b836-f7c9a170e53f,King’s Tomb,r300k,refos,S,4,Arcade,113,191,,,Overrated,0
42706191-4af3-4058-8e6c-1b3b0db153d5,Life is PIANO,Junk,CONRAD,S,4,Arcade,133,165,Anchor Runs; Jacks; Sustained,,Medium,0
6c45add1-0895-4606-a1af-040e67a9ec34,Love is a Danger Zone,BanYa,ANDAMIRO,S,4,Arcade,140,177,Anchor Runs; Runs; Twists,,Overrated,0
99cfec4c-38f3-4945-b7f2-787f568f83c5,Love is a Danger Zone pt. 2,BanYa,BPM,S,4,Arcade,162,278,Bursty; Jumps; Twists,,Overrated,0
8218050a-e9c3-46e0-a595-d4f9e209afd6,Lucid(PIU Edit),Yak Won,BPM,S,4,Arcade,40 ~ 40,268,Bursty; Runs; Runs Without Twists,,Overrated,0
915cd2a0-d7a9-4197-aef8-90805b726da3,Macaron Day,HyuN,SUNNY,S,4,Arcade,173,157,Doublesteps; Jumps; Sustained,,Overrated,0
25adf4f5-592d-4dc6-afe5-f9151f5cea78,MATADOR,Cranky,AYAPPING,S,4,Arcade,168,336,Anchor Runs; Jumps; Side-3 Singles,,Overrated,0
d2d467e4-a0fd-45ff-9860-4ab4a1ac5255,Mitotsudaira,ETIA.,NIMGO,S,4,Arcade,136,260,Doublesteps; Jumps; Sustained,,Overrated,0
4d5d801d-3e27-420f-a649-b925d11c77bc,Monkey Fingers,BanYa,ANDAMIRO,S,4,Arcade,186,211,Jacks; Runs Without Twists; Side-3 Singles,,Overrated,0
1a60dfa7-d39d-4506-85c9-10abb63b4684,Monkey Fingers 2,BanYa Production,MSGOON,S,4,Arcade,180,178,Bursty; Footswitches; Twists,,Overrated,0
d0a3678f-333b-440a-b728-f1ccb91bbb40,Moonlight,BanYa,BPM,S,4,Arcade,180,385,Runs; Runs Without Twists; Sustained,,Overrated,0
3907c816-7720-44b8-8fcd-d446efbd4fd4,My Dreams,BanYa Production,ANDAMIRO,S,4,Arcade,136,180,Doublesteps; Runs; Twists,,Overrated,0
98552db4-e15a-4808-bd34-c8d4139458ce,My Way,BanYa,HP,S,4,Arcade,118,123,Bursty; Doublesteps; Jumps,,Overrated,0
9dd2ffcb-c08c-4d2a-9e1c-de24b3c1d219,Necromancy,Zircon,HP,S,4,Arcade,173,384,Bursty; Doublesteps; Jacks,,Overrated,0
2d63baf5-6727-48d9-a539-aee14205434e,Nemesis,M2U,EXC,S,4,Arcade,160,219,Doublesteps; Jumps; Side-3 Singles,,Overrated,0
f646c620-67fd-4bf3-aee9-584948c51e34,Nyan-turne (feat. KuTiNA),Cashew & Castellia,SUNNY,S,4,Arcade,202.1,167,Bursty; Jacks; Side-3 Singles,,Overrated,0
03a9021b-b15a-4c31-b9b9-84d1c3d69125,Obelisque,ESTi x M2U,MINAMI,S,4,Arcade,130,179,Anchor Runs; Drills; Side-3 Singles,,Overrated,0
76ba3785-8d72-4730-af28-58c0ad238f98,Orbit Stabilizer,DM Ashura,NIMGO,S,4,Arcade,155,250,Runs; Runs Without Twists; Side-3 Singles,,Overrated,0
c0a774e3-2673-48b7-8d65-c4cf3417b381,Overblow,MAX,BPM,S,4,Arcade,155,236,Bursty; Runs; Runs Without Twists,,Overrated,0
e5ed1311-6c92-442e-bac5-ce04dd286b2b,Oy Oy Oy,BanYa,HP,S,4,Arcade,148,,Bursty; Drills; Twists,,Overrated,0
0c2f9ddc-90cf-44b6-adb4-e7c7addf85bc,Papa Gonzales,BanYa,HP,S,4,Arcade,145,121,Doublesteps; Jumps; Twists,,Overrated,0
7c56b851-2d65-42a3-aacf-e85ccc13f46b,Passacaglia,SynthWulf,HP,S,4,Arcade,175,266,Anchor Runs; Runs; Runs Without Twists,,Overrated,0
2eadb76d-1e7c-45b0-9083-a42fd7d67b99,Perpetual,Qu-ail,WINDFORCE,S,4,Arcade,180,304,Bursty; Doublesteps; Jumps,,Overrated,0
cf651b99-e083-4b17-a959-e44b1e6fcc2c,Pop The Track,J-Mi & Midi-D Ft. Hanna Stockzell,SUNNY,S,4,Arcade,160,161,Jacks; Side-3 Singles; Sustained,,Overrated,0
9f76ec47-dd07-475f-8b71-93b2445f3bf6,PRIME,TatshMusicCircle,NIMGO,S,4,Arcade,165,177,Drills; Runs; Runs Without Twists,,Overrated,0
0a84e7b7-4a60-491f-9320-9f10a9615288,Pumping Jumping,BanYa Production,ANDAMIRO,S,4,Arcade,116,167,Doublesteps; Footswitches; Jumps,,Overrated,0
dbf9f46e-c314-497b-8c33-6ea668d72ed0,Queen of the Red,ETIA.,BANNIE,S,4,Arcade,188,215,Drills; Jumps; Runs Without Twists,,Overrated,0
f38bea9b-c0a9-4f56-b6e6-4252a8b4479b,Rave'til the earth's end,5argon,NIMGO,S,4,Arcade,160,135,Bursty; Footswitches; Twists,,Overrated,0
68b32abe-f61e-41e4-a5f3-1c62658f0d42,Reality,SHK,ANDAMIRO,S,4,Arcade,135,186,Bursty; Runs; Runs Without Twists,,Overrated,0
1c32ea4b-2c79-40b6-bba7-a88e95010cbc,Red Swan,Yahpp,HP,S,4,Arcade,172,310,Bursty; Drills; Jumps,,Overrated,0
6bab514c-1dbf-4e90-8a10-cce7cc2c7023,Reminiscence,MAX,BME,S,4,Arcade,155,190,Bursty; Doublesteps; Jumps,,Overrated,0
5cd4255e-d761-4765-9de4-6898491fe169,Requiem,MAX,EXC,S,4,Arcade,160,182,Bursty; Doublesteps; Jumps,,Overrated,0
d8f8483c-4513-4f8e-84ff-675bda298272,Sarabande,MAX,EXC,S,4,Arcade,157,261,Bursty; Drills; Side-3 Singles,,Overrated,0
c4fc0cf7-0804-4445-8ac5-ce6547ecda2f,Set me up,BanYa,HP,S,4,Arcade,120,,Doublesteps; Jumps; Runs Without Twists,,Overrated,0
f4b6103c-0c7f-4689-a171-9eb0d06af957,Silhouette Effect,Nato,HP,S,4,Arcade,167,257,Bursty; Runs; Runs Without Twists,,Overrated,0
deb0227c-9e6a-4a85-8fa6-48d7bb804aa1,"Simon Says, EURODANCE!! (feat. Sara☆M)",Jehezukiel?KAZEMURA?Hideky,,S,4,Arcade,180,181,Anchor Runs; Bursty; Runs Without Twists,,Overrated,0
2c9f4fc4-68ef-4a7f-96ae-cfad28426d37,Smile Diary,you,NIMGO,S,4,Arcade,175,290,Bursty; Drills; Jacks,,Easy,0
56a8cce2-283c-462c-aaff-d9fa4505ef25,Soldiers (TANO*C W TEAM RED ANTHEM),DJ Noriken,SUNNY,S,4,Arcade,170,184,Bursty; Jacks; Side-3 Singles,,Overrated,0
87d24765-d09a-4d8d-8241-fbfa778196f8,Solitary,BanYa,HP,S,4,Arcade,136,148,Doublesteps; Jumps; Twists,,Overrated,0
fdd4e016-0ae0-497e-817e-36da06d192ba,Solitary 2,BanYa,HP,S,4,Arcade,136,206,Doublesteps; Jumps; Runs,,Overrated,0
07fe1582-9463-401a-8a88-e905ab038c6b,SONIC BOOM,USAO,SUNNY,S,4,Arcade,205,199,Bursty; Jacks; Side-3 Singles,,Overrated,0
f08101a7-9bd7-421b-8ab1-9f7de3943780,Sorceress Elise,YAHPP,,S,4,Arcade,158,488,Bursty; Doublesteps; Jumps,,Overrated,0
6d290d69-a154-48e9-ae61-024e8b85ae11,Stardust Overdrive,typeMARS,CONRAD,S,4,Arcade,175,203,Runs; Runs Without Twists; Sustained,,Overrated,0
bee220f1-cfe9-40e5-9d60-659266bcf8e5,Start On Red,Nato,CONRAD,S,4,Arcade,160,209,Anchor Runs; Bursty; Jacks,,Overrated,0
b94f6a11-f365-4ca8-bc2e-e93ad381a417,Storm,KOYOTE,,S,4,Arcade,139,139,Jacks; Runs; Twists,,Overrated,0
4510deac-6b79-4948-8f7b-5d5267bf02d6,Sudden Romance [PIU Edit],void,NIMGO,S,4,Arcade,152,301,Bursty; Drills; Jacks,,Overrated,0
8e65efe4-6691-4be3-aadf-08200608e1e4,Sugar Plum,Mr. Weq,SUNNY,S,4,Arcade,170,208,Bursty; Doublesteps; Sustained,,Overrated,0
d139d631-24b9-4e6b-b743-7a32185736b8,Super Capriccio,SHK,EXC,S,4,Arcade,150,297,Bursty; Drills; Jacks,,Overrated,0
bfaf3bb7-a6a4-458e-b962-99d3841a159f,Super Fantasy,SHK,EXC,S,4,Arcade,145,198,Drills; Runs; Runs Without Twists,,Overrated,0
8e7d203e-1f2a-4522-8116-62135a639e9d,Switronic - SHORT CUT -,SHK,SUNNY,D,4,ShortCut,120,124,Drills; Jumps; Runs,,Underrated,0
e5c494fe-bb83-4160-9eb2-325860ae4fc1,T.B.H,QWER,NIMGO,S,4,Arcade,178,221,Bursty; Jacks; Jumps,,Hard,0
d27ed70e-d4be-4fc2-962c-f634539c0de7,Take Out,SHK,BPM,S,4,Arcade,170,,Bursty; Jacks; Runs Without Twists,,Overrated,0
5376b3b4-a11a-4d31-9941-83ff75b4141e,Tantanmen,Memme,SUNNY,S,4,Arcade,185,189,Bursty; Doublesteps; Jumps,,Overrated,0
7746bf39-3ca6-4f38-b6a5-3cb1f90fd56a,Tek -Club Copenhagen-,BanYa Production,BPM,S,4,Arcade,132,142,Bursty; Doublesteps; Jumps,,Overrated,0
113bd4ba-5db3-4294-88c5-b1873c25a099,Tepris,Doin,BPM,S,4,Arcade,144.9,198,Bursty; Jacks; Side-3 Singles,,Overrated,0
7cc6f4a8-a26e-4ef1-947f-5f6c22b17db3,The Apocalypse,HyuN feat. Elika,CONRAD,S,4,Arcade,171,203,Jacks; Jumps; Twists,,Overrated,0
4ee828ce-daa6-4504-9741-8da47fc34901,The Devil,BanYa Production,BPM,S,4,Arcade,130 ~ 130,220,Drills; Side-3 Singles; Sustained,,Overrated,0
200c3402-be6c-4e68-b965-5a118e4aa018,The Stranger,ONF (온앤오프),CONRAD,S,4,Arcade,116,168,Bursty; Jacks; Sustained,,Hard,0
d3d49bc9-0733-40ec-bf18-262fca4bb9b5,Till the end of time,BanYa,ANDAMIRO,S,4,Arcade,140,,Bursty; Doublesteps; Jumps,,Overrated,0
23f04f70-485a-4c40-bd5a-3f14464c698c,Timing,HIGHTEEN,OSING,S,4,Arcade,164,164,Doublesteps; Drills; Jumps,,VeryEasy,0
a2f766ed-47f3-4fad-9102-42d6113e1f4d,Toccata,BanYa Production,ANDAMIRO,S,4,Arcade,104,280,Bursty; Runs; Runs Without Twists,,Overrated,0
7f341728-8592-4940-b7d9-cba6ef8ceada,Top City,BanYa,ANDAMIRO,S,4,Arcade,110.8,,Drills; Footswitches; Twists,,Easy,0
467e9f4f-dd56-40e6-b1c7-40605308f822,Tribe Attacker,Hi-G,ANDAMIRO,S,4,Arcade,150,201,Drills; Jumps; Twists,,Overrated,0
605b833e-688b-49b2-b1c2-1feec5883866,Tropicanic,SHK,SUNNY,S,4,Arcade,145,200,Bursty; Runs; Runs Without Twists,,Overrated,0
2a33ff15-4333-4165-8878-d463fce5e411,Turkey March -Minimal Tunes-,BanYa Production,ANDAMIRO,S,4,Arcade,130,201,Anchor Runs; Doublesteps; Jumps,,Overrated,0
3c2a2c3f-dca6-4ef5-bb6d-099bb3c4dec1,Twist of Fate (feat. Ruriling),Jehezukiel feat. Ruriling,BME,S,4,Arcade,141,220,Bursty; Runs; Runs Without Twists,,Overrated,0
23ca4561-c52a-471a-8e03-9bca0f93bb11,Ultimate Eyes,HyuN,SUNNY,S,4,Arcade,185,222,Bursty; Doublesteps; Jacks,,Hard,0
9b13f394-67f2-4b25-b2f6-3620b1370ac2,Unfelicitas,Fiverwater,SUNNY,S,4,Arcade,192,192,,,Overrated,0
047dfa5c-3bc6-4ff1-8ff9-e0e0a365bc9b,Utopia,Smiley,BPM,S,4,Arcade,166,355,Anchor Runs; Runs; Twists,,Overrated,0
17dcfb86-894c-427d-888e-3a2ed328b7d2,Violet Perfume,SHK,BANNIE,S,4,Arcade,145,182,Bursty; Runs; Runs Without Twists,,Overrated,0
2b1477d7-f0b4-4d7c-ba37-252dfb56b892,We will meet again,BanYa,ANDAMIRO,S,4,Arcade,118,,Bursty; Drills; Twists,,Overrated,0
5658834f-6d56-4699-887a-c4db17b8ca1b,Wedding Crashers,SHK,FEFEMZ,S,4,Arcade,165,229,Anchor Runs; Jumps; Side-3 Singles,,Overrated,0
8306cec4-75cb-4115-826d-393154112144,Wedding Crashers - SHORT CUT -,SHK,SUNNY,S,4,ShortCut,165,284,Doublesteps; Runs; Runs Without Twists,,Overrated,0
023397fe-1f88-40de-80a5-5eafc29a53a1,Winter,BanYa,ANDAMIRO,S,4,Arcade,168,,Bursty; Drills; Runs Without Twists,,Overrated,0
b601e56b-c479-4b82-a521-32660efee81b,Witch Doctor,BanYa,HP,S,4,Arcade,195,148,Anchor Runs; Drills; Runs Without Twists,,Overrated,0
91e2bcc8-1b48-4bd5-bf7e-129e3e38ab8f,wither garden,uma feat. Kanon Tachibana,CONRAD,S,4,Arcade,168,216,Bursty; Doublesteps; Jacks,,Overrated,0
b7c2505a-ff0b-4149-8b76-05ad21401ee6,Xenesis,BanYa Production,ANDAMIRO,S,4,Arcade,152,171,Anchor Runs; Runs; Side-3 Singles,,Overrated,0
3e3b0a4b-45d9-44d4-aaa8-5172cf8d5f1b,YOU AND I,Dreamcatcher,EXC,S,4,Arcade,194,377,Bursty; Jacks; Sustained,,VeryEasy,0
b609cfad-3096-46fd-ab3b-b961b8838646,You Got Me Crazy,MAX,EXC,S,4,Arcade,128,252,Bursty; Runs; Runs Without Twists,,Overrated,0
b5546ccf-217a-42fa-a058-b2423cf4d5b5,Avalanche,Memme,EXC,CoOp,3,Arcade,175,4185,,VeryHard,,19.2
a324848e-e404-4b34-aae8-262502188c1b,Wedding Crashers,SHK,AEVILUX,CoOp,3,Arcade,165,2695,,Hard,,19.2
a038f45c-d865-4405-8686-4cdb351e5e6d,Xeroize,FE,SUNNY,CoOp,3,Arcade,200,3559,,VeryHard,,19.2
f5c17f9e-7300-4154-ba96-acf7b48dd853,District 1,MAX,SUNNY,CoOp,3,Arcade,158,3500,,Medium,,16.59
1aec3d53-b79e-481f-b612-ec65a2c1825d,INFINITY,Lunatic Sounds,NIMGO,CoOp,3,Arcade,175,3526,,Hard,,16.59
93947eb4-ee44-4d4f-b2b5-91dad91e83fe,FFF,Doin,SANDSTORM,CoOp,3,Arcade,200,3060,,Medium,,15.84
03657405-354f-4375-8679-d911ef153b28,Allegro Furioso,DM Ashura,SUNNY,CoOp,3,Arcade,176,3910,,Hard,,14.97
0b8cfc98-273a-4082-8c53-33bc96c89470,Chinese restaurant,Memme,SUNNY,CoOp,3,Arcade,175,3759,,Hard,,14.97
0ec20b34-fd05-4e09-8425-ef79584dbd68,Clematis Rapsodia,Jehezukiel,BME,CoOp,3,Arcade,260,3333,,Hard,,14.97
62ba5089-b142-4d0b-a782-5224eb8120c1,Cutie Song,Memme,SUNNY & BME,CoOp,3,Arcade,174,2400,,Hard,,14.97
e0f8e65e-b8f3-4630-85c3-eb85925c68c8,We Got 2 Know,MAX,BPM,CoOp,3,Arcade,128,3748,,Medium,,14.4
2ae9d05d-0de0-4621-995c-ced65f35bcc5,Yog-Sothoth,Nato,EXC,CoOp,3,Arcade,200,9958,,Hard,,14.4
6e94b9bc-500b-4376-958c-e717c2fb3bd0,Acquire,ryhki,CONRAD,CoOp,3,Arcade,155,3778,,Easy,,14.1
f7932728-79aa-4e74-b20d-76cf4645badc,Energy Synergy Matrix,Tanchiky,SUNNY,CoOp,3,Arcade,160,4282,,Medium,,14.1
512eefc7-e583-418e-887a-09523055f859,Murdoch vs Otada,ESPITZ vs WONDERTRAVELER Project,SUNNY,CoOp,3,Arcade,180,4300,,Easy,,14.1
bc11a240-ba06-4820-9d93-46c6d1a2ad98,Redline,Archefluxx,SUNNY,CoOp,3,Arcade,170,3239,,Medium,,14.1
64b4f7ca-62a4-44b1-85e4-34c8cd8c70bc,Tantanmen,Memme,SUNNY,CoOp,3,Arcade,185,4100,,Medium,,14.1
424ed4bb-dc7c-4c6c-907f-7304b6520b6a,Tropicanic,SHK,SUNNY,CoOp,3,Arcade,145,2878,,Medium,,14.1
892f0c6a-86ff-4377-9a00-6f3bdfcb549b,Yo! Say!! Fairy!!!,MYUKKE.,SUNNY,CoOp,3,Arcade,150,3700,,VeryEasy,,14.1
2d669b1e-54ff-4858-8ebd-44ae630018a7,Storm,KOYOTE,SUNNY,CoOp,3,Arcade,139,3615,,VeryEasy,,13.87
75fafa4c-9db9-4df8-b665-42e5cf9eea69,Take Out,SHK,BPM,CoOp,3,Arcade,170,5104,,Overrated,,11.8
09b75fad-b0aa-4817-9b89-3b0f1129e9dc,Airplane,TYPHOON,SUNNY,CoOp,3,Arcade,120,4000,,Overrated,,7.29
1ffa755d-575d-4f4a-97e8-2b0bb9661f34,%X (Percent X),Pory,AEVILUX,S,3,Arcade,150,129,Anchor Runs; Bursty; Footswitches,,Overrated,
e8447cbe-c879-43c9-a540-245d64b37201,2006. LOVE SONG,BanYa Production,Overdeath,S,3,Arcade,96,116,Doublesteps; Footswitches; Twists,,Overrated,
546a29b7-0f32-4e42-bb81-8f7a22c14655,404 (New Era),KiiiKiii (키키),NIMGO,S,3,Arcade,127,145,Bursty; Drills; Footswitches,,Overrated,
ac743d32-7eda-42ce-8eb6-a02803b26288,A nightmare,BanYa,ANDAMIRO,S,3,Arcade,120,78,Drills; Footswitches; Runs,,Overrated,
c61698d4-713a-4e1a-a627-21836b5e5330,Adrenaline Blaster,QWertism & Quree & WyvernP,FEFEMZ,S,3,Arcade,150,120,Doublesteps; Jumps; Runs Without Twists,,Overrated,
2f9fb724-8f9a-4e97-9f2a-af52bd26ebbf,Airplane,TYPHOON,,S,3,Arcade,120,97,Doublesteps; Jacks; Sustained,,Overrated,
54a36083-575a-4f65-94f5-eb4369625b71,All I Want For X-mas,BanYa,ANDAMIRO,S,3,Arcade,130,122,Doublesteps; Footswitches; Twists,,Overrated,
82870b76-0ab9-4133-a945-011849033c43,Amai Yuuwaku Dangerous,Bakusute Sotokanda Icchome,BANNIE,S,3,Arcade,125,135,Doublesteps; Jumps; Sustained,,Overrated,
0f1ca41a-5093-4e16-8210-d52f1107f116,Anguished Unmaking,void,NIMGO,S,3,Arcade,170,123,Drills; Footswitches; Side-3 Singles,,Overrated,
073fe92a-9f2a-41a8-b4d7-a0a0724ffdb7,Bad Apple!! feat. Nomico,Masayoshi Minoshima feat. Nomico,NIMGO,S,3,Arcade,138,109,Footswitches; Jacks; Sustained,,Overrated,
9687d4b2-165e-4708-8301-44ee40c35a73,Beat of The War,BanYa,HP,S,3,Arcade,140 ~ 140,87,Doublesteps; Jacks; Jumps,,Overrated,
af8ddbbe-965b-409d-9290-4489cb04765c,Blaze Emotion,Yahpp,HP,S,3,Arcade,170,233,,,Overrated,
3682a33d-a6a1-4bd3-828d-cf4d22aa8e5c,Bluish Rose,WyvernP,SUNNY,S,3,Arcade,130,105,Doublesteps; Jumps; Side-3 Singles,,Overrated,
c30b2e38-3428-4cd3-8498-2a3d3ed631c5,BRAIN POWER,NOMA,SUNNY,S,3,Arcade,170 ~ 170,130,Bursty; Doublesteps; Jumps,,Overrated,
b8f16e28-4cde-4aec-afe8-18b3a94c8c4f,CALL ME BACK,TNX,SUNNY,S,3,Arcade,128,133,Doublesteps; Jumps; Sustained,,Overrated,
b5d15940-7251-469c-8ad4-90acdc79e75d,Canon D,BanYa,ANDAMIRO,S,3,Arcade,160,208,Doublesteps; Jumps; Side-3 Singles,,Overrated,
485af0ff-f1f4-40ea-bd76-6c0fa3510221,Chase Me,Dreamcatcher,NIMGO,S,3,Arcade,200,142,Doublesteps; Jumps; Runs Without Twists,,Overrated,
7af24e67-6d58-47de-85ff-b3b6626de6c1,Christmas Memories,Warak,CONRAD,S,3,Arcade,170,217,Doublesteps; Jacks; Sustained,,Overrated,
e25f34f6-771c-4fa8-aa48-e0e00b40324c,Cross Time,Brandy,CONRAD,S,3,Arcade,160,173,Drills; Jacks; Sustained,,Overrated,
de565d05-6034-4713-9525-43577722b9b5,Cycling!,Yamajet feat. あまね (COOL&CREATE),MINAMI,S,3,Arcade,220,101,Runs; Runs Without Twists; Sustained,,Overrated,
5fc6dc92-a773-40a6-af58-ed19c818e6a0,Death Moon,SHK,NIMGO,S,3,Arcade,160,126,Jacks; Jumps; Sustained,,Overrated,
942dc302-3622-4632-8824-c50f43d619f5,DIE ANOTHER DAY,TNX,NIMGO,S,3,Arcade,98,107,Jacks; Runs; Runs Without Twists,,Overrated,
54e60b99-2f0d-437a-86a5-a1c2a7fa9a82,Do the Dance,ILLIT (아일릿),CONRAD,S,3,Arcade,130,125,Doublesteps; Drills; Sustained,,Overrated,
b1d7f06e-af68-4d3d-bc35-ce17556ff6b2,Dr. M,BanYa,ANDAMIRO,S,3,Arcade,145,136,Bursty; Drills; Jumps,,Overrated,
6954159c-7754-47a1-a047-d609491228cc,EMOMOMO,Ras,SUNNY,S,3,Arcade,145,164,Doublesteps; Jacks; Side-3 Singles,,Overrated,
92031372-2a7b-41cc-8ffb-489ff10f7ac0,Emperor,BanYa,HP,S,3,Arcade,150,129,Footswitches; Sustained; Twists,,Overrated,
87a80cb7-0c1b-4669-9401-5bb60580c0b3,Ercitite,Doin x neur6sia,FEFEMZ,S,3,Arcade,135,175,,,Overrated,
d4b147ac-5048-4030-9941-c26a095d1a7e,Euphorianic,SHK,CONRAD,S,3,Arcade,140,128,Jacks; Jumps; Sustained,,Overrated,
d61f5dd5-767d-45ae-95a7-288c38167c7e,Festival of Death Moon,SHK,AEVILUX,S,3,Arcade,204,150,Bursty; Doublesteps; Jumps,,Overrated,
92f31441-c213-4a96-9932-6876a09978e4,Final Audition Ep. 2-1,Yahpp,EHNE,S,3,Arcade,170,130,Anchor Runs; Bursty; Twists,,Overrated,
d13d8648-f35a-4b49-87cf-a17e1b59bf34,Final Audition Ep. 2-X,Yahpp,HP,S,3,Arcade,170,108,Doublesteps; Jumps; Runs Without Twists,,Overrated,
f8ca638f-3233-4caf-b086-c970a29f587f,Fly High,Dreamcatcher,BME,S,3,Arcade,154,157,Bursty; Doublesteps; Footswitches,,Overrated,
3941cc37-7cd1-4e7d-99f1-b6a064319c4f,Forgotten Vampire,WyvernP,SUNNY,S,3,Arcade,137,100,Bursty; Doublesteps; Jumps,,Overrated,
34519d97-93d4-4698-9782-314c34953a26,Good Night,Dreamcatcher,NIMGO,S,3,Arcade,196,130,Anchor Runs; Doublesteps; Jumps,,Overrated,
926dce4d-a2f4-46a3-9976-6311d40c7465,Guitar Man,BanYa Production,EHWA,S,3,Arcade,120,136,Anchor Runs; Drills; Side-3 Singles,,Overrated,
35acbf4d-ed8f-4c71-8f5c-6a536150a075,Hey U,MAZO,SUNNY,S,3,Arcade,162,133,Bursty; Jumps; Runs Without Twists,,Overrated,
17a76930-506b-4292-98bc-2458bd3090ea,Houseplan,Houseplan,SUNNY,S,3,Arcade,128,104,Doublesteps; Jumps; Runs Without Twists,,Overrated,
1c70bc02-ffdd-421d-9a68-92f366aad6dc,HUSH,Yassi Pressman & Nadine Lustre,NIMGO,S,3,Arcade,81.5,141,Drills; Footswitches; Twists,,Overrated,
25132464-bf2e-4d84-b879-2dc74fe28703,I Want U,MAX,SUNNY,S,3,Arcade,156,162,Doublesteps; Jumps; Twists,,Overrated,
fbad8233-da0f-4f0e-ac19-53d6364072f7,J Bong,BanYa,HP,S,3,Arcade,140,103,Doublesteps; Jumps; Twists,,Overrated,
bbbc0bc8-56e7-4ef1-bf32-669340c8e430,Jogging,LUCY,NIMGO,S,3,Arcade,138,129,Runs; Runs Without Twists; Sustained,,Overrated,
6bb06756-f80e-4852-8a6a-e5c96bc1e25f,K.O.A : Alice In Wonderworld,BanYa Production,ANDAMIRO,S,3,Arcade,156,147,Bursty; Doublesteps; Jumps,,Overrated,
407701c2-9c81-470c-bc8b-c5f50696a2b0,Kitty Cat,Coconut,HP,S,3,Arcade,128,106,Doublesteps; Jumps; Sustained,,Overrated,
49ebe4f3-7be8-4b68-958d-79081c123343,Lacrimosa,Fiverwater,SUNNY,S,3,Arcade,210,129,Jacks; Jumps; Sustained,,Overrated,
64a606b6-fa64-41a6-811b-c12acf2f99a0,Ladybug,Coconut,HP,S,3,Arcade,133,131,Bursty; Drills; Side-3 Singles,,Overrated,
4d4e036f-3788-494f-8e91-ff35e9b9becc,Lala,Yassi Pressman,SUNNY,S,3,Arcade,126,118,Bursty; Doublesteps; Jumps,,Overrated,
eb46ab90-3ff9-4709-a619-7d82ae906ae8,Last Rebirth,SHK,BANNIE,S,3,Arcade,120,97,Runs; Runs Without Twists; Sustained,,Overrated,
2b98c9e6-2029-48b0-abf9-c768fa405f73,Latino Virus,Warak,HP,S,3,Arcade,170,139,Doublesteps; Footswitches; Jumps,,Overrated,
c0bc35ff-f81f-4fa3-a826-0987f6a3b50a,Meteorize,Paul Bazooka,ENVYtic,S,3,Arcade,136,132,Anchor Runs; Side-3 Singles; Twists,,Overrated,
36eb0dde-4c79-4461-bcdf-932c4664cd64,Moment Day,MAX,OSING,S,3,Arcade,155,115,Doublesteps; Runs Without Twists; Sustained,,Overrated,
f649bb4a-7d38-4fa9-aa09-03a84832101e,Monolith,Affinity,HP,S,3,Arcade,196,123,Runs; Runs Without Twists; Sustained,,Overrated,
dff648bb-ba1e-4f28-91cd-1373aee8124a,Move That Body!,DM Ashura feat. Skizzo & Hanna Stockzell,NIMGO,S,3,Arcade,145,144,Doublesteps; Drills; Jumps,,Overrated,
47b06a00-58f5-4f9b-b71c-e9af7cda09f2,Mr. Larpus,BanYa,HP,S,3,Arcade,190,69,Footswitches; Runs; Runs Without Twists,,Overrated,
0fe64e0f-08a1-4136-884c-543479856cba,Native,SHK,HP,S,3,Arcade,135,121,Anchor Runs; Doublesteps; Jumps,,Overrated,
55bbc03e-93d5-4ba1-83e2-c7555ccaedbb,Night Duty,A.V.,SUNNY,S,3,Arcade,140,112,Bursty; Runs; Runs Without Twists,,Overrated,
b74808fd-43dc-4a5e-9c27-12c384c066fe,Nostalgia,Woody,CONRAD,S,3,Arcade,100,111,Bursty; Jacks; Twists,,Overrated,
1446d78d-a90b-43cb-8063-0a0ebda569f2,Pavane,Doin & V.A.,HP,S,3,Arcade,160,174,Jumps; Runs; Runs Without Twists,,Overrated,
72ef73fa-8183-4ea8-bdd8-22af89da6058,Phantom -Intermezzo-,BanYa Production,HP,S,3,Arcade,140,93,Runs; Runs Without Twists; Twists,,Overrated,
38eca344-eccf-4198-ae0a-7f155d0ab05f,Point Break,BanYa,SUNNY,S,3,Arcade,92,89,Bursty; Runs; Runs Without Twists,,Overrated,
4ee38824-4e7d-45b8-a404-643c07d1d2e4,Poseidon,Quree,SUNNY,S,3,Arcade,160,143,Bursty; Doublesteps; Jumps,,Overrated,
8798bcb6-444e-4fd3-acf0-2eba2648ddf2,Pull me up (Feat. Monya),Applesoda,SUNNY,S,3,Arcade,160,172,,,Overrated,
33881cbc-7d73-45d8-8fb6-375f59337697,Pump me Amadeus,BanYa,BPM,S,3,Arcade,170,114,Runs; Runs Without Twists; Twists,,Overrated,
0d47d5fa-7d30-42f7-b93d-f5b0be16d035,Pumptris 8Bit ver.,Yahpp,HP,S,3,Arcade,162,124,Jacks; Jumps; Sustained,,Overrated,
82c605f2-ac7b-4e54-ab0e-a8732ccd6ebe,Pumptris Quattro,Yahpp,BPM,S,3,Arcade,153,190,Bursty; Runs Without Twists; Side-3 Singles,,Overrated,
ddd378c5-6656-4cd4-a2f7-0170d0452433,Removable Disk0,Doin,ENVYtic,S,3,Arcade,130,146,Drills; Jacks; Side-3 Singles,,Overrated,
47d0989d-b4a0-4890-8066-6cf38afcd567,Rolling Christmas,BanYa,ANDAMIRO,S,3,Arcade,142,189,Bursty; Doublesteps; Jumps,,Overrated,
c06eb168-99bb-492d-93d9-e27dc728482c,Scorpion King,r300k,NIMGO,S,3,Arcade,113,133,Bursty; Doublesteps; Jacks,,Overrated,
659f303a-35a6-4043-89a2-7c6164535424,Selfishness,SID-Sound,HP,S,3,Arcade,160,156,Doublesteps; Jumps; Sustained,,Overrated,
17b300f4-079b-4f3b-9f2d-90a958284b6a,Slapstick Parfait,t+pazolite,SUNNY,S,3,Arcade,160,135,Bursty; Runs; Runs Without Twists,,Overrated,
02bd24d7-e38b-4fe2-907e-fceefb16e0f9,Smells Like A Chocolate,Vospi,HP,S,3,Arcade,175.9,140,Bursty; Runs; Runs Without Twists,,Overrated,
982129c6-cac8-4788-86e9-943533f3f1a2,Star Command,Zircon,ANDAMIRO,S,3,Arcade,155,268,Drills; Footswitches; Twists,,Overrated,
44378a00-fd89-4f35-8ce0-f17908169cf0,Stardream (feat. Romelon),Cashew & Rorychesell (SID-SOUND),SUNNY,S,3,Arcade,160,144,Doublesteps; Jumps; Sustained,,Overrated,
086c9d77-82c9-4c9a-897a-f597ec55725b,Sugar Conspiracy Theory,MAX,ENVYtic,S,3,Arcade,170,255,Bursty; Jumps; Side-3 Singles,,Overrated,
40f03826-8197-4c0a-bb81-871943083644,SWEET WONDERLAND,MAX feat. ankimo,CONRAD,S,3,Arcade,170,167,Bursty; Doublesteps; Jumps,,Overrated,
75c02c42-e9e6-462b-b9ad-e99bf8d25576,Switronic,SHK,CONRAD,S,3,Arcade,120 ~ 120,133,Runs; Sustained; Twists,,Overrated,
a0207257-1645-4b86-ad73-186a197382c1,Switronic - SHORT CUT -,SHK,SUNNY,S,3,ShortCut,120,120,Jumps; Runs; Runs Without Twists,,Overrated,
d3882a13-0fad-422c-aa8f-38ce0f8732ef,The End of the World ft. Skizzo,MonstDeath feat. Skizzo,SUNNY,S,3,Arcade,150,93,Doublesteps; Footswitches; Side-3 Singles,,Overrated,
33631d4e-6736-44ae-b899-e002d70830f5,The People didn't know,BanYa Production,BPM,S,3,Arcade,134,140,Bursty; Doublesteps; Side-3 Singles,,Overrated,
e0e43a4d-6959-4abb-8c03-4d8be1eda238,The Reverie,uma,CONRAD,S,3,Arcade,150,133,Doublesteps; Jumps; Sustained,,Overrated,
b8e20ba0-868c-4ee1-b8cb-6ec843bb6421,Till the end of time,BanYa,ANDAMIRO,S,3,Arcade,140,158,Bursty; Drills; Side-3 Singles,,Overrated,
4f02dcd1-c4d1-411d-8818-7556b22a46f5,Transacaglia in G-minor,ATAS,SUNNY,S,3,Arcade,158,129,Doublesteps; Jacks; Jumps,,Overrated,
8705ae3a-fa72-4266-9467-dabcf15192fc,Travel to Future,Neutral Moon,CONRAD,S,3,Arcade,160,182,Runs; Runs Without Twists; Side-3 Singles,,Overrated,
b7483d2c-0980-4664-b441-fe8f76bf639b,Turkey March,BanYa,BPM,S,3,Arcade,150,110,Runs; Runs Without Twists; Sustained,,Overrated,
79ac389e-758f-490e-8cff-58d89e8ed45a,U Got Me Rocking,MAX,HP,S,3,Arcade,128,200,Anchor Runs; Bursty; Jacks,,Overrated,
cadab1b3-ece7-486c-bb29-2500b4f449ff,Ugly Dee,BanYa Production,HP,S,3,Arcade,92,362,Bursty; Jumps; Sustained,,Overrated,
74bb986d-28a6-4ebd-9715-2c1d1c08af10,Unique,SHK,HP,S,3,Arcade,145,144,Doublesteps; Jumps; Sustained,,Overrated,
b27ee924-0a49-41a0-b3e9-2c5d6c4606b4,Up & Up (Produced by AWAL),Skizzo ProducedBy AWAL,WINDFORCE,S,3,Arcade,150,133,Doublesteps; Jumps; Sustained,,Overrated,
b930648f-c32a-4c24-8b38-8908477d89e6,Vook,BanYa,HP,S,3,Arcade,184,116,Bursty; Jacks; Jumps,,Overrated,
fec3bbc4-f81c-44f8-b03d-5ba50b0085aa,What Happened,Throwdown,HP,S,3,Arcade,130,111,Doublesteps; Jumps; Side-3 Singles,,Overrated,
cee8fb2f-f87f-4ce4-9ee8-f342b496aa7b,X-Rave,DM Ashura,ANDAMIRO,S,3,Arcade,147,152,Bursty; Jacks; Side-3 Singles,,Overrated,
4584545f-530e-4782-9cc8-dde71792327d,Xuxa,Smiley,ANDAMIRO,S,3,Arcade,160,141,Bursty; Drills; Runs,,Overrated,
bf7a29fd-60ca-4d14-9e62-4c306f76bdbd,XX OPENING - SHORT CUT -,MAX,SUNNY,S,3,ShortCut,175,56,Bursty; Doublesteps; Jumps,,Overrated,
6bae8ba9-17fe-4ba9-b427-f9a1db3ae741,Yeo rae a,SID-Sound,EXC,S,3,Arcade,90,148,Bursty; Runs; Runs Without Twists,,Overrated,
95c2e8df-131e-41ed-92b0-1911cb6e9f23,Yo! Say!! Fairy!!!,MYUKKE.,SUNNY,S,3,Arcade,150,173,Bursty; Jumps; Runs Without Twists,,Overrated,
05670e4e-3414-4ece-806a-96ad34786ba4,Yoropiku Pikuyoro !,Bakusute Sotokanda Icchome,EXC,S,3,Arcade,198,223,Bursty; Doublesteps; Jacks,,Overrated,
90786768-8a04-4596-a49f-cfc64fde4d48,You again my love,CYO Style & Henohenomoheji,AYAPPING,S,3,Arcade,137,175,Bursty; Doublesteps; Jacks,,Overrated,
7cf6c624-ee3b-40e7-b861-a1456ea261c4,Canon D,BanYa,ANDAMIRO,CoOp,2,Arcade,160,1968,,Hard,,25.69
5ca6fb97-6d1c-4544-8864-5cbc1ea52ffa,Gargoyle - FULL SONG -,Sanxion7,EXC,CoOp,2,FullSong,150,,,Hard,,20.02
27be13db-57ab-4d5e-8312-0bcff217789a,8 6,Dasu,EXC,CoOp,2,Arcade,167,5000,,Hard,,19.2
aac2b8a4-d8b2-4577-8266-06fcd8973fd0,Asterios -ReEntry-,ATAS,NIMGO,CoOp,2,Arcade,148,1580,,Hard,,19.2
5acf4c94-7a0a-4c43-a0e4-f153d7c5338b,Awakening,typeMARS,SUNNY,CoOp,2,Arcade,150,2100,,Hard,,19.2
ad379aad-d756-459d-aa61-508ed263e34a,Barber's Madness,Klass E,,CoOp,2,Arcade,,2538,,Hard,,19.2
40b541fa-79ec-4fb4-bf19-ffb943809558,BATTLE NO.1,TANO*C Sound Team,DulKi,CoOp,2,Arcade,200,2222,,Hard,,19.2
a5f97101-9c1b-4236-b1d6-9b11018f2790,Can-can ~Orpheus in The Party Mix~,Sr. Lan Belmont,AEVILUX,CoOp,2,Arcade,195,2000,,Hard,,19.2
5abbb966-02c5-4a41-a0ad-548368539a7c,Club Night,Matduke,AEVILUX,CoOp,2,Arcade,170,3371,,Hard,,19.2
993e6919-db56-43ea-985d-15f635d073fb,Follow Me,SHK,EXC,CoOp,2,Arcade,155,1330,,Hard,,19.2
7eb6c4b3-8a9a-46f6-becd-1f45e62842d2,Forgotten Vampire,WyvernP,AEVILUX,CoOp,2,Arcade,137,2100,,Hard,,19.2
b5d5ad84-9b84-474e-b6d3-dabe237588a4,Horang Pungryuga,Sangnoksu feat. HANANA,SUNNY,CoOp,2,Arcade,160,2700,,Hard,,19.2
56b09f28-dfc5-4cb3-9448-3258d2ffae9a,Kimchi Fingers,Garlic Squad,AEVILUX,CoOp,2,Arcade,190,2500,,Hard,,19.2
961e5794-e285-49b2-9d94-bf21f22edd86,Latino Virus,Warak,HP,CoOp,2,Arcade,170,1064,,Hard,,19.2
cd8b431a-d7dd-41e6-a81b-cbeb763f2f4c,Love is a Danger Zone pt.2 [Another],BanYa,BPM,CoOp,2,Arcade,162,3676,,Hard,,19.2
e5b77789-c929-4e12-9cc6-7c074ceb0520,Mopemope,LeaF,EXC,CoOp,2,Arcade,100,2000,,Hard,,19.2
eaf46dd9-0a68-42d4-aefa-6dbd88a3177a,Sarabande,MAX,SUNNY,CoOp,2,Arcade,157,2800,,Hard,,19.2
c0db8cc8-28f7-48bd-a3a3-49a3efc089ec,Silhouette Effect,Nato,AEVILUX,CoOp,2,Arcade,167,3000,,Hard,,19.2
1b323640-6d29-42cf-8725-987ead64ccbd,Slam,Novasonic,SUNNY,CoOp,2,Arcade,131.99,1998,,Hard,,19.2
76bd2d32-9e67-4fd2-8ddb-fd0dd6fb05cb,The People didn't know,BanYa Production,SUNNY,CoOp,2,Arcade,134,2345,,Hard,,19.2
fa7f75c0-e1a3-4551-b700-6834dd131bd9,Death Moon,SHK,NIMGO,CoOp,2,Arcade,160,2290,,Hard,,19.11
3de8c1d3-c1dc-465e-a486-6bd469f7ab5b,Chase Me,Dreamcatcher,NIMGO,CoOp,2,Arcade,200,2268,,Hard,,18.18
0b176126-df68-4235-9b33-ab61d63681b0,Tepris,Doin,BPM,CoOp,2,Arcade,144.9,2293,,Hard,,18.18
4bfcfac6-927a-49cb-8b28-3322a62eb8d4,BSPower Explosion,Memme,AEVILUX,CoOp,2,Arcade,180,2000,,Hard,,17.9
755e6413-ca17-4c1e-b519-595fc4e6a148,Fires of Destiny,Jehezukiel,BME,CoOp,2,Arcade,155,1992,,Hard,,17.87
e9e96c7b-dc6a-431a-a8f6-6003d2d9acd9,Kasou Shinja,MAX,EXC,CoOp,2,Arcade,170,3558,,Hard,,16.96
0c19072c-5cdd-4f0d-8fd2-deb16e5a4345,Loki,Lotze,AEVILUX,CoOp,2,Arcade,140,2688,,Medium,,16.83
2caa9d80-c967-472d-8613-6e9b2ab5890c,Love is a Danger Zone,BanYa,BPM,CoOp,2,Arcade,140,1614,,Hard,,16.83
496f7bbb-fb3f-49c7-9b4a-59877c291fe4,Lucid(PIU Edit),Yak Won,BPM,CoOp,2,Arcade,40 ~ 40,1704,,Hard,,16.79
7978d598-6fea-4342-9ed5-7d949403f00e,Bad Apple!! feat. Nomico,Masayoshi Minoshima feat. Nomico,AEVILUX,CoOp,2,Arcade,138,2200,,Medium,,16.59
e78ca23e-ebcc-46c7-afb2-69babb9fafb1,BEDLAM,SANY-ON,AEVILUX,CoOp,2,Arcade,183,1500,,Hard,,16.59
864d6818-6a02-464d-b183-f649517a4d50,HTTP,Quree,AEVILUX,CoOp,2,Arcade,147,2032,,Hard,,16.59
8d0d24c6-b055-4432-87c6-0cc189bd0dd4,Indestructible,Matduke,AEVILUX,CoOp,2,Arcade,174,1900,,Hard,,16.59
baae472a-d6aa-4b42-8cb7-059f8c36ce1d,Love is a Danger Zone(Cranky Mix),BanYa & Cranky,HP,CoOp,2,Arcade,155,1462,,Medium,,16.59
dd3df26b-e089-4733-bdf6-485c78efddf7,Magical Vacation,SID-Sound,AEVILUX,CoOp,2,Arcade,154,2000,,Hard,,16.59
cefdfda8-111e-415c-9d52-70e409af98a7,Nakakapagpabagabag,Dasu feat. Kagamine Len,EXC,CoOp,2,Arcade,145,3630,,Medium,,16.59
f8569c0a-e8c0-496e-ab65-b6f492c53583,Nemesis,M2U,EXC,CoOp,2,Arcade,160,2146,,Hard,,16.59
b20ffeef-20a3-47d6-95c1-9578f135d9fe,Odin,Gram,SUNNY,CoOp,2,Arcade,200,3000,,Hard,,16.59
907f270d-fe70-4adb-9422-9635b19fc9bf,Rising Star,M2U,SUNNY,CoOp,2,Arcade,140,2222,,Hard,,16.59
48164357-edbe-40ca-aa95-5a54ec1fff8a,The Devil,BanYa Production,BPM,CoOp,2,Arcade,130 ~ 130,1530,,Hard,,16.59
b1a202f5-8b6f-432d-99cd-3cd2956454ec,We Love Your Step,EmoCosine,refos,CoOp,2,Arcade,205,2751,,VeryEasy,,16.59
93320007-889c-41a8-872d-94ccca1f4a03,Yoropiku Pikuyoro !,Bakusute Sotokanda Icchome,SUNNY,CoOp,2,Arcade,198,2004,,Hard,,16.59
0840ec69-009a-475f-9c83-6fe5196b0194,Poseidon,Quree,AEVILUX,CoOp,2,Arcade,160,1800,,Medium,,16.39
d8f9336b-02c1-4fe4-8fee-5ed10ad57658,Phoenix Opening - SHORT CUT -,MAX,JUNARE,CoOp,2,ShortCut,174,2023,,Hard,,15.84
49e71c60-7fc7-43c4-9027-e1158bd29e2c,Cross Over feat. LyuU,HyuN feat. LyuU,BME,CoOp,2,Arcade,200,2300,,Medium,,14.97
e9f37c9e-87cb-4497-ac08-8c8adb6d1086,Crossing Delta,t+pazolite + Ginkiha + Hommarju,SPHAM,CoOp,2,Arcade,180,2000,,Medium,,14.97
60a8d02b-4817-47a1-a368-716f91ab747f,Elise,DM Ashura,HP,CoOp,2,Arcade,162,2028,,Medium,,14.97
97466c03-968f-4080-b392-dd03a6d3dd1a,Halloween Party ~Multiverse~,SHK,,CoOp,2,Arcade,160,1647,,Medium,,14.97
177b4e75-7c2a-4299-8867-6f6b90791738,Headless Chicken,r300k,AEVILUX,CoOp,2,Arcade,90.5,1600,,Medium,,14.97
179dfb00-4d47-4b46-93a7-79d973425889,Ignis Fatuus(DM Ashura Mix),BanYa & DM Ashura,ANDAMIRO,CoOp,2,Arcade,220,2568,,Medium,,14.97
bde0ae2d-f00a-4c3e-bda9-0014c0bc38ed,Le Nozze di Figaro ~Celebrazione Remix~,Unknown,SUNNY,CoOp,2,Arcade,172,2222,,Medium,,14.97
8898878e-8fc5-4b69-9737-d12f9e298218,Macaron Day,HyuN,AEVILUX,CoOp,2,Arcade,173,2000,,Medium,,14.97
7f22f3d3-c4ab-480c-a08e-29adb988a03a,Nyan-turne (feat. KuTiNA),Cashew & Castellia,SUNNY,CoOp,2,Arcade,202.1,2108,,Medium,,14.97
20371c59-c0c1-43b2-b6b4-61d0adec525d,Overblow,MAX,HP,CoOp,2,Arcade,155,1136,,Hard,,14.97
0c43f1c9-b26a-447a-9133-364269bfcf29,Red Snow,Cashew,BME,CoOp,2,Arcade,170,2528,,Medium,,14.97
ff6792fd-8af7-459f-85af-a60408fe00a8,Red Swan,Yahpp,EXC,CoOp,2,Arcade,172,3392,,Medium,,14.97
05f00403-b1d4-4623-b445-800415a6d2db,Reminiscence,MAX,NIMGO,CoOp,2,Arcade,155,2089,,Medium,,14.97
a76c05b6-6b8d-4031-91d0-739777e1cf07,Sugar Conspiracy Theory,MAX,EXC,CoOp,2,Arcade,170,2995,,Medium,,14.97
14247a94-1185-4d40-bc47-1e413ee4df0e,SWEET WONDERLAND,MAX feat. ankimo,CONRAD,CoOp,2,Arcade,170,2376,,Medium,,14.97
82bb4db1-a89b-48bd-9186-6ae10aa6e975,Switronic,SHK,CONRAD,CoOp,2,Arcade,120 ~ 120,2300,,Medium,,14.97
1a0ee10f-b65e-4737-a722-76533e8739ff,Tales of Pumpnia,Applesoda,CONRAD,CoOp,2,Arcade,200,3355,,Medium,,14.97
64ede87b-2f99-483d-9ad9-aeeff868c6df,VANISH,Applesoda,AEVILUX,CoOp,2,Arcade,174,2700,,Hard,,14.97
04e8e48b-7eb9-4079-9aff-df4a9d4a1143,Waltz of Doge,Cashew,CONRAD,CoOp,2,Arcade,250,1626,,Medium,,14.97
7312785c-5f52-4b47-8000-e05caab81e91,Windmill,Yak Won,WINDFORCE,CoOp,2,Arcade,246,2350,,Hard,,14.97
209c26c4-04a2-49b2-9bda-39b9f8dbc0c0,Dance with me,BanYa,SUNNY,CoOp,2,Arcade,122,2050,,Easy,,14.4
cd97483b-8c7b-430a-9d5d-c1b5fa47a56d,Sorceress Elise,YAHPP,,CoOp,2,Arcade,158,4636,,Medium,,14.4
8c370fc7-67ea-4d49-a18d-0232217fcf29,STAGER,Ras,CONRAD,CoOp,2,Arcade,146,1832,,Easy,,14.4
53ec5f4e-bda0-4b1d-bb2b-8adc933535b5,Turkey March,BanYa,MIURAARAN,CoOp,2,Arcade,150,1345,,Medium,,14.4
6870f84f-f981-4bc2-8b4e-66251618a866,Another Truth,Novasonic,SUNNY,CoOp,2,Arcade,136,616,,Easy,,14.1
d257f374-8f18-4883-8899-68fccec7471b,Beethoven Virus,BanYa,SUNNY,CoOp,2,Arcade,162,1700,,Easy,,14.1
9860c1e1-3d6b-427f-9d40-6f3e6e7b8d42,Csikos Post,BanYa,AEVILUX,CoOp,2,Arcade,180,1400,,Medium,,14.1
78da9a72-fb22-40f2-95bf-a1ee813998ec,Fly High,Dreamcatcher,SUNNY,CoOp,2,Arcade,154,1700,,Medium,,14.1
6a6f554c-ad84-4144-948c-acd57ef9eabf,Full Moon,Dreamcatcher,BME,CoOp,2,Arcade,190,1952,,Medium,,14.1
8afd3e97-1ac9-47a8-a04c-8fe1d8d0994e,Ice of Death,Fiverwater,CONRAD,CoOp,2,Arcade,172,2278,,Medium,,14.1
2193c69a-600d-4add-8d0f-dde170c65478,JANUS,MAX,CONRAD,CoOp,2,Arcade,174,4207,,Medium,,14.1
3c7878d6-c383-46f0-902b-1400b93af878,Kitty Cat,Coconut,SUNNY,CoOp,2,Arcade,128,1675,,Medium,,14.1
a2474465-3eee-4255-9089-0678da56a673,Ladybug,Coconut,SSMAX,CoOp,2,Arcade,133,2134,,Medium,,14.1
f0b650dc-4f71-41af-85f6-9715c86efbd4,Little Munchkin,Castellia,OSING,CoOp,2,Arcade,180,1538,,Medium,,14.1
a8607284-8ff8-4aaf-b189-7c260beb8b0d,Obelisque,ESTi x M2U,MINAMI,CoOp,2,Arcade,130,1966,,Medium,,14.1
176cb495-7f10-4046-ac71-c728537a2815,Papasito (feat.  KuTiNA),Yakikaze & Cashew feat. KuTiNA,AEVILUX,CoOp,2,Arcade,128,1638,,Medium,,14.1
1e0816bc-3c5e-430f-bbb4-15f8a3a2c71c,Pop The Track,J-Mi & Midi-D Ft. Hanna Stockzell,HP,CoOp,2,Arcade,160,2180,,Medium,,14.1
62378562-d56e-4dfb-a73d-c939e158ebb2,Pumptris 8Bit ver.,Yahpp,BPM,CoOp,2,Arcade,162,4091,,VeryEasy,,14.1
6a6c36d1-1859-4749-afd5-24b9d01f56db,Sugar Plum,Mr. Weq,SUNNY,CoOp,2,Arcade,170,1600,,Medium,,14.1
e7b81d3b-d00e-4067-b3e0-edd7f44eba1a,Twist of Fate (feat. Ruriling),Jehezukiel feat. Ruriling,AEVILUX,CoOp,2,Arcade,141,2401,,Medium,,14.1
23eefb5c-621f-4bb2-a1fb-6a9189702fb9,Winter,BanYa,SUNNY,CoOp,2,Arcade,168,1500,,Medium,,14.1
23658923-92d7-4fa5-beab-6a120c6ed8a8,YOU AND I,Dreamcatcher,SUNNY,CoOp,2,Arcade,194,2762,,Medium,,14.1
a93f4c00-c208-453e-ad8a-8dd270cd573c,Rage of Fire,MAX,OSING,CoOp,2,Arcade,155,1781,,Medium,,13.87
817e653f-ca5b-41e5-83b6-448ff5e2f14c,Violet Perfume,SHK,SUNNY,CoOp,2,Arcade,145,1156,,Easy,,13.87
70ef299c-7e09-4178-8994-a1d6b96e60bd,Adrenaline Blaster,QWertism & Quree & WyvernP,SUNNY,CoOp,2,Arcade,150,1248,,Easy,,13.84
fae3d979-f581-4bba-8df7-856e9d26fd2f,BRAIN POWER,NOMA,EXC,CoOp,2,Arcade,170 ~ 170,5000,,Medium,,13.84
e9f10d4f-a2ed-4d96-a335-49d773e3bd63,Rolling Christmas,BanYa,NIMGO,CoOp,2,Arcade,142,1023,,Easy,,13.84
bdd46c83-e1c5-4c2a-928a-d96f46997e11,Removable Disk0,Doin,LESEMO,CoOp,2,Arcade,130,1401,,Easy,,11.89
ed9bd8be-5f8c-42f8-940d-ea558565e4e3,Stardream (feat. Romelon),Cashew & Rorychesell (SID-SOUND),BME,CoOp,2,Arcade,160,1300,,Easy,,11.8
a9e7c738-e045-49ed-94d4-5210793f7b7d,Super Fantasy,SHK,EXC,CoOp,2,Arcade,145,1592,,Overrated,,11.8
7297feeb-1cfe-432b-8330-9cb83f5e3bcb,You again my love,CYO Style & Henohenomoheji,AEVILUX,CoOp,2,Arcade,137,1000,,Overrated,,11.53
a39e4e11-e474-4015-932e-860962d263f6,Doppelganger,MonstDeath,EXC,CoOp,2,Arcade,210,2222,,Overrated,,11.4
f5b275a8-1659-4245-9904-784696035a90,Like Me,SHK,EXC,CoOp,2,Arcade,155,1812,,Easy,,11.4
caa2a739-2a2e-4c47-aa1f-39d5c23b0b7d,Chimera,Yahpp,ANDAMIRO,CoOp,2,Arcade,210,2538,,Overrated,,10.88
8852b4ed-a31a-48fa-a998-adc46a6c85a0,Altale,sakuzyo,FEFEMZ,S,2,Arcade,90,145,Footswitches; Sustained; Twists,,Overrated,
9fd4d8ae-15e2-4616-a161-4981d5561fb9,Arch of Darkness,Yahpp,HP,S,2,Arcade,135.9,75,Jacks; Jumps; Sustained,,Overrated,
122ec632-a0fe-484a-a13c-6687b61084c9,BANG BANG,IVE (아이브),CONRAD,S,2,Arcade,152,96,Jacks; Sustained; Twists,,Overrated,
147c90bf-f3ca-469f-97e6-9933856f3048,Blaze Emotion,Yahpp,ANDAMIRO,S,2,Arcade,170,117,Bursty; Doublesteps; Jumps,,Overrated,
fd1bf16c-5222-479b-b3c7-5b3c741474db,Blaze emotion (Band version),Yahpp,ENVYtic,S,2,Arcade,170,155,Bursty; Jacks; Jumps,,Overrated,
b8799766-eaa3-4ca3-91dd-0dc3b684d7f2,Dance with me,BanYa,HP,S,2,Arcade,122,93,Doublesteps; Jumps; Sustained,,Overrated,
dfc9dc45-f94e-4cb3-a0f3-4ca765e05160,Dual Racing <RED vs BLUE>,Nato & r300k,CONRAD,CoOp,2,Arcade,165,,,,,
5ca4f478-e0bf-435b-a1d7-6223408c9fe6,Final Audition,BanYa,BPM,S,2,Arcade,130.5,95,Anchor Runs; Drills; Twists,,Overrated,
b391bf58-bd24-4bd1-b5bd-45a5fa89fd63,Final Audition 3,BanYa,HP,S,2,Arcade,130.5,94,Drills; Jumps; Sustained,,Overrated,
132415c3-a122-4824-b09c-f390766550a2,Full Moon,Dreamcatcher,NIMGO,S,2,Arcade,190,78,Bursty; Doublesteps; Jacks,,Overrated,
7e99d54e-e797-4a55-9335-5642b9076b59,Higgledy Piggledy,BanYa Production,ANDAMIRO,S,2,Arcade,150,83,Doublesteps; Jumps; Runs Without Twists,,Overrated,
60bf1af5-614b-40ed-a979-403206a278b9,HTTP,Quree,AEVILUX,S,2,Arcade,147,91,Bursty; Doublesteps; Jumps,,Overrated,
d04fe587-2efb-4ff7-8497-1ad10b5610c0,Idealized Romance,void,CONRAD,S,2,Arcade,140,104,Bursty; Jacks; Side-3 Singles,,Overrated,
a5f9f0d8-48bb-4d4e-a111-29258665b59f,Life is PIANO,Junk,CONRAD,S,2,Arcade,133,102,Drills; Runs; Runs Without Twists,,Overrated,
2abe5a7d-b5ea-43f3-8a97-65ab1f117a28,Obelisque,ESTi x M2U,MINAMI,S,2,Arcade,130,61,Bursty; Jacks; Runs Without Twists,,Overrated,
89424092-be4f-4f36-935b-e8eb8d30a0b2,Phantom,BanYa,HP,S,2,Arcade,140,72,Jumps; Runs Without Twists; Sustained,,Overrated,
cbbd1870-fb73-4e85-a3ed-221c35e968ac,Pop The Track,J-Mi & Midi-D Ft. Hanna Stockzell,ANDAMIRO,S,2,Arcade,160,169,Doublesteps; Jumps; Sustained,,Overrated,
e224a1a3-9bb3-4a56-8b1f-a5be81ec1e4b,Pumping Jumping,BanYa Production,ANDAMIRO,S,2,Arcade,116,90,Bursty; Jacks; Side-3 Singles,,Overrated,
f8ba4c12-d415-4ab7-937a-be45ab741ea2,Sarabande,MAX,EXC,S,2,Arcade,157,109,Bursty; Jacks; Runs Without Twists,,Overrated,
d3ef6f1b-1bc0-46c2-a830-08d0eb73bb7e,Set me up,BanYa,HP,S,2,Arcade,120,91,Jacks; Jumps; Sustained,,Overrated,
13f11f3a-a57c-44fc-a094-3da9f5e72498,Solitary,BanYa,HP,S,2,Arcade,136,95,Jumps; Sustained; Twists,,Overrated,
f848b2e0-0465-4672-a31e-9a48dd329606,Storm,KOYOTE,,S,2,Arcade,139,96,Jacks; Sustained; Twists,,Overrated,
d3c19bde-a638-4a0f-94c1-b91fd0c72d96,T.B.H,QWER,NIMGO,S,2,Arcade,178,88,Bursty; Runs; Runs Without Twists,,Overrated,
ed4dce8f-2899-4c9d-8771-8c92e6f63391,Tepris,Doin,BPM,S,2,Arcade,144.9,94,Anchor Runs; Sustained; Twists,,Overrated,
4ecf64a4-fafc-4eb8-90c4-8d1375b84e9d,The Stranger,ONF (온앤오프),CONRAD,S,2,Arcade,116,111,Runs; Runs Without Twists; Sustained,,Overrated,
630e8b36-1524-486c-ad46-02dc0116e624,Timing,HIGHTEEN,OSING,S,2,Arcade,164,85,Bursty; Runs; Runs Without Twists,,Overrated,
4445e323-a32f-49ef-93b2-b7e5985e5b76,Tropicanic,SHK,SUNNY,S,2,Arcade,145,91,Bursty; Jacks; Jumps,,Overrated,
d5bb4b18-876a-420c-9317-a1683945cb9e,U Got 2 Know,MAX,HP,S,2,Arcade,127,111,Runs; Runs Without Twists; Sustained,,Overrated,
6f593595-7477-448b-8ef2-657d155efd02,Will-O-The-Wisp,BanYa,HP,S,2,Arcade,210,65,Doublesteps; Jacks; Jumps,,Overrated,
8834ee38-eb59-4d7e-8980-043efd403e87,Witch Doctor #1,Yahpp,HP,S,2,Arcade,122,70,Jumps; Sustained; Twists,,Overrated,
52d5a53e-bdc8-4074-9cf8-5774d457e3d4,XTREE,Yahpp,BPM,S,2,Arcade,190,67,Anchor Runs; Bursty; Doublesteps,,Overrated,
9a107705-71ed-4c98-b7bc-954a92853ffe,BANG BANG,IVE (아이브),CONRAD,CoOp,2,Arcade,152,1802,,Overrated,,0
fd6f0420-ee0c-4615-91f4-aa4ea2cb9e1f,Campanella,Cashew,SUNNY,CoOp,2,Arcade,140,1010,,Overrated,,0
fa1c4725-4b2c-4d76-8737-6095e43aa36e,Christmas Memories,Warak,CONRAD,CoOp,2,Arcade,170,2060,,VeryEasy,,0
e45cc045-cc81-4936-b5c6-5c80dbadff88,Conflict,Siromaru + Cranky,EXC,CoOp,2,Arcade,160,2798,,Hard,,0
774d47ce-ee5f-4528-8365-a4af9f76df7b,Do the Dance,ILLIT (아일릿),CONRAD,CoOp,2,Arcade,130,2600,,Overrated,,0
852bb004-efb5-4750-90f7-36158c72c277,Emperor,BanYa,SUNNY,CoOp,2,Arcade,150,1654,,Medium,,0
bd0fc35b-9b22-4b6d-8a79-f62b6f0120e1,Goodbounce,EBIMAYO,SUNNY,CoOp,2,Arcade,180,1724,,Medium,,0
f63df608-c82e-4e6c-b276-3766e49ad092,Moment Day,MAX,NIMGO,CoOp,2,Arcade,155,1544,,Overrated,,0
3f4adb80-ed5e-460d-bd70-a02dd3967d6c,Oh! Rosa,BanYa,BME,CoOp,2,Arcade,148,1151,,Medium,,0
559e194d-049d-4e7d-a1c4-10fe94eaa80d,Solve My Hurt,Doin,SPHAM,CoOp,2,Arcade,234,1993,,VeryEasy,,0
48b5bac0-b4eb-4171-b72d-18ffc53b9e50,Timing,HIGHTEEN,SUNNY,CoOp,2,Arcade,164,1900,,Medium,,0
85db4afb-f0bf-4f83-bd21-55db4d4adcc9,Xuxa,Smiley,SANDSTORM,CoOp,2,Arcade,160,2828,,Overrated,,0
4c912868-c2ab-433a-8727-32adcbdec1fc,404 (New Era),KiiiKiii (키키),NIMGO,S,1,Arcade,127,61,Drills; Runs Without Twists; Sustained,,Overrated,
82a5b52c-051a-4aa6-a283-1a3d0cefbbe3,Airplane,TYPHOON,,S,1,Arcade,120,53,Jumps; Runs; Runs Without Twists,,Overrated,
72e2b181-b6c5-48c3-a285-bcc809d059ec,Amai Yuuwaku Dangerous,Bakusute Sotokanda Icchome,BANNIE,S,1,Arcade,125,63,Bursty; Doublesteps; Jacks,,Overrated,
1744b401-65f6-4d47-befd-fc80602a9a7e,Bad Apple!! feat. Nomico,Masayoshi Minoshima feat. Nomico,NIMGO,S,1,Arcade,138,65,Drills; Jacks; Jumps,,Overrated,
15d899ea-3cd9-4313-ac02-8bb70236342f,Betrayer,BanYa,HP,S,1,Arcade,92,59,Jacks; Jumps; Side-3 Singles,,Overrated,
80f3d5e2-6543-4a27-97b3-4d02eabd3463,CALL ME BACK,TNX,SUNNY,S,1,Arcade,128,54,Runs; Runs Without Twists; Twists,,Overrated,
a962781b-a466-4e55-982e-4abbcad19dbe,Do the Dance,ILLIT (아일릿),CONRAD,S,1,Arcade,130,51,Doublesteps; Runs; Twists,,Overrated,
1b57952a-de18-4d7f-be98-50512bfa93f2,Fly High,Dreamcatcher,BME,S,1,Arcade,154,64,Runs; Runs Without Twists; Sustained,,Overrated,
af105a8e-92be-417f-8f39-a543008fcd58,K.O.A : Alice In Wonderworld,BanYa Production,BPM,S,1,Arcade,156,77,Bursty; Jumps; Runs Without Twists,,Overrated,
a66ca95d-250e-44ca-8ff1-77bcc3240f2f,Kitty Cat,Coconut,HP,S,1,Arcade,128,47,Runs; Runs Without Twists; Twists,,Overrated,
81209751-59c1-4c5b-8655-d9295465c946,Ladybug,Coconut,HP,S,1,Arcade,133,49,Bursty; Jumps; Twists,,Overrated,
da09607f-8d1e-419a-b881-9fd46fb61ac7,Lala,Yassi Pressman,SUNNY,S,1,Arcade,126,57,Bursty; Doublesteps; Footswitches,,Overrated,
3a2beb86-f609-4b21-a261-f08ef3b00c5c,Mitotsudaira,ETIA.,NIMGO,S,1,Arcade,136,53,Doublesteps; Jumps; Sustained,,Overrated,
a49b28f1-1064-44df-9e15-a5f2d58578b3,Stardream (feat. Romelon),Cashew & Rorychesell (SID-SOUND),SUNNY,S,1,Arcade,160,63,Bursty; Jumps; Twists,,Overrated,
f7bf1d5b-828b-459b-aa67-b1bd7398d253,Sugar Conspiracy Theory,MAX,NIMGO,S,1,Arcade,170,76,Bursty; Jacks; Jumps,,Overrated,
7372d1cd-fa3f-46c4-b05d-8078dd4f7fff,We Got 2 Know,MAX,BPM,S,1,Arcade,128,50,Runs; Runs Without Twists; Twists,,Overrated,
1a55f7e3-9964-46e5-b72f-47a2f415b493,Yeo rae a,SID-Sound,EXC,S,1,Arcade,90,62,Runs; Runs Without Twists; Sustained,,Overrated,
87e89669-ea0a-4343-b4d2-1b9ce88a1d5f,You again my love,CYO Style & Henohenomoheji,AYAPPING,S,1,Arcade,137,53,Bursty; Jacks; Sustained,,Overrated,
27d5be96-9a04-43fe-8fbb-453df793af5d,YOU AND I,Dreamcatcher,EXC,S,1,Arcade,194,50,Runs; Sustained; Twists,,Overrated,
